date,US-AK,US-AL,US-AR,US-AZ,US-CA,US-CO,US-CT,US-DC,US-DE,US-FL,US-GA,US-HI,US-IA,US-ID,US-IL,US-IN,US-KS,US-KY,US-LA,US-MA,US-MD,US-ME,US-MI,US-MN,US-MO,US-MS,US-MT,US-NC,US-ND,US-NE,US-NH,US-NJ,US-NM,US-NV,US-NY,US-OH,US-OK,US-OR,US-PA,US-RI,US-SC,US-SD,US-TN,US-TX,US-UT,US-VA,US-VT,US-WA,US-WI,US-WV,US-WY,US,PR
2022-10-22,5.2407407407407405,250.42857142857142,74.81914893617021,68.36363636363636,227.64285714285714,53.608695652173914,36.094339622641506,2.8641975308641974,6.466666666666667,142.66666666666666,111.46153846153847,6.421052631578948,15.32258064516129,5.481481481481482,60.35616438356164,93.425,22.692307692307693,82.1923076923077,82.55,57.36,64.29347826086956,6.578125,76.6,39.95238095238095,71.34146341463415,40.46666666666667,2.888888888888889,218.27027027027026,3.763157894736842,11.338983050847459,13.585365853658537,98.85,14.86046511627907,16.506666666666668,110.375,107.25454545454545,21.37837837837838,21.296296296296298,135.83333333333334,8.703703703703704,202.5681818181818,8.703703703703704,147.40540540540542,509.5853658536585,9.444444444444445,177.873417721519,1.4736842105263157,53.333333333333336,29.611940298507463,33.42857142857143,3.4285714285714284,3806.0714285714284,69.56164383561644
2022-10-29,8.0,247.3815789473684,58.7,100.50980392156863,604.0263157894736,57.80373831775701,38.7,2.257142857142857,6.297872340425532,166.66666666666666,144.54285714285714,11.64864864864865,30.876712328767123,6.642857142857143,105.80851063829788,104.38709677419355,31.81081081081081,151.55737704918033,124.73451327433628,55.333333333333336,135.57142857142858,8.344086021505376,88.22641509433963,87.0,82.76470588235294,59.276315789473685,4.229508196721311,259.1521739130435,4.0,15.0,15.03061224489796,157.375,40.447916666666664,37.8,128.60416666666666,176.56756756756758,40.16216216216216,25.88235294117647,189.3235294117647,8.244897959183673,183.20833333333334,7.470588235294118,224.15384615384616,422.5238095238095,9.7,217.5,2.0,55.10526315789474,34.422680412371136,26.90909090909091,6.2727272727272725,5577.727272727273,62.588235294117645
2022-11-05,12.309090909090909,193.06896551724137,93.61764705882354,208.11764705882354,1193.7619047619048,81.58823529411765,72.88,4.475806451612903,9.21359223300971,226.71794871794873,163.52173913043478,13.025210084033613,52.791666666666664,17.391304347826086,299.3921568627451,182.18279569892474,41.241379310344826,202.84615384615384,137.79166666666666,55.093525179856115,167.18279569892474,9.909090909090908,102.58823529411765,174.77,131.08333333333334,67.85526315789474,5.214285714285714,321.6847826086956,5.909090909090909,25.431372549019606,15.262135922330097,222.28,42.47682119205298,58.09090909090909,234.59259259259258,248.73846153846154,88.27777777777777,68.08988764044943,196.2463768115942,7.230769230769231,179.27433628318585,11.76923076923077,228.5810810810811,621.0,10.125,240.8111111111111,3.0,87.53333333333333,49.54216867469879,67.79591836734694,5.838709677419355,7986.0625,52.559322033898304
2022-11-12,12.0,241.21052631578948,95.81481481481481,286.64102564102564,2237.7096774193546,106.17460317460318,138.6122448979592,2.6666666666666665,16.5,280.8421052631579,195.5,10.461538461538462,83.27586206896552,41.12244897959184,491.1666666666667,452.0,116.65591397849462,285.41052631578947,167.2941176470588,102.9493670886076,156.77777777777777,17.42241379310345,211.36170212765958,217.6315789473684,419.74,96.1891891891892,7.880597014925373,295.2040816326531,12.723076923076922,35.2,15.770833333333334,323.6904761904762,70.6923076923077,48.90983606557377,161.31578947368422,511.38461538461536,158.05714285714285,60.75,335.60674157303373,6.708333333333333,209.65060240963857,19.36842105263158,191.39506172839506,893.7368421052631,10.479166666666666,264.0568181818182,9.586206896551724,115.38805970149254,174.625,72.55555555555556,4.9523809523809526,14973.477272727272,61.0
2022-11-19,16.0,248.37142857142857,89.68181818181819,322.962962962963,2338.6052631578946,104.44827586206897,165.25,1.6875,28.192307692307693,445.9009900990099,222.3125,10.795918367346939,85.61290322580645,28.51145038167939,553.28,533.125,112.62068965517241,123.48936170212765,196.09677419354838,200.0,188.83333333333334,18.086206896551722,385.27272727272725,224.54901960784315,362.9848484848485,86.98571428571428,8.58,532.1904761904761,9.375,43.333333333333336,16.576923076923077,516.1774193548387,40.32876712328767,74.41538461538461,332.44444444444446,960.0,283.0989010989011,150.475,1046.625,7.8076923076923075,218.55072463768116,27.92105263157895,173.21428571428572,888.25,17.81578947368421,347.525,16.94736842105263,224.98979591836735,226.875,46.61363636363637,7.016949152542373,25330.5,78.73809523809524
2022-11-26,11.833333333333334,275.3333333333333,78.85106382978724,634.04,2168.7586206896553,104.95180722891567,175.69230769230768,39.17391304347826,24.60377358490566,612.4324324324324,266.45,10.066666666666666,100.25,33.432432432432435,902.0,838.6666666666666,142.36363636363637,130.94117647058823,176.41176470588235,415.0,239.0,34.333333333333336,542.0,244.6875,639.3333333333334,88.99152542372882,11.80232558139535,393.72,9.72463768115942,45.22222222222222,27.65934065934066,770.0,66.41573033707866,126.27868852459017,787.5333333333333,959.0,118.94736842105263,113.0,1153.0,6.951612903225806,169.16666666666666,13.25,144.5686274509804,1783.2380952380952,38.40449438202247,297.3069306930693,20.9,106.04347826086956,467.0,48.869565217391305,10.413793103448276,25566.4375,56.666666666666664
2022-12-03,18.09090909090909,144.0,97.0923076923077,577.7058823529412,1635.0,175.33333333333334,391.0,19.363636363636363,23.137931034482758,811.9464285714286,153.84782608695653,11.47787610619469,220.22222222222223,32.42307692307692,561.7619047619048,681.0,243.6,141.5,127.16666666666667,626.6,139.6,18.0,658.1875,234.92857142857142,759.0,101.98039215686275,8.733333333333333,304.7857142857143,17.479166666666668,64.81012658227849,29.307692307692307,567.3846153846154,65.1413043478261,45.714285714285715,1521.7142857142858,959.0,126.7948717948718,596.6666666666666,948.375,6.078125,137.5,18.725,140.33653846153845,1778.7272727272727,35.35897435897436,273.1621621621622,18.625,101.66906474820144,234.3,216.31578947368422,11.4,18390.923076923078,73.70370370370371
2022-12-10,22.285714285714285,134.16666666666666,99.08695652173913,566.3513513513514,1552.4166666666667,250.64705882352942,270.0,20.65,24.17391304347826,872.188679245283,143.66666666666666,15.804878048780488,99.44444444444444,39.36,500.5,578.5806451612904,187.0,193.30232558139534,117.17857142857143,659.0,73.0909090909091,16.918367346938776,906.0,204.7058823529412,565.4634146341464,92.57407407407408,7.245283018867925,226.55,18.77777777777778,63.278688524590166,38.873873873873876,466.8484848484849,151.0,98.89473684210526,782.7894736842105,802.0,119.26666666666667,500.0,759.0769230769231,10.87,127.6086956521739,33.68421052631579,123.78571428571429,1340.0,43.75903614457831,219.3235294117647,7.7272727272727275,164.0,459.0,74.58695652173913,12.166666666666666,8134.166666666667,95.28947368421052
2022-12-17,28.294117647058822,132.83333333333334,78.66666666666667,558.1428571428571,1264.6923076923076,79.46341463414635,252.6,23.529411764705884,25.476635514018692,1085.3333333333333,178.25,22.583333333333332,88.16666666666667,29.76923076923077,505.3225806451613,546.2121212121212,151.36,180.67142857142858,110.16666666666667,768.0,131.6551724137931,42.69387755102041,983.0,158.97297297297297,599.0967741935484,85.64646464646465,29.70967741935484,179.1904761904762,44.247191011235955,66.42168674698796,53.93103448275862,489.56,51.48148148148148,190.0,1214.8181818181818,630.1904761904761,115.85714285714286,389.8666666666667,926.0588235294117,7.421052631578948,116.640625,41.3421052631579,132.16666666666666,1208.9583333333333,45.40384615384615,210.6875,8.076923076923077,96.42666666666666,467.3333333333333,74.74242424242425,14.0,6841.291666666667,63.45454545454545
2022-12-24,29.846153846153847,111.01785714285714,72.69047619047619,309.55555555555554,597.8518518518518,96.55555555555556,181.92307692307693,19.369230769230768,29.16216216216216,1136.1785714285713,170.73684210526315,20.314606741573034,219.75,43.6,488.25,459.1372549019608,137.8235294117647,165.15189873417722,131.76,551.6666666666666,139.15384615384616,112.27272727272727,627.5555555555555,103.73563218390805,133.52941176470588,88.0,28.083333333333332,188.15384615384616,27.39344262295082,75.96,61.976190476190474,337.55263157894734,286.0,132.43589743589743,864.3,504.8,102.83333333333333,474.98850574712645,814.0,12.040816326530612,118.25,41.95454545454545,116.24418604651163,883.0,39.8125,190.65217391304347,13.377358490566039,148.0188679245283,320.1111111111111,64.16326530612245,12.6,12256.146341463415,57.22222222222222
2022-12-31,22.113636363636363,107.17777777777778,47.35294117647059,174.9090909090909,451.23333333333335,77.95238095238095,88.05,15.26923076923077,26.058823529411764,809.0,159.22222222222223,20.166666666666668,219.0,33.7027027027027,134.28,412.8333333333333,81.84615384615384,149.08139534883722,118.38095238095238,349.0,115.71428571428571,48.5,313.6969696969697,92.5,100.03703703703704,79.88571428571429,34.666666666666664,148.77777777777777,47.03846153846154,68.94545454545455,40.45454545454545,126.06666666666666,47.0,68.38095238095238,593.2,194.0,136.9,390.1090909090909,455.0,20.27027027027027,109.3529411764706,29.96842105263158,79.48,658.2,26.91304347826087,141.84,16.904761904761905,137.26666666666668,190.6,48.0,12.318181818181818,9227.235294117647,58.93333333333333
2023-01-07,20.822222222222223,86.43589743589743,56.297872340425535,158.76271186440678,430.0810810810811,76.81372549019608,71.16535433070867,13.373493975903614,18.24390243902439,788.9090909090909,136.89719626168224,18.859649122807017,72.51401869158879,32.32142857142857,113.12307692307692,139.8181818181818,61.592592592592595,133.12,85.07142857142857,255.0,100.92857142857143,37.08,270.62264150943395,71.47619047619048,92.82352941176471,67.63934426229508,38.88235294117647,136.58333333333334,28.0,60.717948717948715,41.16216216216216,108.625,43.24242424242424,55.0,392.7391304347826,111.25,118.96774193548387,54.476190476190474,361.25,19.166666666666668,90.53191489361703,26.5,96.93442622950819,566.8,21.428571428571427,110.55555555555556,13.7,122.11578947368422,124.72222222222223,34.28,12.6,6736.723404255319,65.0
2023-01-14,20.333333333333332,79.70833333333333,66.09615384615384,136.6,326.25,68.19148936170212,66.25,11.647619047619047,17.25,431.42857142857144,148.5,19.016666666666666,45.0,32.76923076923077,113.17164179104478,118.29032258064517,48.57142857142857,102.28,74.4888888888889,113.71794871794872,77.88888888888889,25.152173913043477,228.41860465116278,55.642857142857146,88.66666666666667,75.82432432432432,15.170212765957446,114.51428571428572,28.0,48.90909090909091,26.742857142857144,122.79310344827586,42.70909090909091,34.656565656565654,328.56410256410254,107.65,98.37037037037037,40.05,265.5769230769231,15.81159420289855,77.75,25.807692307692307,79.87179487179488,486.6666666666667,13.58974358974359,111.875,9.306451612903226,105.48571428571428,80.75,51.26829268292683,12.813953488372093,6500.136363636364,57.725
2023-01-21,15.916666666666666,72.08571428571429,51.59183673469388,139.08620689655172,289.25,52.865671641791046,44.421052631578945,9.916666666666666,22.181818181818183,259.3125,175.52631578947367,22.939393939393938,85.01010101010101,21.772727272727273,108.94444444444444,168.0888888888889,43.25,78.09677419354838,67.19148936170212,106.33333333333333,69.31428571428572,24.733333333333334,142.95833333333334,58.361111111111114,82.0,70.47619047619048,20.9,99.17142857142858,15.264705882352942,33.45,20.94736842105263,91.94117647058823,34.44117647058823,40.94736842105263,315.8333333333333,103.73333333333333,92.8157894736842,44.375,202.39285714285714,15.052631578947368,66.5,24.645569620253166,67.19047619047619,424.1,13.375,98.81818181818181,8.846153846153847,97.38571428571429,63.36363636363637,61.46086956521739,11.216666666666667,5442.48,61.032786885245905
2023-01-28,11.34,58.03333333333333,65.98795180722891,131.2,323.0,64.12658227848101,53.92,8.3,11.666666666666666,237.23333333333332,155.66666666666666,20.133333333333333,35.464285714285715,24.5,113.68,98.59375,41.225,88.5072463768116,68.16,109.40178571428571,63.142857142857146,21.485714285714284,153.4561403508772,54.416666666666664,82.46153846153847,61.67857142857143,12.0,93.27272727272727,13.5,25.42222222222222,20.823529411764707,89.14814814814815,32.32,35.21978021978022,293.89285714285717,87.41121495327103,85.59574468085107,45.592592592592595,170.16666666666666,11.592592592592593,79.6,19.36842105263158,68.83333333333333,430.8333333333333,17.02127659574468,102.1980198019802,6.293478260869565,108.70754716981132,82.85,128.6153846153846,9.5,3942.2391304347825,67.69444444444444
2023-02-04,13.472222222222221,69.37209302325581,52.72727272727273,124.96774193548387,276.1276595744681,46.0,44.083333333333336,7.892857142857143,15.52482269503546,204.1904761904762,129.80769230769232,15.94915254237288,34.19512195121951,27.11904761904762,108.56589147286822,94.59615384615384,37.41304347826087,93.13157894736842,64.52941176470588,101.84210526315789,55.425,21.367469879518072,136.0,74.15384615384616,85.53333333333333,47.833333333333336,16.285714285714285,96.78125,11.627906976744185,22.76595744680851,20.085714285714285,118.47058823529412,32.76923076923077,32.02272727272727,286.51851851851853,91.96666666666667,100.68085106382979,46.953125,228.11111111111111,11.282051282051283,76.61111111111111,17.533333333333335,77.0,382.0,13.384615384615385,101.0909090909091,5.5,103.55284552845528,55.81818181818182,33.166666666666664,9.18918918918919,3613.6666666666665,59.0
2023-02-11,8.06,71.29629629629629,52.6140350877193,120.05,247.94285714285715,38.104166666666664,35.84615384615385,6.019230769230769,7.333333333333333,201.0,126.37837837837837,12.843137254901961,32.492063492063494,24.363636363636363,96.05882352941177,110.53846153846153,40.107142857142854,70.76744186046511,62.44444444444444,78.0,56.293103448275865,14.247787610619469,130.6086956521739,104.28571428571429,68.75757575757575,39.42857142857143,17.916666666666668,73.6875,10.859375,21.010416666666668,15.961538461538462,108.0,32.70103092783505,31.161290322580644,305.4,96.03703703703704,92.62264150943396,45.78947368421053,190.92307692307693,9.166666666666666,55.0,15.32,51.86666666666667,417.8181818181818,11.954545454545455,75.07142857142857,5.5,81.83908045977012,50.758620689655174,29.93548387096774,9.98360655737705,3176.3571428571427,46.91489361702128
2023-02-18,5.9411764705882355,61.94736842105263,55.325842696629216,104.0,237.59649122807016,36.15,30.626666666666665,4.875,7.090909090909091,174.25,84.5909090909091,8.416666666666666,32.229166666666664,26.06451612903226,85.71428571428571,124.3030303030303,87.61111111111111,38.40384615384615,62.714285714285715,80.35714285714286,39.696969696969695,14.195804195804195,107.52,39.392857142857146,67.1774193548387,43.142857142857146,17.5,61.72,10.627906976744185,22.12280701754386,17.6875,72.56756756756756,30.8,28.217391304347824,192.07575757575756,113.01960784313725,94.63888888888889,33.9,161.7710843373494,6.876404494382022,40.473684210526315,16.17142857142857,68.16666666666667,395.3448275862069,12.675675675675675,66.24657534246575,4.910256410256411,75.03921568627452,44.17857142857143,25.68,8.379310344827585,2411.3414634146343,47.92307692307692
2023-02-25,6.06,39.25,58.68571428571428,116.2,218.1851851851852,29.205128205128204,32.46875,3.7142857142857144,8.892857142857142,193.0,72.7741935483871,9.127659574468085,35.45161290322581,20.47222222222222,88.46842105263158,111.48275862068965,30.18,33.65909090909091,37.77777777777778,67.128,29.170731707317074,10.463636363636363,95.16363636363636,24.60655737704918,60.44,37.08,11.0,63.125,12.242424242424242,20.47222222222222,20.045454545454547,54.094339622641506,28.45205479452055,23.974358974358974,161.42857142857142,97.18181818181819,94.48275862068965,20.366666666666667,110.90322580645162,6.5285714285714285,41.2,16.8,92.8476821192053,384.1764705882353,12.175,79.85526315789474,6.168421052631579,69.46,42.69565217391305,22.625,9.942028985507246,2055.7608695652175,35.2
2023-03-04,7.116666666666666,45.44117647058823,51.71052631578947,137.46268656716418,247.77941176470588,30.47222222222222,31.238095238095237,3.8636363636363638,11.566037735849056,228.50943396226415,76.03448275862068,8.64,34.0,13.145833333333334,81.44444444444444,98.72727272727273,31.833333333333332,30.571428571428573,31.953488372093023,40.92929292929293,28.46153846153846,10.016,85.33333333333333,19.88372093023256,64.46153846153847,33.588235294117645,6.625,62.5,12.755102040816327,18.183908045977013,22.413793103448278,50.411764705882355,25.93243243243243,26.304347826086957,144.74137931034483,81.59574468085107,90.61904761904762,22.0,99.71621621621621,7.681818181818182,39.59090909090909,15.576923076923077,81.42307692307692,302.3529411764706,9.666666666666666,74.94117647058823,5.535211267605634,57.48979591836735,39.93333333333333,21.0,11.673469387755102,2026.972972972973,37.63414634146341
2023-03-11,9.181818181818182,53.23809523809524,43.73255813953488,132.08823529411765,250.62295081967213,30.523809523809526,30.470588235294116,3.727272727272727,10.258823529411766,198.5,60.2972972972973,6.325581395348837,31.483870967741936,10.268292682926829,111.4609375,63.142857142857146,31.72340425531915,38.979166666666664,46.45454545454545,69.05035971223022,24.92207792207792,12.596491228070175,77.8955223880597,23.571428571428573,68.88059701492537,29.307692307692307,6.545454545454546,54.30555555555556,10.023809523809524,15.733333333333333,26.43243243243243,55.703125,25.38144329896907,30.24,120.1864406779661,88.97802197802197,93.27118644067797,19.571428571428573,107.9,4.830508474576271,41.42028985507246,20.363636363636363,48.25,274.5,11.280701754385966,71.46153846153847,5.85,54.15384615384615,42.25,22.4,12.088888888888889,2217.0263157894738,34.12903225806452
2023-03-18,8.735294117647058,35.08163265306123,43.76712328767123,120.91666666666667,241.1492537313433,41.964285714285715,28.88888888888889,4.7,9.603960396039604,228.92307692307693,51.26829268292683,6.757575757575758,20.50574712643678,10.961538461538462,100.5677966101695,62.389830508474574,31.419354838709676,49.333333333333336,29.71794871794872,68.24489795918367,23.310344827586206,11.074380165289256,74.27118644067797,23.313725490196077,67.26666666666667,34.43478260869565,5.5675675675675675,51.220338983050844,8.851063829787234,17.77027027027027,23.542857142857144,47.339622641509436,23.580246913580247,22.4,123.25,84.83870967741936,90.3695652173913,20.5609756097561,101.41333333333333,4.333333333333333,41.4,19.982758620689655,61.5,332.04545454545456,11.53191489361702,63.217948717948715,4.8,53.0919540229885,39.30088495575221,19.523255813953487,9.78,2444.0185185185187,41.29545454545455
2023-03-25,9.814814814814815,27.069767441860463,130.92105263157896,123.72727272727273,306.4634146341463,30.76923076923077,25.27659574468085,3.888888888888889,8.930555555555555,204.6888888888889,44.13953488372093,7.925,14.915492957746478,17.333333333333332,80.85714285714286,49.25,30.28125,40.25,26.785714285714285,79.96875,24.152542372881356,11.261682242990654,58.45283018867924,20.8,87.43076923076923,43.74193548387097,5.575,48.65909090909091,7.7,15.894736842105264,18.78082191780822,50.25757575757576,23.817204301075268,38.45348837209303,112.04878048780488,71.60810810810811,88.73469387755102,18.72222222222222,97.183908045977,4.694444444444445,27.264705882352942,12.771428571428572,53.94871794871795,287.2142857142857,11.705882352941176,50.90909090909091,5.2560975609756095,54.288288288288285,40.96551724137931,17.75,7.972972972972973,2466.6,33.96153846153846
2023-04-01,11.833333333333334,25.928571428571427,39.39393939393939,86.61538461538461,288.57142857142856,30.31111111111111,26.759036144578314,4.384615384615385,8.58974358974359,187.78571428571428,41.875,7.86,12.52,14.891891891891891,93.58064516129032,44.78947368421053,22.642857142857142,32.588235294117645,22.0,63.18382352941177,21.77777777777778,10.164179104477611,54.18518518518518,24.47826086956522,69.69090909090909,68.6969696969697,5.729166666666667,46.214285714285715,7.125,15.486486486486486,16.444444444444443,55.440677966101696,23.24264705882353,77.0,102.90625,71.975,56.38235294117647,20.576923076923077,94.5925925925926,3.909090909090909,24.0,7.0,49.271186440677965,207.7,12.915254237288135,45.5531914893617,5.816091954022989,48.03030303030303,38.0,17.57894736842105,7.0,2475.296875,32.822784810126585
2023-04-08,11.689655172413794,28.5625,26.035714285714285,87.125,304.35714285714283,28.426666666666666,28.486486486486488,4.12,8.753086419753087,190.68421052631578,42.078947368421055,5.853658536585366,11.74025974025974,8.0,96.03225806451613,43.951219512195124,18.522727272727273,28.116666666666667,20.869565217391305,68.63953488372093,22.18421052631579,12.821138211382113,60.53225806451613,23.071428571428573,57.111111111111114,49.666666666666664,5.625,38.285714285714285,6.069767441860465,16.394736842105264,17.09090909090909,53.1875,25.674157303370787,15.491228070175438,109.43396226415095,66.0,50.86538461538461,20.153846153846153,93.13333333333334,3.9166666666666665,22.56,8.615384615384615,45.68181818181818,188.84375,20.435897435897434,48.301886792452834,5.3076923076923075,51.13793103448276,35.44565217391305,17.5,7.340425531914893,3666.9523809523807,35.904761904761905
2023-04-15,12.317073170731707,24.09090909090909,25.295081967213115,89.13793103448276,255.2111111111111,28.392857142857142,25.819277108433734,3.4,8.296703296703297,176.66666666666666,41.42857142857143,6.1020408163265305,10.837837837837839,10.137931034482758,69.54166666666667,39.80555555555556,18.54,35.98076923076923,21.725,56.7047619047619,23.875,12.707317073170731,59.642857142857146,25.90740740740741,53.55,38.77777777777778,3.075,37.645161290322584,5.914285714285715,14.435897435897436,15.333333333333334,50.6,22.044444444444444,16.428571428571427,105.05357142857143,71.34146341463415,44.813559322033896,18.38095238095238,100.95714285714286,3.7450980392156863,21.444444444444443,11.545454545454545,43.333333333333336,167.9433962264151,9.413793103448276,45.75471698113208,6.670329670329671,50.19277108433735,32.628571428571426,32.67256637168141,7.205882352941177,3008.0384615384614,40.325581395348834
2023-04-22,15.8,23.425,24.857142857142858,79.13333333333334,200.81730769230768,26.285714285714285,26.941176470588236,3.3230769230769233,7.64,183.56410256410257,41.77906976744186,4.714285714285714,13.05,7.076923076923077,67.54285714285714,40.35,16.20754716981132,36.68421052631579,20.741935483870968,61.04123711340206,19.161290322580644,8.628205128205128,59.43564356435643,19.0,51.1044776119403,31.30666666666667,5.586956521739131,40.2,5.3896103896103895,13.285714285714286,15.956521739130435,49.0,20.044444444444444,21.06451612903226,108.94444444444444,64.57333333333334,40.36363636363637,19.448979591836736,96.13793103448276,5.375,21.71794871794872,15.5,33.8,155.91525423728814,10.02,45.98275862068966,4.0,50.53125,34.84158415841584,27.75,5.555555555555555,2346.6071428571427,46.10294117647059
2023-04-29,10.1,25.083333333333332,27.074074074074073,66.2156862745098,200.4406779661017,29.057471264367816,26.788732394366196,3.0,8.495652173913044,169.49367088607596,44.71111111111111,6.848101265822785,10.878048780487806,9.75,65.66666666666667,43.916666666666664,15.03225806451613,38.291666666666664,21.05128205128205,58.0703125,21.045454545454547,10.306818181818182,70.33333333333333,19.724137931034484,47.56028368794326,37.25,4.551724137931035,37.02777777777778,5.848484848484849,13.672131147540984,16.91869918699187,50.12307692307692,22.402985074626866,20.11392405063291,114.18518518518519,65.44155844155844,33.282051282051285,16.25581395348837,88.8974358974359,3.75,20.428571428571427,10.263157894736842,47.0,145.03846153846155,11.605633802816902,44.53333333333333,3.8461538461538463,55.17045454545455,33.7032967032967,29.081818181818182,4.576271186440678,2401.4375,70.92307692307692
2023-05-06,7.8125,22.73170731707317,24.5,63.333333333333336,153.9516129032258,28.486486486486488,25.754716981132077,3.0714285714285716,4.875,164.15853658536585,42.878787878787875,5.864406779661017,10.4,8.048780487804878,67.56701030927834,38.27049180327869,15.428571428571429,36.04761904761905,18.2,55.6,22.7,10.974025974025974,66.27058823529411,18.857142857142858,36.92391304347826,34.138888888888886,4.9375,38.266666666666666,5.882352941176471,13.567164179104477,17.175925925925927,52.0,26.26086956521739,20.840579710144926,101.33333333333333,62.827586206896555,19.272727272727273,16.473684210526315,98.296875,4.589041095890411,19.655172413793103,9.31578947368421,39.19753086419753,129.85,15.648351648351648,46.10204081632653,3.9285714285714284,50.404761904761905,33.23728813559322,26.072992700729927,4.358208955223881,2344.8928571428573,69.18367346938776
2023-05-13,7.638888888888889,24.333333333333332,26.633333333333333,66.4375,175.3148148148148,28.142857142857142,19.962025316455698,2.75,5.878787878787879,159.05504587155963,45.77777777777778,5.080645161290323,11.203125,9.513513513513514,64.72307692307692,32.166666666666664,12.692307692307692,34.529411764705884,20.413793103448278,42.351351351351354,19.9375,10.607407407407408,73.57142857142857,21.672131147540984,37.95348837209303,33.23529411764706,4.153846153846154,35.205128205128204,5.264705882352941,12.231884057971014,16.392857142857142,42.14545454545455,22.415384615384614,21.486842105263158,99.54347826086956,64.05405405405405,49.8,16.92105263157895,82.5,4.53125,20.77777777777778,7.555555555555555,39.73255813953488,179.26530612244898,12.333333333333334,41.3,3.607594936708861,52.175257731958766,30.825,27.775510204081634,5.285714285714286,2269.0833333333335,67.17333333333333
2023-05-20,6.846153846153846,27.57894736842105,24.767123287671232,63.73076923076923,177.25806451612902,27.065573770491802,20.03125,3.245614035087719,7.608695652173913,163.7846153846154,41.61538461538461,5.3088235294117645,10.921052631578947,7.138888888888889,65.03448275862068,30.433962264150942,13.147058823529411,31.9,23.35,42.23809523809524,20.833333333333332,10.506666666666666,66.15584415584415,18.642857142857142,38.1578947368421,45.375,4.666666666666667,34.354838709677416,5.666666666666667,11.795918367346939,16.147727272727273,40.75925925925926,26.866666666666667,18.25,92.85416666666667,60.642857142857146,49.55102040816327,17.869565217391305,69.54545454545455,4.0,21.818181818181817,5.7894736842105265,42.81481481481482,152.85106382978722,16.892156862745097,45.80487804878049,3.723684210526316,52.495652173913044,30.877777777777776,27.46,3.75,2303.3333333333335,66.9390243902439
2023-05-27,6.576923076923077,30.5625,22.8125,67.0,161.92857142857142,27.9873417721519,19.56451612903226,2.727272727272727,11.068627450980392,163.71428571428572,41.088235294117645,5.4,13.12280701754386,6.75,56.865671641791046,30.108695652173914,12.864864864864865,29.123076923076923,22.5,43.92079207920792,16.816901408450704,7.18,72.88311688311688,19.208333333333332,33.785714285714285,33.5,4.531914893617022,34.25,3.558139534883721,11.186046511627907,14.448979591836734,42.03125,25.564356435643564,18.34426229508197,99.54716981132076,50.270833333333336,57.86486486486486,14.647058823529411,59.11864406779661,4.3076923076923075,21.22222222222222,4.676470588235294,71.4,147.44444444444446,10.0,45.49438202247191,3.807017543859649,49.9009009009009,25.9,24.506666666666668,3.4,1641.6857142857143,64.75294117647059
2023-06-03,7.758620689655173,27.0,27.178571428571427,52.53061224489796,159.0,27.774193548387096,21.607142857142858,2.8823529411764706,7.936507936507937,161.85135135135135,42.689655172413794,4.253968253968254,10.0,8.142857142857142,49.14,29.571428571428573,14.622222222222222,30.13157894736842,24.583333333333332,42.73809523809524,18.314814814814813,9.701086956521738,66.26470588235294,19.40983606557377,38.588235294117645,40.5,4.47887323943662,32.5625,3.6216216216216215,10.057692307692308,14.268292682926829,44.943661971830984,22.905263157894737,19.566666666666666,104.0625,45.96363636363636,42.58108108108108,16.84375,56.65,4.571428571428571,22.454545454545453,5.166666666666667,43.857142857142854,148.625,10.3875,43.81132075471698,4.056338028169014,47.73076923076923,25.59722222222222,19.0,4.6875,2425.3,72.95604395604396
2023-06-10,8.4375,27.92,26.26086956521739,50.29090909090909,174.640625,27.623655913978496,14.64516129032258,2.9148936170212765,6.725,166.04901960784315,45.925925925925924,4.840579710144928,11.92,6.512820512820513,43.55555555555556,34.18181818181818,13.89655172413793,33.80701754385965,24.12280701754386,43.39393939393939,18.757575757575758,7.6923076923076925,66.63636363636364,21.54,37.12244897959184,33.54545454545455,4.148936170212766,34.589285714285715,3.4047619047619047,9.0,13.715328467153284,44.63636363636363,28.04901960784314,16.71875,100.54166666666667,46.45569620253165,44.21739130434783,16.1,63.20952380952381,6.440677966101695,21.22222222222222,5.96969696969697,35.642857142857146,145.45714285714286,14.397590361445783,51.04615384615385,3.6666666666666665,42.425,25.05263157894737,22.95049504950495,3.980392156862745,2061.904761904762,64.328125
2023-06-17,7.214285714285714,27.16,26.636363636363637,49.46938775510204,145.39583333333334,29.485714285714284,16.25974025974026,3.1,8.706896551724139,172.26666666666668,44.26086956521739,4.432835820895522,10.222222222222221,5.872340425531915,51.86153846153846,30.318181818181817,14.379310344827585,36.166666666666664,23.444444444444443,46.55,20.56896551724138,8.052631578947368,66.36,18.16393442622951,42.270270270270274,47.29545454545455,4.0,34.34285714285714,3.1153846153846154,7.111111111111111,14.088888888888889,46.459016393442624,25.85542168674699,19.816326530612244,101.47169811320755,47.292682926829265,41.523809523809526,19.37037037037037,61.96923076923077,6.775,20.5,5.0,35.87012987012987,136.1315789473684,14.065573770491802,53.40384615384615,3.9722222222222223,47.08860759493671,27.25,28.134615384615383,3.0961538461538463,2568.695652173913,65.2
2023-06-24,6.894736842105263,27.8,29.0,76.0,152.66666666666666,25.53676470588235,15.169014084507042,3.018181818181818,7.408163265306122,177.8181818181818,44.25,5.369565217391305,10.932432432432432,5.741935483870968,49.42857142857143,33.833333333333336,17.06382978723404,35.34782608695652,23.11111111111111,25.546875,22.265625,4.983333333333333,70.59677419354838,20.456521739130434,37.229166666666664,37.71666666666667,2.5625,37.214285714285715,3.1578947368421053,6.585365853658536,15.340425531914894,43.42307692307692,24.901408450704224,19.144927536231883,98.51923076923077,46.553030303030305,30.06451612903226,19.425,64.0,8.472727272727273,20.223880597014926,4.8125,31.29090909090909,124.4,12.159420289855072,56.94230769230769,3.4078947368421053,44.84873949579832,26.984375,22.616071428571427,2.912280701754386,3090.972972972973,65.37974683544304
2023-07-01,7.9,25.81081081081081,26.875,54.35,165.59259259259258,27.31764705882353,16.029411764705884,3.347826086956522,6.964285714285714,179.45454545454547,44.78048780487805,4.44,10.507462686567164,6.45,49.75757575757576,27.413793103448278,18.046511627906977,38.75,21.942307692307693,36.4367816091954,17.264705882352942,8.229885057471265,62.3125,19.875,36.509433962264154,29.7027027027027,4.4,36.03333333333333,4.342105263157895,6.482758620689655,13.58695652173913,44.023809523809526,22.902439024390244,15.847222222222221,101.22727272727273,44.892857142857146,22.791666666666668,16.511627906976745,61.90625,7.149425287356322,20.516129032258064,5.195652173913044,29.195121951219512,127.42105263157895,10.825396825396826,64.28169014084507,3.9285714285714284,39.793103448275865,27.916666666666668,13.934782608695652,3.707317073170732,2410.9074074074074,57.107142857142854
2023-07-08,7.487804878048781,26.954545454545453,27.933333333333334,66.34210526315789,178.9322033898305,23.71698113207547,13.392156862745098,2.5,8.5,173.73033707865167,51.916666666666664,8.298850574712644,11.153846153846153,7.0576923076923075,36.916666666666664,31.64516129032258,17.35483870967742,40.27777777777778,21.864864864864863,30.68918918918919,19.181818181818183,8.563218390804598,58.52542372881356,19.42222222222222,35.18421052631579,29.61111111111111,4.475409836065574,36.14705882352941,3.4761904761904763,6.723404255319149,13.416666666666666,47.01587301587302,20.16842105263158,22.379310344827587,99.50943396226415,43.303030303030305,17.272727272727273,15.058823529411764,58.94117647058823,6.961904761904762,21.3125,5.942857142857143,30.612244897959183,128.6153846153846,9.220338983050848,72.0945945945946,3.5,57.15,23.428571428571427,13.0,3.9782608695652173,2519.8804347826085,67.375
2023-07-15,6.45,25.7,27.344827586206897,54.39705882352941,160.96610169491527,24.5,13.172413793103448,2.5301204819277108,6.318181818181818,165.94,54.90384615384615,7.534653465346534,10.416666666666666,7.5,39.8375,31.357142857142858,18.6,39.86363636363637,21.75,38.54081632653061,18.09090909090909,7.7923497267759565,55.5,19.967741935483872,38.375,29.311475409836067,4.0,37.83783783783784,3.4857142857142858,6.26,14.32394366197183,41.79661016949152,23.020408163265305,21.296703296703296,93.45454545454545,41.833333333333336,34.57142857142857,9.971428571428572,48.888888888888886,13.51063829787234,23.205128205128204,8.4,21.835443037974684,139.7826086956522,10.216216216216216,73.17391304347827,3.090909090909091,54.7906976744186,28.075757575757574,10.0,4.253968253968254,2336.911111111111,62.75247524752475
2023-07-22,6.233333333333333,25.25,27.74074074074074,73.0,158.76119402985074,25.261904761904763,13.26086956521739,2.582089552238806,6.138888888888889,186.25,50.67307692307692,10.095238095238095,10.944444444444445,7.333333333333333,45.06060606060606,35.416666666666664,12.76923076923077,35.18518518518518,24.125,34.035714285714285,19.491525423728813,11.095652173913043,57.0,22.0,37.76190476190476,27.77777777777778,3.8,34.86666666666667,4.589285714285714,6.193548387096774,13.594594594594595,43.96969696969697,23.85542168674699,21.89830508474576,102.05454545454545,49.61333333333334,33.94,10.866666666666667,48.205128205128204,8.656716417910447,19.34375,13.0,32.42465753424658,137.9375,10.257575757575758,80.5,2.761904761904762,58.561797752808985,29.01010101010101,12.014705882352942,4.6875,2440.323529411765,49.15384615384615
2023-07-29,6.605263157894737,25.76923076923077,27.231884057971016,76.16666666666667,179.47540983606558,26.617283950617285,15.893939393939394,2.7209302325581395,7.228571428571429,164.84615384615384,53.07843137254902,8.97872340425532,9.6875,8.257142857142858,43.757894736842104,31.254901960784313,9.636363636363637,32.705882352941174,25.11764705882353,37.164556962025316,20.854545454545455,10.08421052631579,59.583333333333336,27.13888888888889,31.603448275862068,27.636363636363637,3.59375,38.19047619047619,3.1176470588235294,6.0,14.025641025641026,43.62820512820513,20.333333333333332,22.649350649350648,107.8695652173913,56.358024691358025,30.314814814814813,11.620689655172415,51.75438596491228,8.529411764705882,18.939393939393938,13.589285714285714,28.523809523809526,129.13888888888889,9.566037735849056,78.20353982300885,3.35,62.211009174311926,30.23611111111111,20.227272727272727,5.083333333333333,2296.268292682927,50.05154639175258
2023-08-05,6.837209302325581,24.833333333333332,29.51851851851852,68.33333333333333,184.13725490196077,26.029411764705884,15.746031746031745,2.6470588235294117,5.35,162.26923076923077,53.5609756097561,9.428571428571429,9.608695652173912,7.15625,52.23880597014925,34.917808219178085,9.777777777777779,35.98936170212766,23.17391304347826,30.06140350877193,26.81081081081081,12.0703125,55.059701492537314,28.533333333333335,38.333333333333336,32.955882352941174,3.9523809523809526,38.1764705882353,4.294117647058823,6.615384615384615,15.1,45.131147540983605,19.676470588235293,27.63736263736264,103.13333333333334,61.44155844155844,30.0,9.823529411764707,56.27272727272727,7.75,20.233333333333334,14.070175438596491,42.55,131.1,8.76056338028169,77.15384615384616,3.2222222222222223,62.25806451612903,30.768115942028984,27.45045045045045,5.75,2571.3469387755104,38.27927927927928
2023-08-12,6.078947368421052,25.526315789473685,28.8,69.20270270270271,193.12280701754386,26.9,16.50943396226415,2.185185185185185,3.372093023255814,165.26666666666668,55.375,9.466666666666667,8.761904761904763,6.933333333333334,39.85964912280702,34.54545454545455,14.11111111111111,34.925925925925924,21.12,33.392857142857146,30.75,7.9135135135135135,58.5,28.05,38.54838709677419,32.888888888888886,4.170731707317073,47.41509433962264,4.261904761904762,6.088888888888889,13.375,45.41379310344828,22.098591549295776,32.90384615384615,95.8955223880597,71.55072463768116,25.346153846153847,10.0,51.06122448979592,5.870967741935484,22.5,13.833333333333334,33.87692307692308,169.25,8.909090909090908,76.45833333333333,1.4,57.0,31.833333333333332,24.974193548387095,4.82,2620.125,25.616666666666667
2023-08-19,5.0,26.75,29.5,65.95652173913044,177.25,27.13768115942029,18.27536231884058,2.3582089552238807,5.526315789473684,187.4375,54.607142857142854,11.2,8.25,6.714285714285714,51.06060606060606,36.775510204081634,18.8,34.34782608695652,21.470588235294116,36.26086956521739,32.0,14.34375,58.04347826086956,28.571428571428573,33.76470588235294,30.925925925925927,3.5357142857142856,45.378787878787875,4.444444444444445,6.230769230769231,13.523809523809524,42.49315068493151,18.666666666666668,31.302325581395348,93.453125,59.79824561403509,14.619047619047619,9.75,58.56521739130435,6.864864864864865,18.94736842105263,14.448979591836734,36.7,158.38095238095238,10.030303030303031,77.85185185185185,2.6842105263157894,59.304761904761904,35.10769230769231,9.066666666666666,5.4186046511627906,2501.5384615384614,22.814285714285713
2023-08-26,6.245901639344262,30.51851851851852,27.7,61.6551724137931,176.97916666666666,27.702970297029704,18.285714285714285,2.296875,5.125,187.64347826086956,57.26086956521739,10.708333333333334,9.777777777777779,7.64,46.1,35.385714285714286,20.863636363636363,36.7037037037037,23.632075471698112,23.840579710144926,29.069767441860463,22.363636363636363,66.68,25.291666666666668,40.05769230769231,34.95238095238095,3.9,44.604166666666664,4.222222222222222,6.689655172413793,14.0,46.234375,18.82716049382716,24.88888888888889,100.04,63.43023255813954,17.25925925925926,10.196078431372548,52.8936170212766,4.818181818181818,26.67391304347826,14.526315789473685,39.54651162790697,157.3673469387755,8.288135593220339,82.42307692307692,3.4,61.88636363636363,34.72,5.133333333333334,5.516129032258065,2414.6744186046512,28.958333333333332
2023-09-02,6.4743589743589745,26.22222222222222,29.0,61.42857142857143,173.2027027027027,38.666666666666664,16.75,2.4516129032258065,3.486111111111111,194.06451612903226,55.3125,16.44736842105263,10.222222222222221,6.7,53.23684210526316,55.714285714285715,13.73913043478261,38.92857142857143,21.5,26.08695652173913,26.47826086956522,16.708333333333332,70.6984126984127,27.493506493506494,34.357142857142854,31.140845070422536,3.6,48.78947368421053,4.4393939393939394,6.1875,11.733333333333333,47.36764705882353,18.103448275862068,21.31168831168831,101.31372549019608,66.9438202247191,16.105263157894736,11.097560975609756,62.08,5.405405405405405,24.866666666666667,13.0,29.634146341463413,176.0,9.297297297297296,73.96296296296296,3.2615384615384615,61.42,35.161904761904765,7.3584905660377355,5.354838709677419,2680.2549019607845,34.297872340425535
2023-09-09,7.961538461538462,28.38888888888889,26.80952380952381,62.45454545454545,196.3846153846154,22.227272727272727,18.417910447761194,2.5,6.035714285714286,177.94444444444446,59.83720930232558,14.21875,9.4,6.979591836734694,44.0625,54.89473684210526,11.310344827586206,42.0,24.636363636363637,25.0,27.96875,24.571428571428573,69.28571428571429,25.166666666666668,39.138888888888886,42.78947368421053,3.096774193548387,58.5,4.1,6.636363636363637,13.534883720930232,47.08450704225352,18.75581395348837,21.0,101.7,67.8,21.0,10.181818181818182,56.369565217391305,5.244897959183674,27.37142857142857,13.5,43.4,205.64,9.24074074074074,75.2,2.975609756097561,52.03921568627451,33.45054945054945,7.285714285714286,4.555555555555555,2786.2982456140353,54.42857142857143
2023-09-16,6.823529411764706,26.03030303030303,25.0,61.785714285714285,222.0952380952381,27.0,17.580645161290324,2.746031746031746,3.8125,176.40740740740742,62.42857142857143,17.895833333333332,10.75,6.235294117647059,48.1,48.81818181818182,13.0,38.94736842105263,25.03846153846154,24.82051282051282,24.05,5.714285714285714,93.6875,29.517241379310345,40.38356164383562,40.46938775510204,3.6666666666666665,82.98245614035088,4.640625,6.083333333333333,12.28,50.47959183673469,25.6375,22.666666666666668,103.07692307692308,60.666666666666664,19.27777777777778,10.076923076923077,55.76,5.6,28.951219512195124,12.8,44.22222222222222,200.44897959183675,8.053333333333333,80.33333333333333,3.526315789473684,56.833333333333336,35.839080459770116,6.0,5.0,2787.7179487179487,55.82857142857143
2023-09-23,7.486486486486487,30.666666666666668,29.05,48.38095238095238,195.53571428571428,24.285714285714285,18.464285714285715,2.217391304347826,4.011764705882353,179.42352941176472,67.13333333333334,20.785714285714285,9.785714285714286,6.342105263157895,53.84615384615385,55.121212121212125,17.645833333333332,41.17391304347826,27.0,27.725,23.794117647058822,7.5,71.53846153846153,27.63768115942029,37.527272727272724,49.69565217391305,2.1578947368421053,98.36842105263158,4.780487804878049,6.629213483146067,11.95,49.67777777777778,28.376146788990827,21.076923076923077,104.13846153846154,62.25,17.7,10.75,56.32692307692308,5.2,28.6,13.823529411764707,41.0,195.20833333333334,8.431818181818182,90.63157894736842,2.9791666666666665,544.0,32.57471264367816,7.0,4.463414634146342,2923.6046511627906,63.48913043478261
2023-09-30,7.976190476190476,31.25,26.515151515151516,51.69230769230769,261.3170731707317,24.5531914893617,20.41269841269841,2.0987654320987654,5.714285714285714,202.9268292682927,65.5,21.046511627906977,11.0,7.676470588235294,57.381443298969074,56.172413793103445,13.64516129032258,43.61538461538461,34.333333333333336,47.225806451612904,28.580645161290324,12.733870967741936,51.4375,28.24,34.5,85.88888888888889,3.392857142857143,112.80555555555556,4.828571428571428,6.75,12.353658536585366,53.94805194805195,26.11111111111111,21.666666666666668,111.5,50.98684210526316,23.5,10.9375,65.59701492537313,5.351351351351352,28.181818181818183,13.142857142857142,44.22093023255814,203.65,9.01639344262295,101.4251968503937,2.9,40.22222222222222,31.504761904761907,9.8,4.5,3485.9636363636364,64.6590909090909
2023-10-07,10.261904761904763,32.95454545454545,27.794117647058822,45.6875,280.72727272727275,36.19,22.69047619047619,2.0454545454545454,8.179775280898877,193.2340425531915,78.16216216216216,23.904255319148938,11.045454545454545,6.75,122.45390070921985,46.41860465116279,18.142857142857142,43.833333333333336,40.625,23.776119402985074,29.87912087912088,7.466666666666667,41.57333333333333,29.306451612903224,37.44444444444444,68.21052631578948,3.7857142857142856,126.13953488372093,4.7560975609756095,6.428571428571429,11.408163265306122,63.916666666666664,24.384615384615383,19.576271186440678,110.22448979591837,80.91891891891892,19.6,10.5,60.111111111111114,5.285714285714286,45.629629629629626,13.777777777777779,48.875,235.4318181818182,9.405797101449275,119.38461538461539,3.1492537313432836,39.083333333333336,30.923076923076923,34.06201550387597,4.769230769230769,5194.2835820895525,53.765625
2023-10-14,15.55,35.23809523809524,22.22222222222222,68.07142857142857,666.2307692307693,52.611111111111114,29.1796875,2.425,5.738095238095238,260.015625,120.12903225806451,23.08695652173913,11.794520547945206,7.520833333333333,126.02836879432624,47.509803921568626,20.848484848484848,46.88235294117647,51.47826086956522,40.64556962025316,37.51219512195122,19.76923076923077,47.72222222222222,32.294117647058826,43.44,106.19047619047619,4.5675675675675675,153.3684210526316,4.611111111111111,7.03125,15.696078431372548,71.91176470588235,33.333333333333336,25.921875,135.02597402597402,100.87619047619047,21.09375,12.714285714285714,85.0,6.230769230769231,57.696969696969695,14.466666666666667,59.15151515151515,295.75,9.265625,138.51724137931035,4.0588235294117645,35.0,33.885714285714286,49.25,5.0,5925.215384615384,61.392857142857146
2023-10-21,18.205128205128204,34.473684210526315,30.56756756756757,65.7,2455.7868852459014,75.31858407079646,38.55555555555556,2.896103896103896,8.287878787878787,289.9655172413793,139.1,23.285714285714285,13.055555555555555,8.935483870967742,147.4,55.875,22.444444444444443,60.63157894736842,65.70370370370371,114.76767676767676,38.723404255319146,13.788990825688073,79.64285714285714,43.333333333333336,59.38095238095238,49.054054054054056,4.148148148148148,156.36363636363637,4.878787878787879,10.16,18.45945945945946,116.03571428571429,27.8125,24.5,165.21428571428572,96.33333333333333,20.666666666666668,25.68421052631579,169.25,8.31132075471698,77.29166666666667,14.576923076923077,65.35135135135135,320.7831325301205,9.747252747252746,130.52272727272728,4.0,44.0,34.54216867469879,31.974025974025974,4.083333333333333,6344.6,83.21052631578948
2023-10-28,26.964285714285715,38.23076923076923,31.673076923076923,95.0909090909091,1984.5,104.57142857142857,41.2962962962963,2.4262295081967213,9.555555555555555,367.57142857142856,128.9433962264151,24.186274509803923,14.6,9.470588235294118,235.126582278481,65.14473684210526,30.50381679389313,57.5625,84.15,415.0,32.55555555555556,20.53125,90.52380952380952,41.19047619047619,47.58762886597938,69.53333333333333,6.421052631578948,154.75,4.411764705882353,14.407407407407407,17.201923076923077,123.95145631067962,25.363636363636363,25.4,264.1,114.15584415584415,29.045454545454547,31.0,170.84615384615384,8.336538461538462,80.26315789473684,16.541666666666668,68.66666666666667,341.0,9.62962962962963,198.6,4.3125,82.28070175438596,37.1025641025641,30.727272727272727,6.333333333333333,6559.30985915493,65.6056338028169
2023-11-04,18.233576642335766,43.47826086956522,31.202898550724637,118.0,1556.2058823529412,122.82352941176471,46.5609756097561,3.264367816091954,8.992592592592592,652.0,147.03846153846155,24.615384615384617,43.03448275862069,10.32258064516129,548.0,86.36470588235294,30.0,46.26923076923077,87.86842105263158,431.8,29.5,24.59259259259259,126.90625,33.69387755102041,63.75949367088607,73.95652173913044,6.888888888888889,166.8125,5.414634146341464,14.692307692307692,15.460674157303371,102.0,21.0,29.56122448979592,276.26666666666665,141.58333333333334,29.38095238095238,37.107142857142854,176.95495495495496,8.41904761904762,80.8,18.0,79.34375,321.0487804878049,12.46236559139785,245.6,10.44047619047619,92.0,36.0,21.4,34.03738317757009,4974.576923076923,70.72727272727273
2023-11-11,19.804511278195488,45.5,30.05,124.16666666666667,874.074074074074,144.66666666666666,44.33684210526316,3.838709677419355,10.067796610169491,735.9350649350649,144.89473684210526,25.476635514018692,96.0,12.268292682926829,193.42105263157896,85.2,27.8,45.73076923076923,92.08333333333333,159.26666666666668,28.656565656565657,13.830882352941176,182.24561403508773,43.58064516129032,64.68571428571428,67.625,5.579710144927536,152.21428571428572,5.970588235294118,13.5,21.847457627118644,121.8695652173913,22.933333333333334,36.55555555555556,300.70212765957444,143.2,60.74576271186441,28.956521739130434,195.04255319148936,8.309734513274336,102.1,12.396825396825397,60.422413793103445,291.80555555555554,13.698630136986301,227.28,10.303921568627452,83.74285714285715,38.44736842105263,22.071428571428573,32.30864197530864,5008.8125,66.63157894736842
2023-11-18,20.242424242424242,58.17391304347826,29.195121951219512,148.96969696969697,1357.3939393939395,153.14285714285714,46.30232558139535,3.050632911392405,16.03105590062112,733.6626506024096,159.01470588235293,25.371900826446282,72.0,32.34782608695652,179.85714285714286,113.63414634146342,29.660869565217393,53.0,98.3,146.08695652173913,24.706666666666667,10.666666666666666,163.66666666666666,55.355932203389834,65.45744680851064,66.56,5.844444444444444,180.03389830508473,7.730769230769231,14.2,21.544,167.11111111111111,23.352941176470587,39.71739130434783,325.02272727272725,163.70103092783506,59.608695652173914,35.73076923076923,174.99310344827586,9.107843137254902,110.66315789473684,12.764705882352942,91.5,307.6896551724138,26.45744680851064,185.4070796460177,6.888888888888889,605.7894736842105,45.97701149425287,27.91304347826087,13.610169491525424,4655.333333333333,60.1578947368421
2023-11-25,18.3,90.42307692307692,31.5,166.6451612903226,886.9767441860465,187.28571428571428,56.78823529411765,3.793103448275862,11.027027027027026,716.6666666666666,180.08823529411765,25.471910112359552,220.05263157894737,50.94736842105263,199.2608695652174,121.4,36.603305785123965,52.38461538461539,121.33333333333333,123.13333333333334,29.5,9.727272727272727,199.5,75.33898305084746,86.07608695652173,56.483870967741936,5.55,190.37777777777777,9.071428571428571,15.193548387096774,21.814285714285713,220.6315789473684,62.666666666666664,35.285714285714285,388.258064516129,123.24324324324324,69.0,45.01538461538462,234.08196721311475,8.714285714285714,119.98214285714286,14.7,95.116,351.7,21.074074074074073,161.8181818181818,11.142857142857142,110.71428571428571,59.52173913043478,33.7,11.7,5235.7962962962965,62.14736842105263
2023-12-02,21.28048780487805,127.05882352941177,43.098591549295776,388.3,1150.6911764705883,187.13333333333333,88.8135593220339,4.959183673469388,16.372093023255815,724.25,228.58333333333334,25.3265306122449,63.2,45.714285714285715,311.9230769230769,139.42857142857142,33.75423728813559,40.166666666666664,147.94520547945206,166.42857142857142,69.10169491525424,10.181818181818182,235.65116279069767,89.0,113.0,95.33333333333333,6.5,289.47435897435895,9.695652173913043,11.208333333333334,18.134615384615383,445.09411764705885,126.73684210526316,69.2,740.0869565217391,173.17808219178082,69.0,39.41269841269841,325.1666666666667,9.8875,134.2,11.928571428571429,115.4,496.6756756756757,36.7027027027027,201.09937888198758,9.038461538461538,122.0,244.2,34.53125,9.516129032258064,13072.39534883721,67.05737704918033
2023-12-09,24.444444444444443,223.85454545454544,70.41818181818182,526.0892857142857,1430.5481481481481,221.86,89.03875968992249,6.0625,15.344594594594595,758.9264705882352,288.6666666666667,26.2,66.56,90.04,423.6521739130435,160.6,47.25454545454546,62.2972972972973,246.71028037383178,276.5,131.24615384615385,10.818181818181818,277.2692307692308,99.71428571428571,148.8,179.87755102040816,8.708333333333334,364.0,20.1,39.0,23.541666666666668,513.2173913043479,174.33333333333334,136.1304347826087,1071.0833333333333,335.54347826086956,94.45454545454545,49.4375,747.6,14.055555555555555,146.78688524590163,15.636363636363637,162.3148148148148,981.6229508196722,33.583333333333336,369.8,12.793103448275861,161.33333333333334,233.75,37.30769230769231,12.092105263157896,15164.038461538461,54.91428571428571
2023-12-16,20.806818181818183,272.45,87.92307692307692,483.258064516129,1469.6985294117646,326.27272727272725,97.82857142857142,17.1,24.116788321167885,697.75,261.7857142857143,30.794871794871796,67.48936170212765,104.26190476190476,497.95,332.4107142857143,52.95652173913044,136.96363636363637,227.075,294.7142857142857,142.75,34.25,483.38823529411764,169.84615384615384,259.05454545454546,148.81927710843374,9.0,559.8787878787879,37.80434782608695,70.32283464566929,30.102564102564102,591.5490196078431,171.9344262295082,128.31914893617022,1223.46,417.8,100.62857142857143,68.41176470588235,963.875,9.319148936170214,128.27272727272728,35.666666666666664,153.27927927927928,1221.409090909091,51.30882352941177,279.77941176470586,13.736842105263158,185.97619047619048,250.55555555555554,41.67567567567568,14.05084745762712,16942.305555555555,59.172413793103445
2023-12-23,22.412280701754387,218.0,113.69791666666667,654.1363636363636,1482.12,183.33333333333334,157.7058823529412,13.333333333333334,29.69298245614035,424.3235294117647,244.171875,31.67,68.52,125.65591397849462,495.42857142857144,385.92248062015506,77.22093023255815,199.33333333333334,189.5,541.5,224.02985074626866,55.625,422.2,159.375,271.0,125.42682926829268,13.173076923076923,847.3333333333334,41.0,52.22222222222222,34.093333333333334,561.1612903225806,173.04,102.5875,1253.52,467.5409836065574,113.8,72.61538461538461,805.8125,30.487179487179485,122.25301204819277,25.854545454545455,149.26984126984127,1635.5964912280701,50.6,350.5652173913044,13.69047619047619,183.5,243.16666666666666,46.12,16.52173913043478,18784.7,57.69230769230769
2023-12-30,21.441176470588236,205.76404494382024,192.52307692307693,535.3809523809524,740.4473684210526,144.58333333333334,158.71153846153845,19.940298507462686,17.94392523364486,397.72,283.7241379310345,33.44827586206897,67.04255319148936,136.46,500.1923076923077,372.84615384615387,83.31914893617021,167.14893617021278,164.03333333333333,491.43636363636364,207.66666666666666,54.642857142857146,401.64383561643837,125.36263736263736,267.12,65.68235294117648,18.0625,503.2857142857143,36.73737373737374,73.5,30.253731343283583,589.5208333333334,88.48148148148148,124.796875,1159.1081081081081,512.6190476190476,127.73333333333333,58.01470588235294,579.6142857142858,34.58064516129032,120.0,30.666666666666668,164.36,1294.107142857143,52.73863636363637,443.8378378378378,14.446428571428571,187.85333333333332,236.5909090909091,40.728813559322035,21.454545454545453,15860.581081081082,54.654761904761905
2024-01-06,21.24137931034483,175.91525423728814,203.95833333333334,229.31428571428572,507.62,108.86363636363636,98.63636363636364,17.579545454545453,27.952380952380953,373.9189189189189,219.8,33.44444444444444,68.04255319148936,102.44067796610169,197.4909090909091,233.88888888888889,77.1025641025641,147.04273504273505,87.22448979591837,417.39622641509436,188.36,104.11904761904762,325.3666666666667,112.5,221.66086956521738,89.7,21.11111111111111,294.93333333333334,21.642857142857142,62.30434782608695,28.431818181818183,514.5652173913044,41.897260273972606,56.763636363636365,1049.3947368421052,371.7647058823529,129.50666666666666,63.57142857142857,491.77777777777777,30.19298245614035,149.01190476190476,28.310344827586206,168.25,878.7222222222222,40.215384615384615,346.56,14.727272727272727,172.28571428571428,189.14285714285714,55.77777777777778,22.727272727272727,7260.392156862745,50.28
2024-01-13,8.833333333333334,144.0151515151515,222.03846153846155,208.2962962962963,555.25,80.27118644067797,112.23364485981308,14.542857142857143,32.89375,311.18055555555554,459.0,31.878947368421052,57.64705882352941,86.0952380952381,168.45864661654136,206.30769230769232,61.12698412698413,156.65853658536585,71.92857142857143,322.42857142857144,141.0188679245283,45.829268292682926,327.6818181818182,99.82608695652173,166.5054945054945,60.361111111111114,20.8,186.04166666666666,33.76923076923077,47.92857142857143,30.818181818181817,381.90909090909093,51.42857142857143,33.303030303030305,971.5151515151515,360.56,183.26373626373626,71.78125,450.1666666666667,28.951612903225808,141.6,38.85454545454545,197.51162790697674,838.9090909090909,25.123456790123456,318.6363636363636,14.48936170212766,157.69230769230768,144.3,132.07142857142858,28.785714285714285,10202.4,48.5
2024-01-20,8.571428571428571,100.95652173913044,202.20338983050848,237.28571428571428,452.0,67.85483870967742,97.13157894736842,14.446428571428571,30.304597701149426,411.55555555555554,340.84444444444443,26.191176470588236,74.64444444444445,116.29032258064517,186.26666666666668,239.65625,108.72826086956522,150.79012345679013,74.62790697674419,368.05263157894734,115.575,51.69230769230769,285.9620253164557,105.0,239.59504132231405,59.44927536231884,26.40625,163.02173913043478,30.294117647058822,55.05555555555556,30.055555555555557,229.33333333333334,43.02439024390244,33.94444444444444,893.8225806451613,300.8,298.15,63.625,444.5,20.857142857142858,138.3943661971831,42.29032258064516,147.36170212765958,641.4347826086956,26.0,209.79439252336448,8.5625,148.66666666666666,128.6315789473684,130.5,17.767123287671232,9178.044247787611,54.641304347826086
2024-01-27,8.53191489361702,95.56521739130434,185.39080459770116,200.85,407.11538461538464,94.38853503184713,86.41935483870968,14.333333333333334,26.554140127388536,416.72727272727275,317.2,20.014084507042252,40.096774193548384,112.0,147.8,155.87234042553192,97.83898305084746,169.046875,61.375,277.15384615384613,117.96774193548387,53.270270270270274,386.59550561797755,96.78761061946902,110.93333333333334,54.8421052631579,26.0,151.77777777777777,19.095238095238095,67.80851063829788,30.28301886792453,101.16666666666667,38.7032967032967,31.972972972972972,807.6551724137931,249.14705882352942,239.98611111111111,65.05555555555556,420.94444444444446,17.7007299270073,104.33333333333333,38.628571428571426,140.60714285714286,745.36,23.425531914893618,151.13888888888889,13.090909090909092,100.28947368421052,122.9090909090909,126.20689655172414,13.75,7643.970588235294,69.78021978021978
2024-02-03,8.926605504587156,85.3103448275862,193.07142857142858,211.4,396.80357142857144,92.48412698412699,72.42372881355932,15.966666666666667,10.547169811320755,455.84057971014494,296.4727272727273,18.880597014925375,33.67796610169491,64.35714285714286,153.31914893617022,174.984126984127,58.0,187.51754385964912,59.03448275862069,127.1268656716418,79.5813953488372,26.555555555555557,222.7674418604651,110.54545454545455,171.91176470588235,46.666666666666664,21.235294117647058,120.57407407407408,13.695652173913043,56.89041095890411,29.74074074074074,91.35714285714286,39.475,32.60919540229885,548.5862068965517,236.5,218.87640449438203,48.785714285714285,387.10526315789474,12.9,86.84782608695652,58.6875,130.0,575.8723404255319,17.28,157.9268292682927,11.682926829268293,93.13207547169812,137.6153846153846,155.38095238095238,21.642857142857142,6794.725490196079,58.456896551724135
2024-02-10,10.173333333333334,62.53703703703704,104.08108108108108,195.1764705882353,319.7142857142857,88.17647058823529,94.66666666666667,11.845070422535212,14.615384615384615,442.25,254.5,19.305555555555557,52.46610169491525,41.0,140.57303370786516,179.6153846153846,41.0,178.38541666666666,59.2,111.16,76.19047619047619,29.79310344827586,754.9677419354839,122.46987951807229,302.97058823529414,50.707317073170735,21.0,124.22222222222223,12.576923076923077,57.28888888888889,21.387096774193548,95.5925925925926,36.411764705882355,24.0,315.125,142.41176470588235,134.35714285714286,41.095238095238095,245.76470588235293,13.535714285714286,83.49152542372882,41.973684210526315,111.31147540983606,534.6,15.429906542056075,139.72222222222223,12.066666666666666,82.43478260869566,84.15841584158416,87.55555555555556,12.0,6065.041666666667,53.11363636363637
2024-02-17,9.130434782608695,62.54545454545455,71.1923076923077,178.025,330.1111111111111,57.8,71.77777777777777,11.869565217391305,17.4,415.875,240.67441860465115,18.733333333333334,96.71428571428571,50.94736842105263,168.46808510638297,181.23529411764707,43.55882352941177,191.9125,55.94117647058823,116.48,84.26666666666667,36.5625,197.25,133.04,287.96774193548384,41.44444444444444,19.666666666666668,103.21052631578948,11.814814814814815,60.38947368421053,25.88,95.90697674418605,36.96153846153846,25.441176470588236,328.54545454545456,145.55555555555554,112.125,37.78125,264.8,12.704545454545455,92.24444444444444,45.875,119.5679012345679,458.90909090909093,12.56,173.08988764044943,9.34,78.2992700729927,62.225352112676056,93.86666666666666,13.625,6890.628571428571,70.89655172413794
2024-02-24,8.538461538461538,55.96666666666667,79.88571428571429,172.88235294117646,310.89473684210526,61.006211180124225,79.75886524822695,20.321428571428573,16.37037037037037,378.56,224.2463768115942,16.620253164556964,127.06756756756756,55.666666666666664,145.34666666666666,176.97058823529412,51.38636363636363,177.19444444444446,55.31428571428572,205.42857142857142,88.88888888888889,25.361702127659573,142.97321428571428,133.6206896551724,248.57142857142858,39.36363636363637,21.0,106.16666666666667,11.421052631578947,43.3469387755102,29.58823529411765,171.5438596491228,37.054054054054056,24.537037037037038,284.57142857142856,315.0,117.23529411764706,42.233333333333334,175.82258064516128,10.938271604938272,110.28947368421052,36.86734693877551,118.80645161290323,456.92857142857144,15.11111111111111,158.95833333333334,18.452830188679247,88.7280701754386,70.66037735849056,148.08510638297872,20.06741573033708,6003.605263157895,45.1981981981982
2024-03-02,9.366666666666667,51.375,129.08333333333334,166.61290322580646,310.2,63.81578947368421,79.53846153846153,17.0,16.363636363636363,378.6941176470588,204.9090909090909,13.63013698630137,67.0,61.75,151.98591549295776,225.8793103448276,63.95454545454545,158.38372093023256,53.979166666666664,118.55696202531645,50.27777777777778,20.011111111111113,126.23655913978494,126.56179775280899,135.3548387096774,52.36,21.24137931034483,87.67088607594937,12.595238095238095,28.49056603773585,26.51875,113.12380952380953,36.901408450704224,32.64179104477612,352.64814814814815,286.0571428571429,121.72727272727273,47.214285714285715,160.55384615384617,13.582278481012658,96.03947368421052,40.675,97.25,471.57142857142856,14.743589743589743,124.80555555555556,16.114285714285714,62.5,111.29729729729729,146.45762711864407,19.75,6664.327272727272,41.98717948717949
2024-03-09,8.506849315068493,60.6,151.75,141.32558139534885,406.175,68.30666666666667,79.81818181818181,8.293233082706767,15.32876712328767,347.77777777777777,168.8695652173913,19.084033613445378,28.745454545454546,67.0,157.44444444444446,153.60714285714286,66.92857142857143,143.77142857142857,54.54545454545455,117.95505617977528,48.4622641509434,20.926829268292682,298.0940170940171,120.8,128.8235294117647,49.295081967213115,21.26595744680851,72.70833333333333,11.352941176470589,38.824175824175825,26.544117647058822,143.11904761904762,34.64705882352941,26.5125,428.9830508474576,266.7251908396947,136.1846153846154,61.27272727272727,187.12359550561797,19.23076923076923,89.12,43.0,98.79545454545455,502.55102040816325,13.586206896551724,129.06451612903226,16.818181818181817,59.86666666666667,111.99333333333334,115.74193548387096,13.75,5926.489361702128,43.794117647058826
2024-03-16,9.041666666666666,77.5,129.53846153846155,144.52173913043478,324.44444444444446,60.597765363128495,82.27868852459017,16.0,14.323529411764707,341.4117647058824,142.6341463414634,16.322916666666668,67.0952380952381,60.5,164.6,143.54761904761904,89.4375,167.88235294117646,55.88,124.20481927710843,59.395348837209305,25.83582089552239,228.5818181818182,125.67857142857143,155.4920634920635,67.52307692307693,19.814814814814813,77.6470588235294,14.076923076923077,48.82666666666667,28.710526315789473,152.0,30.94736842105263,41.92307692307692,490.7142857142857,248.44262295081967,121.0,59.05882352941177,210.96103896103895,23.119565217391305,83.30909090909091,34.85526315789474,80.17241379310344,417.4909090909091,14.787037037037036,121.55555555555556,18.049180327868854,106.51612903225806,110.22695035460993,119.67231638418079,16.81081081081081,5564.133333333333,59.4
2024-03-23,7.6976744186046515,69.63157894736842,106.57142857142857,144.69230769230768,320.4375,64.03296703296704,84.65277777777777,18.0,19.607843137254903,323.7083333333333,124.23863636363636,19.042857142857144,66.0,90.3529411764706,153.97916666666666,127.0952380952381,57.68627450980392,158.9262295081967,54.785714285714285,135.22018348623854,57.36666666666667,26.980392156862745,219.27450980392157,115.84722222222223,154.55102040816325,65.25,18.404761904761905,79.35714285714286,15.2,56.407407407407405,27.181818181818183,151.32075471698113,30.1,43.130434782608695,495.8636363636364,240.23655913978496,104.71186440677967,61.45945945945946,184.91666666666666,21.892857142857142,62.442622950819676,46.21951219512195,128.80769230769232,369.2,16.781512605042018,105.04761904761905,16.407185628742514,67.88235294117646,104.44285714285714,95.84375,13.170212765957446,6589.559322033899,54.63636363636363
2024-03-30,8.936842105263159,67.9298245614035,223.03030303030303,110.03333333333333,417.46031746031747,67.59119496855345,80.72,16.0,15.0,316.5692307692308,106.2,17.51923076923077,55.58426966292135,52.98039215686274,165.0,114.83766233766234,54.55172413793103,150.51162790697674,58.048780487804876,114.10526315789474,52.07692307692308,23.384615384615383,245.8181818181818,110.625,183.33566433566435,56.3125,21.985611510791365,94.21311475409836,16.9247311827957,52.666666666666664,22.026666666666667,157.23880597014926,31.466666666666665,30.88095238095238,442.1666666666667,207.91735537190084,90.6875,47.8,173.08943089430895,13.0,48.5,27.511111111111113,107.92857142857143,277.5625,12.833333333333334,120.67441860465117,16.993333333333332,61.38461538461539,96.76842105263158,44.25,11.5,5921.918367346939,52.43564356435643
2024-04-06,7.2439024390243905,45.41269841269841,216.04761904761904,110.3529411764706,1099.8846153846155,47.464285714285715,71.30097087378641,12.386363636363637,14.653846153846153,268.1875,102.71666666666667,18.876033057851238,52.86666666666667,38.9375,177.28125,127.96551724137932,50.61538461538461,117.05882352941177,49.27272727272727,96.73958333333333,47.64957264957265,17.444444444444443,227.57142857142858,90.5,135.873417721519,56.78481012658228,24.68421052631579,54.21875,20.3,56.6,22.56390977443609,134.89622641509433,33.707692307692305,38.81318681318681,325.35714285714283,108.89075630252101,81.30851063829788,49.317460317460316,191.68702290076337,10.381294964028777,39.484848484848484,27.693548387096776,104.796875,257.0,11.290322580645162,122.77777777777777,17.054945054945055,61.06818181818182,79.925,60.23076923076923,10.333333333333334,3611.6170212765956,51.739837398373986
2024-04-13,8.34,54.02857142857143,84.52631578947368,130.8913043478261,337.72727272727275,57.56551724137931,72.26515151515152,12.285714285714286,14.428571428571429,233.1081081081081,94.95161290322581,16.895833333333332,59.76470588235294,36.032786885245905,148.0952380952381,73.77631578947368,51.629629629629626,77.03030303030303,32.36666666666667,84.83333333333333,48.90291262135922,16.046296296296298,148.38679245283018,80.08474576271186,85.53719008264463,55.40983606557377,16.873949579831933,51.833333333333336,20.6,36.04255319148936,23.061349693251532,100.30379746835443,35.93617021276596,57.8955223880597,172.7058823529412,93.59433962264151,70.38235294117646,40.08955223880597,185.97142857142856,8.935483870967742,46.064935064935064,25.023809523809526,95.73333333333333,256.5921052631579,10.313253012048193,82.30588235294118,16.11949685534591,57.114285714285714,57.63565891472868,48.08965517241379,11.03225806451613,3507.0,54.359550561797754
2024-04-20,9.977777777777778,30.24137931034483,76.84713375796179,323.6666666666667,566.2058823529412,57.56551724137931,51.81818181818182,7.805555555555555,14.584070796460177,254.8181818181818,79.72222222222223,12.726315789473684,62.0,37.96590909090909,127.79577464788733,62.5,51.015625,67.16666666666667,26.325581395348838,85.65,42.75,13.660550458715596,268.25,54.75,70.75961538461539,60.714285714285715,15.25,41.088235294117645,24.92105263157895,33.08695652173913,23.862068965517242,83.72131147540983,34.166666666666664,50.48717948717949,146.0,123.0,68.47619047619048,41.733333333333334,175.7,8.935483870967742,42.705882352941174,27.75862068965517,95.83720930232558,236.44155844155844,10.551724137931034,67.98591549295774,11.617021276595745,60.31111111111111,47.152542372881356,46.67391304347826,8.428571428571429,2963.8,54.135714285714286
2024-04-27,10.095238095238095,43.29545454545455,57.04545454545455,128.11764705882354,840.025,64.45930232558139,55.75925925925926,13.166666666666666,17.02,270.35555555555555,89.0,13.666666666666666,59.27710843373494,20.533333333333335,139.19148936170214,53.886792452830186,51.015625,59.976190476190474,44.193548387096776,77.02608695652174,36.78048780487805,14.909090909090908,295.27777777777777,51.0188679245283,68.47572815533981,109.25925925925925,35.57983193277311,40.471698113207545,35.88235294117647,31.555555555555557,26.647727272727273,98.85567010309278,33.96774193548387,63.825,154.0793650793651,121.8955223880597,71.05333333333333,42.0,159.69135802469137,11.352941176470589,48.166666666666664,38.275862068965516,83.75675675675676,219.1159420289855,10.838235294117647,151.14285714285714,11.333333333333334,60.39655172413793,50.36434108527132,46.78431372549019,12.1875,2933.448275862069,45.80165289256198
