date,Alaska,Alabama,Arkansas,Arizona,California,Colorado,Connecticut,District of Columbia,Delaware,Florida,Georgia,Hawaii,Iowa,Idaho,Illinois,Indiana,Kansas,Kentucky,Louisiana,Massachusetts,Maryland,Maine,Michigan,Minnesota,Missouri,Mississippi,Montana,North Carolina,North Dakota,Nebraska,New Hampshire,New Jersey,New Mexico,Nevada,New York,Ohio,Oklahoma,Oregon,Pennsylvania,Rhode Island,South Carolina,South Dakota,Tennessee,Texas,Utah,Virginia,Vermont,Washington,Wisconsin,West Virginia,Wyoming,US,Puerto Rico
2022-11-12,4.015485,99.5394,39.505157,5.0751953,69.68908,5.3935666,8.780142,0.8052973,5.103701,162.79211,123.00104,5.746781,3.989147,0.5490888,59.96339,67.325195,6.2070923,24.22233,81.285835,19.35831,49.49455,0.42660847,32.477306,7.395774,23.916454,75.85394,-0.36736023,58.739925,3.0970957,12.461446,-0.58524907,42.59415,23.894638,16.319302,45.873672,44.232113,17.453775,6.693808,86.99742,0.44656447,59.825558,11.835928,72.14631,437.22662,-3.6589415,58.37382,0.27491668,-3.2779016,3.2625072,13.0044155,1.2982733,2828.989,58.53619
2022-11-19,0.6566028,199.04124,58.76983,27.06294,136.58202,25.403423,12.772909,2.2193828,2.8661308,156.04884,113.39083,3.657614,6.7887583,-1.9545585,73.32084,95.547485,20.77952,14.323411,140.19313,15.821173,66.301895,0.38146007,2.3728793,12.270984,15.111299,119.90105,-0.20633067,162.33195,2.9819255,7.2076387,1.0229338,44.272034,28.15901,22.93838,67.65521,56.070213,40.397945,9.344797,126.88888,1.1890582,83.39338,13.025406,102.283936,571.38934,4.6396985,92.41692,0.91771215,24.106588,11.497572,23.838482,1.2892908,3126.787,64.0738
2022-11-26,9.815502,369.22556,87.2603,19.748302,292.2865,32.187138,31.383322,10.686958,5.1104627,399.6667,240.76347,6.5723486,9.385844,0.73656756,129.22713,125.6689,14.271897,112.12546,228.38713,17.697224,119.365776,1.7268207,29.79655,50.278168,51.05802,182.38133,2.2603848,311.96555,3.2021153,7.1038895,-0.9873627,74.00636,53.325546,18.274662,135.89003,152.91801,68.91019,7.374338,199.54512,0.92847943,204.48845,10.192297,163.31593,1042.596,9.732749,254.47302,0.9982521,34.082695,18.062366,60.49681,3.636409,9031.094,69.399734
2022-12-03,13.71174,366.0298,153.86674,72.458435,517.9603,53.728855,29.262814,50.93567,8.049215,398.57288,245.82388,6.468613,12.735968,13.866539,173.83725,168.40283,28.765486,165.06886,124.412445,8.15926,164.7541,2.151113,27.614498,77.9335,85.781296,231.0981,4.8899493,290.71652,3.5388708,26.60923,3.392327,215.18538,93.85613,30.679998,278.95172,248.2502,46.85748,40.977383,276.27008,3.2566948,226.03915,7.869167,363.3339,1292.9591,-0.66952497,323.67487,-0.13162577,43.181164,32.409256,96.98317,5.32674,9039.507,88.862656
2022-12-10,13.210776,237.53908,233.35916,141.05847,1118.8951,90.27996,59.691463,58.427364,8.169496,493.7701,251.59763,17.997414,10.622861,9.168074,307.34576,172.96751,50.007217,274.66385,177.2696,32.981377,209.18604,6.6458993,87.56517,207.0721,120.00726,211.10544,11.431666,376.2356,6.1437874,27.340492,3.606467,349.23563,152.68579,58.879208,291.54553,279.6594,84.479126,50.829395,432.95844,5.5495343,270.23242,11.95075,359.60605,1125.43,12.160531,356.17307,1.1425914,110.87469,58.85518,137.63354,10.89463,10480.15,94.689964
2022-12-17,35.64012,178.07637,239.60007,343.76675,1943.0242,122.34269,112.91465,33.92627,31.771856,548.6744,175.65776,15.351927,34.65581,47.33007,521.063,289.63416,73.29265,338.09998,177.9896,108.15497,241.43555,13.368333,165.16534,277.50558,208.46745,265.69583,13.445841,366.01825,12.064472,30.741913,8.297309,332.43268,162.29347,145.71278,651.6138,375.89142,212.00127,156.92786,494.03668,4.825507,233.58417,23.115986,331.59216,1349.6879,1.6177889,244.96597,1.64272,348.27524,98.901474,151.81233,33.131702,12768.643,76.60396
2022-12-24,73.88982,174.62282,380.04065,929.54395,3466.9866,166.9966,241.15575,54.189537,28.25461,800.2948,155.93407,13.074183,103.146576,245.37946,1308.053,527.69055,184.63304,648.7363,202.51039,272.3737,294.80377,32.407944,374.88983,381.98663,676.1159,253.96747,44.85863,458.69644,23.31538,49.556965,12.299895,634.02313,218.47176,281.71472,1015.02106,760.5739,540.0502,449.70602,876.14386,10.56727,202.19994,52.357544,462.9331,1862.7026,33.229427,330.3517,12.227913,663.7718,285.3323,203.48643,41.97892,26002.93,83.290504
2022-12-31,43.6936,367.99307,450.01468,1261.7913,3275.985,180.90276,586.3632,62.414883,83.6039,1035.295,295.934,9.797854,322.43024,244.38042,1240.3494,944.91516,419.77505,970.50433,308.7231,817.1577,455.4453,182.40405,816.21814,474.89938,1139.5571,241.5009,73.00387,817.1639,61.266678,104.42301,30.90307,1095.9377,375.0969,542.0068,2510.1023,1186.6967,1195.8567,625.56854,1503.5902,21.36868,249.49666,78.725334,696.2998,2171.7104,37.114864,451.37668,33.819805,871.8177,773.42346,342.925,73.568535,27517.334,84.322235
2023-01-07,70.2714,226.53696,299.3547,769.5796,1924.5093,265.5296,379.46204,28.099524,32.394802,809.862,166.9402,11.523537,254.16692,180.25702,1005.6347,915.1026,260.90317,514.3401,233.8142,801.20465,314.20566,175.98758,781.2576,289.32895,857.3974,147.19797,129.54688,307.1757,56.24378,135.6934,77.758286,814.036,411.72406,369.08585,1702.3112,1064.2825,887.40796,752.0587,1369.6711,93.82062,140.11652,85.27688,494.1974,1493.5029,68.57587,335.5696,55.937008,620.66003,523.0187,273.1679,56.537205,25741.775,77.79549
2023-01-14,53.070698,142.87692,241.14235,442.19662,1582.5309,245.80203,360.95148,21.100845,21.467833,804.63336,131.57005,12.830434,333.88034,290.48865,455.06522,537.1185,224.28923,216.08992,68.069496,812.71564,256.3525,200.43279,1169.0897,196.94409,670.8305,129.88544,101.7333,330.30865,107.862854,159.30005,89.70312,522.59247,321.4292,228.21262,1678.8435,882.85956,661.1425,741.9087,1027.231,44.699104,159.31773,97.08653,160.19948,1339.7294,35.161987,259.70227,67.01186,682.3824,450.24176,197.15427,38.502514,17410.066,62.179558
2023-01-21,42.993797,119.0632,197.24678,566.42334,1009.84,369.58896,182.34761,20.526646,25.383154,1139.301,157.01556,23.09121,337.7183,186.41428,444.5447,537.3702,145.03517,122.95819,181.16084,955.25745,226.55434,217.42851,1229.1776,104.03852,441.44998,67.53085,49.789696,301.33618,76.29334,118.879005,104.198456,584.5481,329.26248,199.23763,1212.2096,520.94354,511.97943,323.8461,1008.1586,55.71464,119.339676,78.90963,174.26596,1143.8599,70.64347,247.83844,73.86381,211.67505,406.2334,151.73842,48.34269,17583.17,90.30066
2023-01-28,40.945736,124.50075,116.44886,685.5412,873.33325,269.52667,163.4387,38.249413,40.338997,1190.5026,187.46619,34.22596,314.7844,178.73444,424.32333,394.80206,147.81714,76.12289,133.81285,718.68384,223.5061,181.60698,1019.5598,140.5318,569.0971,94.677216,84.671234,315.6914,77.791435,120.70208,144.4362,422.82846,265.3923,132.67471,958.9907,410.4312,623.15674,231.24046,946.1624,46.436607,138.13257,41.032272,221.96666,1450.7548,83.35793,264.3784,91.32799,171.37695,442.12433,124.56369,44.81157,16013.376,62.14906
2023-02-04,32.718502,94.80627,105.15545,281.9215,763.60657,84.98757,114.028984,12.0194235,48.511333,1182.3312,169.51321,15.842577,176.44601,111.4229,244.0557,272.20032,64.09802,4.0358386,172.27179,187.12524,129.48744,109.13152,308.0895,57.863148,234.96622,85.19903,60.33387,166.3237,69.26077,95.07304,100.474594,157.74446,143.23764,91.132355,610.261,290.8541,324.4118,33.756165,649.40454,30.176212,126.885345,61.158726,80.47381,775.0012,58.439754,185.45064,47.195908,210.41347,274.55823,100.85661,31.782013,8968.287,54.440823
2023-02-11,7.6355343,89.707726,76.921196,107.304985,101.38446,71.745735,44.164425,5.336261,24.802923,381.22522,99.97808,11.640839,5.434021,34.174683,-1.1507883,82.19572,31.592602,-10.12159,39.929108,50.908585,92.554565,13.778784,54.616238,11.866103,138.42093,56.535187,42.785084,136.98787,48.379196,54.265526,23.704166,97.88276,53.719864,-14.549328,217.47739,91.88622,159.39351,33.27588,263.46603,6.1753383,72.03402,16.551651,29.766382,386.67123,10.090955,104.366165,-13.350169,81.992065,93.60045,37.001347,20.962336,2072.2532,63.4775
2023-02-18,3.5547636,58.41284,53.398235,89.880394,173.04567,3.4476314,13.018328,6.656029,18.904638,479.53235,68.35359,-0.19514734,-12.794246,25.986454,52.733906,100.94242,27.588991,-16.828568,78.74377,85.422714,37.061535,11.293437,141.31891,22.748064,68.81243,45.944366,15.919877,15.924725,23.874434,40.336884,16.544424,72.503815,19.474955,3.4899006,156.25783,65.36318,107.67304,-9.051883,160.47205,10.253352,60.686836,8.026314,53.720997,334.9846,11.379819,43.772568,10.782618,85.01129,75.28462,10.558642,11.351258,3043.711,55.226227
2023-02-25,5.2470055,42.947247,17.105585,-21.718735,129.76022,9.475162,13.449689,7.6810684,12.151237,381.38956,78.854645,8.529613,53.554893,24.439472,93.460464,71.16415,18.54819,-2.9084544,28.963997,83.41947,28.21116,0.73083013,53.91963,21.402647,107.0208,33.230465,5.6710978,48.443443,19.393572,13.698158,14.260719,57.173332,17.41586,-3.7999864,186.66002,71.1456,23.912228,-11.798543,168.41898,9.334409,80.33935,12.830195,28.239738,272.60455,0.42254603,33.86452,4.991333,74.0677,40.486965,-0.47911692,5.4292426,1952.5431,54.437374
2023-03-04,4.6186323,32.312008,23.481133,75.23796,218.84442,31.521484,22.075237,10.48506,14.006377,354.47763,100.99107,7.362598,-11.3873625,-3.437338,2.4033916,42.831013,6.829497,30.232792,41.427197,78.993416,73.99468,10.2558565,114.73356,1.2773615,93.06718,49.416054,9.652831,24.442907,6.004325,-3.591924,1.559285,25.18595,7.1383424,-9.694099,60.396473,2.9004292,85.10558,42.017864,170.52524,6.0626287,57.961624,17.825594,61.599586,297.93546,1.2078189,72.960144,1.0834366,30.68158,17.258022,4.706974,6.7394605,484.92877,57.92464
2023-03-11,0.263461,30.1414,17.033895,52.07387,167.73364,20.763405,-16.505232,19.708878,10.239574,353.45004,94.38552,7.3757353,23.108536,13.187751,35.088066,39.1664,13.772513,33.79369,54.447525,37.899353,55.9135,9.472958,77.556175,-10.755302,81.637566,12.028787,0.43577322,75.457054,15.50238,-6.47234,13.136235,43.524105,16.274717,7.9969206,62.82663,56.51944,0.16852023,6.4696794,118.94671,-2.4403365,63.626793,11.3431425,25.837975,188.3517,-1.1224374,44.29088,-1.4213858,100.90399,48.272438,6.5228453,-0.11038269,1278.8239,66.37087
2023-03-18,1.4547697,33.775894,22.620096,37.478893,26.022173,9.174604,-19.46768,-12.922311,5.4507303,334.18625,81.14022,5.57502,3.090963,11.071824,-39.63535,34.68413,-0.41550168,16.142239,30.620256,41.892452,7.9824204,-1.5579664,36.059204,-3.9992948,62.892067,26.439852,3.9667177,39.548214,7.6162343,1.4786152,-0.073083684,-7.7350225,21.419037,22.05074,178.55792,41.161907,51.914368,9.989879,96.17052,2.554852,45.078934,18.367275,18.436052,197.64409,1.2209277,72.9285,4.596206,34.837986,9.027344,13.449442,0.20099482,911.5201,59.560276
2023-03-25,2.8354697,22.670275,26.942577,46.09202,159.96182,23.351274,0.8579016,3.9762206,5.8349133,254.27739,48.470047,6.50327,13.891378,-3.8130422,79.90629,29.996502,24.02375,-19.786345,14.903164,-8.6274395,20.092588,1.5109938,40.645733,-18.930214,32.330204,30.971634,5.2642903,-15.460012,6.788662,9.531694,2.9938958,46.572987,12.883186,-12.533535,66.980965,9.3283415,4.289302,-7.4148192,185.37979,0.35987467,28.697079,4.3214765,30.18491,133.78313,0.72822213,113.63974,-1.1417682,56.16775,-2.166681,13.53689,1.1867633,1060.1626,47.94241
2023-04-01,2.306445,12.479771,5.7540298,74.12697,-13.512381,12.191699,-1.867797,4.277033,4.5714154,295.21298,44.83396,3.522697,0.56349385,-5.9003844,-48.620174,73.30827,13.110118,-30.828331,9.067937,33.2386,3.8566499,5.21755,56.583427,-16.241707,7.9911447,33.365566,4.82986,34.29668,4.27827,4.9633594,1.5837902,-25.968277,17.362625,32.239246,11.941394,-14.08395,45.627773,11.523107,192.58974,0.81303394,32.47187,6.4087906,13.712938,53.54327,-2.6627028,47.35949,3.8928573,52.650288,15.704554,18.774633,-0.13247739,725.56366,37.93148
2023-04-08,3.7615929,15.421112,24.250776,48.21459,-206.3063,1.7669085,-0.51934355,1.9807514,4.960668,204.59674,46.191788,3.7894766,15.512796,1.9991685,58.584156,-1.3796084,1.8828177,-8.597424,13.332603,-2.805782,28.7942,-2.1475067,7.2912393,-5.73784,12.141146,29.56127,3.6227582,-2.6107457,3.7798557,10.244802,0.85892636,6.316799,-15.079069,-0.903285,82.06559,-15.09587,-3.1679137,-13.363576,115.51681,-1.299626,9.099754,13.890618,-13.020076,57.404335,6.9870334,46.854702,4.2565513,1.4263573,17.122236,7.371543,-1.3677094,1511.2875,31.25165
2023-04-15,0.88021195,13.901572,-3.76393,64.75165,171.73866,8.685868,-15.817702,1.1090713,5.9179506,245.3846,67.02054,4.1087894,9.22227,10.824365,-73.967735,83.411194,3.203528,-4.289922,23.759289,38.11608,-9.72698,7.975325,49.45238,6.816807,65.78756,19.763237,1.7167184,64.22223,11.892906,9.339437,13.767236,20.453936,1.4780216,19.704412,60.626637,26.13616,28.805843,41.49643,130.65894,3.507879,35.714794,14.667249,46.755985,247.99689,5.104832,54.082897,1.2781743,69.58787,2.2730398,11.907714,-0.2704425,1081.3695,18.47402
2023-04-22,1.3268064,8.429083,2.6390917,18.830175,-152.5693,7.1970906,-37.461292,-0.20159784,2.058519,158.56892,55.657482,1.1217533,-0.023841668,-7.85299,69.70023,-12.155353,-0.009338462,1.1077434,15.449609,-2.2796385,30.968182,-3.13171,-14.961458,1.5095726,-2.069895,19.543116,1.4677866,18.888754,-0.14432453,8.724187,6.8611593,71.94783,-1.1798407,0.37301466,61.25949,-4.033736,-3.8104174,-63.196133,208.17537,-0.016675152,27.87602,17.586327,10.685306,134.11684,4.5129313,40.713135,5.1415706,33.528908,10.085729,9.821239,-1.4861512,196.97061,25.764805
2023-04-29,-0.27929294,19.92181,-5.2316732,19.880358,61.89947,-0.22633336,-43.711147,11.5392685,1.8265742,256.97607,51.142933,4.951356,-1.0059036,2.7046564,2.3382955,54.369583,-2.2716699,-3.8661904,22.702902,8.810636,-7.7574167,7.184375,-9.683675,7.8113832,52.215042,11.767539,-0.8540934,26.351458,-0.819362,10.604482,8.372273,-10.277245,-11.813924,5.728066,40.390472,90.180336,25.194069,15.943177,97.1986,-0.44279867,21.923372,13.655013,40.6116,109.43075,4.7522087,40.077118,-3.2048037,22.003962,4.5994396,7.072919,3.5658507,1861.444,35.62859
2023-05-06,2.805481,21.873549,-2.8790948,52.849415,32.11631,8.01187,26.101465,-3.4802973,1.2546483,232.77525,54.42198,2.3150325,4.5383105,15.59239,27.413525,-18.990145,-13.13907,-20.044493,20.143322,15.268569,4.3628206,3.5963624,67.680244,22.352478,10.627864,25.751232,-1.5878226,8.303426,6.6143265,4.088258,5.1305623,44.39532,4.200566,-2.293673,22.895222,-9.510159,48.973644,-13.625853,63.03546,-0.10754502,18.00031,10.471904,-8.4170885,134.84459,5.0218573,49.928204,2.3082616,-14.9844265,17.137741,7.601866,-0.3172955,797.5118,36.97583
2023-05-13,2.1683939,17.030624,15.708633,51.19989,-29.361094,5.844093,11.318035,5.353814,2.4816592,141.49632,50.66853,2.28333,8.731881,-0.22999199,60.71425,36.857,-6.5868382,6.9653997,14.7833,-16.742401,5.699291,-3.5302322,27.60881,-13.378773,10.55709,21.40242,1.3605597,9.216862,6.2653904,6.4283094,-1.3447329,49.28113,-15.374689,17.692894,40.167812,47.357845,16.951601,-2.3660653,-20.307383,-0.017855102,28.248388,5.016405,40.360718,53.39822,8.029695,30.361269,-0.49174434,13.553566,17.994041,5.5592713,2.2460842,945.38495,38.179558
2023-05-20,2.5018535,23.47016,10.438686,26.24389,-24.821125,13.264442,-9.9238405,1.3735965,1.7566396,176.95084,51.828793,3.0248256,-6.522321,-8.4078455,10.707922,-11.698476,-6.773926,-19.487951,16.118443,-0.7461736,12.181034,6.002132,21.955072,20.13662,1.974664,28.529984,1.7982733,3.4858823,2.2176807,5.2406497,0.71555096,45.308376,11.231719,-10.345347,58.41427,-7.8365235,18.997694,-34.15215,106.46395,-0.11471845,15.344901,5.104373,-11.27157,37.29157,7.018842,37.609158,-0.1511577,12.073558,-2.012338,5.4684734,0.47840148,1350.2611,34.909397
2023-05-27,-1.2268617,16.676163,9.132235,43.838913,-5.6259813,30.90218,-22.041393,1.2257723,3.1948578,149.75667,55.523483,3.3267477,15.50656,5.333857,3.5344255,36.710255,-8.885651,-1.1756967,16.170378,18.681005,6.333321,-8.383586,4.2019744,15.495252,36.1317,23.253777,0.61953074,8.584548,2.8309371,5.981463,-1.1431495,6.7224584,8.706922,0.7809089,44.435802,10.615554,37.607067,3.100981,192.6984,0.84916,12.913359,4.2510033,28.986834,98.89316,4.13916,4.271419,3.252175,-26.659573,4.99897,0.2767284,-3.1797128,681.0886,32.636
2023-06-03,3.6633384,12.237662,-4.943569,20.179487,-20.144632,25.542122,-13.482965,-1.3386788,1.9673582,142.30414,60.29171,1.791903,4.1650114,6.2244635,0.9841263,8.23324,5.3453417,-14.978651,20.395178,-0.56373775,18.810642,1.202987,19.090473,17.946064,-6.158645,20.896746,-1.9539906,-2.5311897,6.7425537,-0.9136752,0.27222684,37.743237,-14.832241,4.8946886,69.87873,9.840267,-5.084652,-1.6484146,30.923447,0.5027326,22.759855,6.1343207,37.924965,28.109201,5.6739044,40.095085,-1.4752971,-4.0687284,19.471233,-4.233234,4.8334403,1385.3275,37.50784
2023-06-10,1.1633755,12.988691,17.275787,81.66292,100.42101,1.7698799,-2.8341537,3.8577542,2.891336,121.80244,55.3926,1.992771,8.998102,4.49223,7.796317,30.022934,-6.916444,0.9636308,25.94641,6.944574,3.4010286,3.3653657,20.25169,9.032234,6.489402,13.944661,0.78735566,19.670551,2.225077,-0.33538684,1.9766684,15.848498,4.194892,6.765808,90.21633,29.648468,1.7531368,-39.502316,46.79013,4.1241865,26.372965,7.3955417,3.8923225,165.27393,8.226146,22.104765,0.35723057,10.412008,8.528941,6.049538,1.3696388,591.57587,43.823204
2023-06-17,0.5073533,14.322469,10.300127,51.800518,-156.29881,-0.7162671,22.589941,3.112875,0.0029617783,181.83904,41.402878,4.703348,0.30577883,3.2874134,50.991745,14.295779,14.321335,10.011052,15.598424,16.3979,11.276135,7.0486174,-1.1433026,-12.094529,29.617735,33.08798,0.71778,-6.2837853,2.8804092,-1.6723797,0.45682272,22.15695,-6.4129305,9.453855,33.788036,-16.17357,19.729631,1.2615498,2.1607609,-0.12927681,12.770682,2.0378017,5.7927084,121.25404,7.897251,32.600155,3.4754791,3.5304296,-5.2405725,-6.665499,0.68432236,881.8071,51.119476
2023-06-24,-1.1506073,11.21013,-9.396171,47.884663,163.44612,2.0357604,3.7076452,9.406858,3.1617062,160.66974,37.999966,3.6201887,7.7152014,-4.00177,2.1221895,12.671223,1.8347641,-23.553345,23.874226,24.944857,0.72791606,-2.6440165,29.12135,-10.284872,-1.8133004,14.459598,6.2939878,-5.972764,0.5144798,3.9882736,1.9103376,-9.545191,-3.7999215,-0.85188156,49.78092,59.66175,5.755659,23.836975,77.19834,3.6023378,24.785515,-0.56793886,28.450356,122.930954,6.27414,20.60011,-1.3642403,39.126747,7.7505417,11.948795,-0.6453294,1210.9978,43.42175
2023-07-01,1.5971385,26.759743,0.97532636,62.7901,6.868914,-12.671697,-2.7799354,2.7560241,1.3161546,173.11508,36.874367,3.9524324,-8.13062,7.712649,18.39324,17.292236,14.052647,-13.195526,12.531639,-11.4239435,9.510056,2.2564948,4.3382964,-1.9232363,-27.915194,7.528256,-0.16789782,-34.490875,1.6505415,7.8618617,1.1506048,22.267357,-17.157675,16.062243,0.2684302,1.815398,21.148798,11.430302,89.14028,-1.3721961,30.357405,4.7572002,29.98081,48.46185,5.5181003,18.855583,1.1230341,-1.1339235,5.4448853,12.729174,0.20687237,1300.6696,37.5454
2023-07-08,1.9154738,12.534768,-1.7984989,53.92083,59.674927,12.941533,-2.6280065,2.3452694,1.3245339,96.89306,41.70334,6.0238147,6.007294,-1.4644631,9.99049,19.073902,6.569636,-28.960548,12.4723,27.817593,0.6209694,2.4845226,33.802963,4.365903,18.835632,25.552986,2.11435,3.999348,2.7817118,0.85581625,-1.6498153,-20.518711,-0.5064302,7.26181,10.062843,4.6370754,-3.5984578,33.17476,-2.3061006,1.2183343,6.6028476,1.2797365,25.7897,94.31381,2.867315,24.882845,-1.6508784,28.680325,24.747517,9.997736,-0.5442424,764.40936,61.748165
2023-07-15,5.1595383,10.999541,-5.9274616,23.613676,-84.71795,13.725764,10.702815,2.980012,0.90063286,150.29263,45.52415,4.827144,2.6925442,3.587139,26.517067,9.233773,5.6316457,-8.162444,20.750292,6.975129,19.5179,-3.9421668,2.6164243,15.200146,15.203375,12.7556095,2.0158424,15.854347,2.2811255,-0.88611877,0.33796534,-0.93492436,-6.3976607,10.110773,36.251877,0.0048933583,12.518297,5.739524,98.51131,1.4334499,10.643883,0.6193501,33.046295,-7.2827063,5.123157,24.60803,2.3235428,16.931364,-10.493438,2.4037805,-0.05528159,754.5456,43.831116
2023-07-22,-0.7538632,6.619722,2.4304764,31.197495,56.230007,-3.6887505,-4.9162984,-0.53065383,2.0994203,156.57936,50.158264,7.155729,5.279908,3.959052,0.2011972,4.511684,1.8254136,-1.0468583,19.26007,-2.5618744,6.7144566,0.93345785,26.325975,7.342431,23.904413,9.165439,-2.8973405,29.977762,1.0001032,-0.1408001,-1.0739213,-0.6436172,-16.111702,-1.5117364,37.94576,-13.075588,-11.601763,-1.6908205,17.156565,-1.3330573,0.82721764,0.5363681,22.09574,105.63951,5.3963046,9.173623,-3.5940776,15.276628,11.495845,4.4601493,-0.17147745,1199.446,51.876354
2023-07-29,2.9665575,10.142089,-22.428623,25.989315,-13.760632,8.347695,2.768322,2.830678,0.94184667,176.00572,39.14009,8.254225,-4.764717,8.3265295,-6.1791687,7.109773,-7.6751804,13.07529,7.958817,15.070275,7.566442,-1.0891253,19.971073,-3.6981971,-5.974798,17.701082,4.788575,13.362674,1.2633623,3.61806,3.7772818,-1.8669271,-34.27738,7.836851,60.867092,35.92784,12.639816,-8.763899,116.84804,0.39330456,7.155601,4.1111903,44.36824,14.673969,6.9902864,37.322247,4.132111,10.935782,-8.780689,10.846347,0.79382783,1571.4502,48.68917
2023-08-05,3.3270106,6.098327,2.1734354,16.614393,-48.148693,5.3741446,-7.2002273,0.56772655,0.24531497,156.31755,27.4254,7.88096,0.5269799,11.085901,5.193971,6.2540975,-0.50008976,3.4564202,23.676249,-7.721693,7.7445464,2.4192207,-13.529534,-4.866362,14.855185,10.923063,-0.5522378,12.149651,1.9847152,1.2798406,-2.957553,15.8094845,1.8618921,1.6024231,41.37358,13.428661,1.9072028,31.887451,20.661932,3.2581985,5.4127774,1.9154868,10.937982,51.15801,6.376213,40.358784,-2.229378,17.780926,26.11667,2.7107396,-0.3416622,1139.2767,41.14595
2023-08-12,-0.032391686,12.62092,-5.3212895,15.661155,95.074776,9.140276,-7.5776916,-1.1918501,-0.012533057,138.71559,11.60571,4.953229,-0.48303318,-10.371433,-5.809426,4.1346965,6.9651923,-5.0160084,2.839049,29.95713,11.489638,-0.7948016,20.250679,-9.745947,26.381172,14.21387,1.371345,6.0990763,1.5790277,1.1269788,1.755375,-25.52314,-10.41286,22.678148,39.265884,12.093996,14.335547,-2.7619877,62.20827,-1.0892657,18.2178,-0.5563858,47.06104,132.00803,4.609365,38.481346,0.3280074,-16.578629,1.0962635,2.8885858,0.46708164,1192.9404,37.846424
2023-08-19,0.32497048,16.586662,14.609036,-2.4458244,84.47496,17.922132,11.277922,2.2078195,1.262509,124.67673,10.277,6.145418,1.0715086,-0.3188873,13.406401,11.792333,7.6547623,15.403478,12.544567,2.352965,0.21617097,1.1850696,-4.2504478,2.231964,52.119072,16.674126,-1.5691813,10.925368,0.5620239,0.3395915,-2.1816523,27.05584,-10.981859,9.908495,-9.068331,19.299938,28.209442,15.089711,-1.7336088,0.06149067,8.147108,-0.1318074,-10.343921,78.073,5.6382446,26.734667,1.2550042,-0.9199459,20.143007,7.157572,0.3397905,1409.7759,40.741463
2023-08-26,0.3000651,28.685474,6.3448524,-17.16798,-40.990036,-4.770143,3.325109,3.2943103,1.0791032,153.02965,15.586287,5.401476,3.0639906,5.411226,-4.376077,18.766052,1.6664445,23.053736,4.520496,5.140997,29.935774,3.1818936,22.5456,12.405207,2.5574315,14.494486,3.0575836,-2.2345653,-0.4602602,-1.4504446,1.8983024,-5.291499,7.6679597,15.948191,6.608733,34.476368,12.544553,17.63038,103.94125,1.7928312,16.535624,2.3661678,31.991655,38.494133,4.6128483,17.904268,-0.43339333,-7.1499,9.442862,9.45975,-0.44574523,1344.41,41.78705
2023-09-02,0.9441319,21.016413,4.1365547,11.63986,160.49802,0.13418262,2.7984407,1.507176,2.2729506,123.81716,14.375803,6.616391,0.39074013,7.6316943,36.346222,6.8180037,-0.78239363,26.82612,9.088994,11.473769,-7.8813334,1.8018534,-11.002893,5.5884204,-2.8065186,16.719185,0.42376536,5.2055655,0.027268197,4.1949024,2.2811885,19.24774,8.055803,-1.3316462,30.91123,-14.749182,23.038267,-5.53339,-31.328262,-1.3257071,11.338981,1.3836497,4.099224,118.72644,4.3795295,23.104208,-0.7166921,30.96576,-8.42403,0.13547294,-0.5767256,366.09842,40.31969
2023-09-09,2.482713,17.930197,15.239417,39.019554,72.07167,-7.4600773,26.569456,3.9059708,3.7048967,95.05438,19.44041,7.305139,5.6869607,-1.4725409,16.06714,22.80785,2.7501018,33.166016,3.481891,7.7998095,21.026888,3.1410391,23.22259,-5.5096464,7.176745,20.654348,-0.5380141,16.98156,1.4522474,1.3966788,1.1451126,20.731276,10.65153,8.384303,-1.2716248,6.454282,3.2662272,28.447256,28.316319,-0.9818391,11.259439,1.8687167,49.55991,110.581894,0.47747332,25.83326,0.20117348,-4.3301373,16.943598,7.5803256,0.81403494,1085.5835,40.264755
2023-09-16,4.448861,30.217957,16.73047,17.963577,129.93196,2.7575684,23.898304,-1.2765079,0.34756604,159.62352,18.0848,6.9388227,7.7256713,8.457651,17.043222,16.273426,1.9216261,34.313545,-1.9605259,3.0059068,2.6911926,0.87309974,26.94189,1.0306299,-3.0069592,30.231031,2.1870987,19.750992,0.49101654,-0.93105567,1.676342,12.184447,23.565796,7.2724686,32.106705,35.04414,24.305893,36.290627,1.5031205,1.354803,14.154867,1.4647826,24.158335,162.04384,1.0877297,30.53815,1.2957902,37.111187,5.1547165,10.949726,2.07511,857.3162,46.986126
2023-09-23,0.8082449,12.4165945,21.497349,46.513405,6.6322474,-1.9844242,11.3466835,2.6396487,3.1359854,162.38731,9.938832,8.513867,8.198631,3.4814057,66.548836,-2.406497,4.995883,26.163355,-2.0105217,7.997599,16.92161,0.39392552,11.281303,8.295044,36.69739,45.422737,0.007736341,7.613871,3.2242823,2.711078,-1.8871889,17.30193,15.40282,16.548698,5.5380936,9.23638,30.200335,9.792101,89.73228,-0.34163812,18.98644,4.2629867,26.240011,86.20108,2.3322294,59.96426,-0.6793808,17.723429,14.909823,2.769144,1.3315339,1372.953,52.124634
2023-09-30,3.057614,11.156554,24.635054,64.06786,250.51044,17.258621,17.959635,-3.0141857,3.9702878,220.10825,23.354153,6.568887,12.325928,1.6440003,35.26375,7.8742967,10.78409,33.13517,11.633573,21.193005,1.4887064,6.1313896,23.675388,17.117186,35.60002,37.674683,0.6839637,16.190304,1.4161592,8.989935,7.5572457,3.4027426,16.521212,0.3439308,50.930355,30.708677,26.660141,49.06479,55.5572,3.931526,20.542646,2.1732416,26.260555,137.94307,4.93395,25.043894,2.651863,52.652294,17.36177,9.965101,-0.4635982,1216.5356,69.795876
2023-10-07,5.1929092,9.040628,11.889071,78.48573,1.5735382,20.041233,33.681187,5.0918856,4.353332,173.90086,20.718407,5.630541,4.0262704,20.315302,21.222176,23.04419,12.471642,4.550546,2.8325946,16.989439,13.262518,1.5376722,17.789328,1.485606,-10.784836,30.340242,5.384745,9.334846,0.9661974,12.213423,2.329755,28.655401,18.43969,-1.1620864,36.247456,24.99242,-6.10322,-8.915297,10.202325,0.5113317,27.088804,2.7320578,60.8884,4.173812,3.4823325,30.46502,0.48356473,89.47912,22.365717,19.056816,2.8872595,558.92975,50.84135
2023-10-14,7.181117,17.74984,24.235115,59.324715,18.781158,19.911888,29.83009,0.2365783,1.5445074,154.53287,26.718443,7.494575,-0.9906203,15.080439,41.458237,11.186311,-5.78558,18.098682,22.81516,34.34222,14.894815,5.755889,26.084757,31.344553,-0.7062385,23.119476,0.876799,44.4942,2.409765,2.2287855,3.3664052,65.216034,24.229101,4.2254996,49.88222,31.993006,36.097054,32.7316,75.35406,3.5300264,40.74975,3.8721123,22.91556,228.00572,6.539417,40.497833,0.14691715,60.49609,19.964346,21.687912,3.104492,476.78314,53.0004
2023-10-21,10.260619,18.802122,20.362066,70.91393,-64.02949,23.357239,37.12674,2.3708577,7.964879,204.6942,35.284935,9.696007,6.0182986,7.778715,8.578986,16.585201,0.51890165,21.22143,28.361311,7.532897,17.10892,3.3721888,-36.854473,22.874842,4.794817,24.776274,3.3593485,-3.5811622,4.1511745,13.274832,8.829233,62.548077,29.654812,31.500423,46.050323,5.818967,32.80837,-6.009018,16.32125,5.9436994,34.047054,2.117071,44.893986,93.31219,4.4533706,24.54954,2.4297743,19.968874,12.157498,18.787241,-0.016220698,426.919,66.31105
2023-10-28,7.318121,29.126963,17.29027,93.48304,137.14537,27.028437,17.28331,1.5271511,8.354487,191.0906,40.23978,8.703273,0.90825224,5.812788,57.5685,14.187819,-2.1974506,7.966608,37.93776,5.994792,4.9910617,1.5275011,17.97164,-6.625796,1.9786276,19.636274,10.239865,0.31444594,6.313964,12.286121,1.2587427,44.66126,28.88711,8.4489975,65.246475,25.790688,52.99097,11.671707,149.65564,1.530681,22.384077,4.4169874,36.04724,170.34406,6.688639,40.613052,0.104802,7.65561,0.39482456,26.518612,7.8974824,1325.0037,80.01578
2023-11-04,10.7140045,14.949152,34.724335,48.754192,-84.50541,1.6753198,43.03684,2.4111912,4.0533733,279.5665,36.377937,8.088383,-6.270022,-0.14459243,5.9185104,20.765623,11.503718,-6.260968,42.900116,8.524444,16.815746,9.226735,-7.657422,1.7116325,4.1004558,25.271328,-2.1490123,54.798183,3.995412,10.693716,4.39797,1.349295,4.1023803,-7.1743145,45.828335,33.86039,6.019367,10.75169,-8.44808,2.7319093,19.968168,6.5010624,31.998993,183.64346,9.608028,33.066063,-0.44182938,-24.196976,18.497272,21.504164,9.046553,576.0695,88.552475
2023-11-11,14.360117,34.59399,27.482046,27.636324,145.86774,26.139143,22.902847,2.5076177,8.842093,218.46844,57.75506,10.68076,0.59606206,-5.2403507,41.195038,26.157803,4.022136,-3.57136,19.220503,37.005196,10.1815195,0.9009696,39.125397,-14.659045,-5.59466,30.207493,0.54106617,39.23416,3.1749465,13.046121,1.8352624,54.444397,9.990973,-5.8285837,-12.533447,22.913534,56.712097,-14.616559,117.36874,1.247156,29.553703,2.142537,29.963425,181.8163,9.670542,33.216434,2.1739292,10.96219,5.8304086,16.323683,3.4073884,2242.6523,85.40917
2023-11-18,20.931417,40.51913,40.061558,71.6907,119.63966,11.226898,-4.6788716,5.8750844,5.959997,387.36673,60.89787,9.96746,3.4791858,1.6719033,39.18204,23.059877,12.860619,-18.574883,25.804281,-2.838767,17.583754,0.41455892,13.459547,-2.5720465,-3.95897,14.965685,-0.662366,10.606546,4.1785502,9.7325535,-1.122575,21.30261,-0.8340213,15.17359,53.19498,-1.2916138,30.323902,24.434132,-13.471451,-1.3742245,38.449245,2.956583,58.898483,350.14474,7.1005373,61.227856,1.1087748,26.222843,-16.801498,2.4308462,2.591173,1821.589,102.9787
2023-11-25,27.69313,29.518864,33.191856,54.047333,245.23474,40.791916,6.6033883,-2.51311,6.1462626,377.25696,73.15234,9.945143,2.674643,1.5002358,11.013443,36.64034,18.862438,-13.67468,38.779102,41.87713,14.165245,0.2168474,-20.41599,-5.756901,27.185503,23.644445,0.23229903,23.907036,-0.27409628,4.43753,3.7990606,70.74701,14.203823,12.832064,52.590088,27.222956,23.944664,19.270477,102.03161,1.9851577,20.331102,-0.079014845,46.10172,257.4641,11.287856,81.17892,-0.9728817,-8.0952425,16.940998,13.733451,2.355226,1722.5173,118.86055
2023-12-02,38.392403,66.38074,51.225323,76.09361,254.60805,18.134684,-3.7541025,1.4433568,4.671609,472.7886,77.466385,8.363393,8.551789,-0.060968447,116.468124,36.940655,18.748463,5.440317,58.532574,44.428406,32.314377,4.575796,57.383163,18.922781,43.966827,42.064545,-2.2895048,71.02021,-0.33060426,-3.8878071,-2.8342214,22.569666,11.800038,20.900446,23.02465,-10.017326,30.080961,-8.024598,19.296328,-1.5260413,56.497368,-1.6179465,68.56504,415.2353,10.927201,69.68368,1.294054,13.089477,10.777426,8.721437,3.9861002,4130.749,166.45964
2023-12-09,28.600765,65.78808,42.699375,159.68605,443.85117,64.69611,-17.928835,-2.0640252,6.1318,504.99905,105.45015,9.973222,20.068405,0.7587834,32.97872,58.04116,13.13203,22.591877,71.339355,44.47428,10.009233,8.157541,34.99323,32.995346,33.628094,56.719444,5.0561852,84.88508,-1.2670399,-2.070628,7.70055,67.75839,18.441795,16.74898,122.39761,64.44246,46.755047,14.393952,72.07483,0.74351484,60.010517,-0.53976196,47.213665,427.3936,13.44106,92.00551,1.5311428,31.217934,5.5394025,14.6460085,7.491148,3147.8713,116.92798
2023-12-16,17.64023,66.91686,26.386219,187.33875,675.14136,90.29719,5.8166976,6.141629,6.3901873,666.88934,126.785095,12.715253,-1.2064471,3.644468,112.559906,94.27651,12.881953,1.1781627,98.29075,25.812511,43.77469,0.60525227,17.438662,-1.327429,68.21108,39.556473,1.0521648,67.854546,2.8618743,-0.5406547,-1.1203473,50.788746,6.5718756,36.39072,117.7502,70.21341,55.46971,30.039438,109.60733,-0.034415793,62.56276,-1.2477729,66.33377,462.35593,14.489598,89.23296,2.8675427,59.173317,-14.397404,16.048061,6.0298185,4656.8145,83.97261
2023-12-23,16.195808,78.389046,41.469204,211.16916,679.97046,127.78299,6.678094,7.939456,9.778143,694.75494,152.854,21.572931,57.002014,17.82094,151.55911,107.44352,42.809803,30.746733,120.79638,69.64219,40.078495,16.99556,131.19365,49.82689,88.82759,49.9399,7.064148,172.15399,4.477395,8.493137,7.5625134,116.41877,29.446665,59.042034,327.07404,95.51373,52.12311,-10.439898,120.05699,3.8046277,97.653824,3.5690851,51.8935,526.1001,19.352386,133.12735,6.1077275,108.294106,84.66597,26.322666,22.152264,5675.1343,105.82138
2023-12-30,15.290051,101.518196,46.06799,301.01016,775.80365,102.77964,-11.99313,14.544177,6.86376,749.03845,236.11333,16.606148,56.37923,23.890451,220.96278,170.13243,37.32538,14.469663,124.8049,130.78996,101.95118,8.403505,130.75406,0.65156484,149.04471,89.83536,18.05592,229.25706,17.102297,13.782012,10.1508,107.69015,51.259068,46.27646,439.22705,96.01539,79.29832,53.54418,255.40012,5.6677785,159.72154,5.6872582,162.24344,609.07196,18.943592,153.14488,0.49776438,71.8047,18.362732,19.301037,26.229162,6429.3037,86.1143
2024-01-06,12.015298,152.45416,58.8039,499.72153,1376.661,171.85004,70.65938,8.109224,10.597911,835.63184,271.50574,28.685413,50.385666,50.534744,217.49586,147.54053,33.115078,28.77416,156.40656,151.96947,94.43263,21.362637,233.61713,58.94576,175.54001,124.85027,26.87469,415.96384,11.72398,16.550568,21.712578,225.19238,119.303055,118.41516,676.85803,187.15271,69.04569,63.25479,316.46967,8.734509,223.67963,7.246612,117.67273,691.70996,21.356314,201.51521,11.442058,60.07409,119.49143,24.321913,50.18217,8780.986,77.006485
2024-01-13,4.0189085,204.39726,128.43431,757.9227,1506.2799,269.169,150.3376,17.795605,20.58883,948.06726,482.30344,27.109879,75.11316,96.28573,295.3049,257.84415,50.409027,82.79645,209.53845,248.53328,148.1215,27.807531,270.67963,126.54269,122.73209,190.74416,44.81215,515.88605,16.67578,21.36684,33.335976,366.15558,194.69186,141.56212,832.16943,334.80054,122.79784,59.530804,453.35864,27.459723,357.21167,8.608854,304.4892,1114.9945,32.184277,325.97113,6.635887,140.66614,125.930954,40.08085,56.015457,16178.547,72.40456
2024-01-20,5.6013327,265.4358,100.72773,955.00964,1686.6047,254.64774,141.98581,52.33447,22.531107,1057.0388,793.5102,28.555777,99.58183,122.27952,580.9523,353.52386,105.93614,140.8569,303.17526,453.6902,214.31653,20.588657,313.621,118.72081,211.81961,183.79836,83.28787,650.0943,29.688763,43.78902,47.77653,654.1723,246.21759,172.07391,1046.6849,460.16516,186.03183,129.54457,899.73724,27.01645,381.26437,32.130943,401.02658,1845.8312,53.264412,423.06808,16.843426,182.34578,246.26225,81.343925,33.02,18558.957,65.90305
2024-01-27,6.7049646,226.01302,193.16136,1076.9034,1464.5208,357.7879,189.23305,48.296326,28.293207,1270.0123,1679.5758,29.956501,91.70909,160.87227,627.97644,296.34058,98.65314,243.65836,305.59796,574.2229,377.80386,48.766315,401.24783,191.35194,377.1548,233.91927,119.69488,1098.0941,57.79284,58.1371,65.85002,795.58295,223.35257,151.84242,1235.8473,785.40533,114.282234,160.89455,879.54126,44.187016,949.5632,51.067085,706.7479,1814.9474,96.34706,779.4087,17.523409,225.14377,380.6966,121.90205,62.566788,18164.686,62.52777
2024-02-03,0.74009365,250.03352,242.97241,733.63336,1055.5797,272.93307,163.15147,57.683132,17.354242,1188.6849,746.3499,35.89291,62.018307,124.52754,336.31668,417.9211,62.240955,213.39717,233.29008,577.7342,287.3513,62.930347,263.5863,93.51093,303.70963,249.07704,67.396996,635.88666,54.81235,50.368557,41.010666,564.2806,156.18655,138.7175,1225.0865,500.18073,157.69711,90.4167,617.5247,38.328,447.29962,50.892605,388.80685,1355.0349,57.597603,496.78574,11.326914,147.47849,151.63684,141.255,74.062,15495.359,61.604145
2024-02-10,6.894775,167.77449,204.92662,601.60095,639.8419,218.85533,125.25192,28.90149,15.006828,945.1303,542.91003,25.705976,42.355026,99.33273,295.11057,306.20776,60.7375,200.20828,169.65746,396.03253,176.6734,39.365517,277.27777,110.466965,215.52109,202.83139,69.299644,406.24304,30.246174,48.79858,39.4075,434.9707,117.42802,168.78351,943.5634,473.7752,163.74178,57.39742,359.52365,31.711315,80.333466,30.141861,251.76567,1109.2804,45.82377,309.71472,28.606337,105.06578,201.22995,119.1223,60.91758,14148.378,57.04585
2024-02-17,11.252788,150.4765,196.08714,540.2615,999.10406,161.94968,119.84693,20.933521,14.989491,892.3434,581.1731,26.804903,66.76845,73.63709,343.16736,310.61148,39.601692,183.5277,134.41666,341.64502,164.33662,33.785484,323.31113,117.89198,260.50848,146.46602,58.68352,297.2991,40.866222,32.99801,22.008432,375.7699,100.92586,35.20955,794.488,495.9073,246.6681,86.93306,417.14923,34.12619,170.0755,17.608189,283.8773,1265.8623,35.17206,302.35706,24.338373,168.32558,136.22023,120.87907,30.892406,12277.241,55.7779
2024-02-24,6.484802,118.16954,248.89987,517.09753,309.60687,217.03827,167.14583,18.543531,15.595569,704.2826,476.74997,28.66479,72.76532,87.420616,230.8104,325.2418,73.467026,257.18796,101.10408,355.66064,159.75131,37.871902,343.6536,141.20953,264.3674,114.029434,108.24189,330.82608,45.44858,50.598022,19.43024,329.43454,105.76215,82.18419,942.3014,617.1463,435.27585,99.80474,360.07648,28.196566,212.75555,27.397532,205.792,1408.9889,37.688515,247.53522,21.57965,123.195465,121.838585,118.4039,45.696648,9908.336,52.67657
2024-03-02,8.376668,79.37819,255.46425,358.33655,454.26163,208.38152,125.27261,20.39341,16.804592,677.70856,371.9871,13.785785,129.67096,67.13834,373.20294,382.1744,159.09059,285.39304,88.913414,491.4208,112.417,68.42506,414.0315,162.70764,366.98254,93.36763,78.62957,227.1401,40.118073,57.421486,34.389515,362.42932,70.978485,10.510728,754.47266,680.7441,441.64682,105.891846,521.07733,22.255754,141.94623,32.765236,211.1739,1357.3649,29.418203,202.97734,16.83089,99.671364,178.31288,128.33022,43.67875,10418.38,65.467735
2024-03-09,11.64541,88.40773,268.60712,216.00291,416.39352,197.90721,117.47243,11.540054,19.793455,695.59656,291.65396,17.74601,128.93636,61.500305,173.7308,370.5053,187.84106,312.10938,79.11166,307.65857,120.967026,64.442474,681.24945,161.308,386.1214,71.58079,79.201744,184.77527,31.353334,63.814594,47.159023,312.89087,58.060066,29.994537,660.8311,655.4919,460.79364,104.9061,396.32114,14.070585,130.57529,26.862457,202.16216,880.1931,24.442211,228.45654,21.133923,91.942024,188.80603,146.2539,32.262684,10518.885,54.474216
2024-03-16,0.44764867,95.34366,264.77545,229.30247,270.43985,153.06635,124.3058,19.13642,24.368576,617.74084,201.96495,13.17044,131.50452,58.58441,329.9898,357.97443,181.81213,326.6017,70.217255,623.0764,120.76717,89.233,745.4069,188.1863,369.19345,79.22212,28.53726,187.3001,27.19862,67.50657,39.555653,445.66125,87.05753,46.119457,793.71344,634.0673,330.39038,47.780315,579.57904,30.415266,113.10383,31.438822,217.07776,652.1429,18.391401,262.32706,22.179081,86.34949,230.56764,174.04416,37.538837,10982.491,58.55474
2024-03-23,4.2083163,72.22816,240.22227,177.05186,216.28383,112.405495,158.6311,16.25455,21.707178,532.1691,108.14156,12.512354,162.19856,82.44873,295.19324,366.9342,74.34272,295.9117,51.456905,406.7587,148.0387,71.48331,874.8235,169.96053,486.28537,57.471565,14.201226,107.24305,20.222132,82.46088,34.368797,309.43164,51.514263,19.834131,746.6193,677.52844,73.24473,97.81479,445.45203,33.170177,115.60125,47.007675,241.69827,695.819,12.103715,263.97488,25.25511,74.09537,202.14789,177.20312,26.67309,10551.745,59.7301
2024-03-30,9.369399,80.38138,226.40971,132.25018,98.54277,83.682,211.1598,18.285784,24.114859,505.17612,138.45161,14.107444,157.73582,56.98021,265.2893,324.26257,82.32595,284.45358,48.32447,516.4115,182.40746,55.26871,938.9253,163.59827,444.03915,61.483826,17.929766,118.94658,19.768997,101.83854,34.757442,341.57233,64.60816,45.757378,699.1079,595.90234,128.59256,75.20882,479.66696,21.644587,81.55154,43.787743,210.89034,506.86868,6.9112744,240.99323,30.24372,67.24225,182.36957,184.09816,20.615025,9448.115,46.864635
2024-04-06,5.019798,59.742188,207.05334,62.928646,124.998474,70.71167,151.26817,36.285023,21.933582,393.83594,87.84973,10.668205,175.90727,46.984608,244.59615,262.0527,63.03771,156.8088,23.981918,280.8664,144.923,27.94665,750.2269,174.11768,355.56015,43.987663,34.127712,126.686554,20.284542,93.781845,29.464464,176.61732,49.369724,30.294235,493.24884,478.32944,118.60825,81.86664,371.4147,18.989159,98.77897,37.03575,159.35176,366.93063,8.244308,186.6956,28.161041,78.8125,198.11966,160.42412,17.291698,8066.2373,54.09392
2024-04-13,10.109509,64.55589,139.11829,105.85704,85.02907,69.79942,96.9822,9.460376,16.67345,301.20145,65.28226,15.162084,65.70325,66.14278,227.1332,202.22766,96.38601,119.86382,23.779905,255.48767,93.461754,32.99993,443.03488,142.07405,192.5295,46.482548,25.454903,66.17373,27.747536,64.28224,33.84164,165.67645,49.145016,30.96752,438.54102,219.54172,75.04132,61.830204,252.02783,23.577284,48.371567,36.199455,124.60785,421.71277,9.405021,161.36581,21.848074,70.588936,147.6552,110.92902,15.476432,5938.807,77.628365
2024-04-20,11.610312,58.168224,68.658035,117.48632,66.51724,58.093224,94.69511,16.850529,14.394543,319.23376,34.96258,9.637663,87.57953,44.876965,207.42715,157.3595,39.203274,103.93014,14.341504,194.48534,55.694904,24.40911,483.81747,111.79906,149.82346,46.332413,19.455072,59.72228,17.550552,52.49063,21.404528,151.97888,51.37251,49.476707,393.54385,238.87505,45.405697,81.14436,266.97394,15.820314,67.046005,35.54008,87.31813,235.3503,9.315384,171.37413,16.815275,61.63067,108.70234,85.552376,2.5306008,4901.1943,50.39749
2024-04-27,4.976697,68.93944,56.060677,83.212265,-84.59568,47.17133,100.99574,18.175774,12.664011,357.75632,57.48873,8.4259405,93.57995,49.33481,210.01125,139.84674,44.84673,128.47713,24.42888,192.04106,78.557465,18.408913,414.63153,115.27321,168.09575,61.17214,33.264046,96.2099,26.110092,47.121525,19.702171,191.73514,48.8896,25.346367,390.24796,249.59373,99.3724,87.25051,371.66754,18.781885,64.50047,33.25506,92.44997,205.89125,4.664373,133.95451,16.38639,79.53469,129.29431,61.756058,10.950661,4733.792,44.986107
