date,Alaska,Alabama,Arkansas,Arizona,California,Colorado,Connecticut,District of Columbia,Delaware,Florida,Georgia,Hawaii,Iowa,Idaho,Illinois,Indiana,Kansas,Kentucky,Louisiana,Massachusetts,Maryland,Maine,Michigan,Minnesota,Missouri,Mississippi,Montana,North Carolina,North Dakota,Nebraska,New Hampshire,New Jersey,New Mexico,Nevada,New York,Ohio,Oklahoma,Oregon,Pennsylvania,Rhode Island,South Carolina,South Dakota,Tennessee,Texas,Utah,Virginia,Vermont,Washington,Wisconsin,West Virginia,Wyoming,US
2022-10-22,6.690937752940083,116.67238661303594,36.30586325718892,31.724208365188208,105.94764483529725,-0.45923055689620185,5.825582430359486,1.4526953074651199,1.2722650523692027,120.89462728844694,133.67931806351663,2.5566810934617203,2.821652683234265,2.5296178447546165,40.877562997631685,62.456646449376045,4.836509739501031,30.591277141851425,67.65181549634667,0.18670082031200863,4.244199431480946,-0.6723813084619064,41.64056447257534,3.6027506275635908,20.152185481228628,63.80026203162907,-0.7650820448012576,59.039976709160555,1.7660383251061615,9.587278874922548,1.6144522906472853,49.21530612796047,10.72202214911868,10.535491896872163,70.20513965290841,46.2299278886795,-6.9473217112040615,3.0701026050653755,87.64700368988602,-3.4735644346461303,64.59471299866573,9.380116389160603,66.01387853368423,281.1838796776922,1.982709522477748,76.33539892379787,-0.2328384745934846,15.61150173683501,-4.474096393146034,22.42362652444833,1.9987902624973841,1990.8051740453561
2022-10-29,0.6456713073965563,128.04583727329356,49.31668542119851,20.3310516259424,160.7502192191742,15.921837346246086,11.677988482005278,3.5645925589067557,-0.3747634976743912,137.96403346414485,120.25920374288614,1.8966592726861986,10.07279884618488,2.2881512771162544,31.56027326890733,51.443627879903644,21.328683515851388,15.23480766244871,92.71378840519442,1.5018921386512787,70.36241286644372,1.2960749565225402,10.68357416446526,21.12975808453009,13.272019699459378,93.60267574506418,2.0435885466179275,79.54426585061576,0.5221616597251955,8.76838332217934,0.7722869351081849,48.987894304194434,36.48171002837086,12.100299652079045,42.59315298883471,83.66960865866972,101.4574988477487,16.433194416230155,84.34988513197037,2.29040673340202,89.70958916697384,15.765628422190623,132.86374604694535,537.5736713216096,9.671493471094301,100.34001075921816,-0.053284068789786865,57.002253712212955,22.666579266747775,20.121782944239687,1.5847808801389844,2259.6164119127016
2022-11-05,7.887175162682642,153.08102565074066,40.541610671954146,63.38007104314982,265.4360056718057,38.38322541617667,32.01627715525348,-10.598675329854322,4.471159495476243,306.6838637881929,196.2915323914898,6.428005197026488,23.730351259932846,3.4072781432758923,135.30001586447332,110.2493559034659,23.033118724571395,60.730030336803644,204.13060587422618,20.409736777440422,127.55890261138696,2.6621392720794734,46.32478588487551,50.52263786913406,41.83554753187076,122.02098497761864,5.189095877395688,219.57211238473008,2.2373657910479476,19.216284947624644,-0.4812783609904461,68.17639286528576,50.5586823679641,22.59159620051481,125.60057803266886,93.60169295831018,43.43906872739699,5.545379043353493,174.89751153739985,-1.9696622971468232,123.50750371459594,11.543854947605507,116.80570543468728,799.1207580914427,17.54142868470101,199.89839101287376,0.7913103677701732,45.682205154590264,21.947681996078245,59.85128112781266,4.141132193946094,5827.485215130972
2022-11-12,16.256085723320055,430.53801530135075,184.30351067484617,116.56335922804739,565.726345028163,53.03729879234171,44.04224873929885,8.663355802906501,46.218551207318924,261.694975858804,193.65938225508734,5.395124861675038,13.81164862835973,7.5562737541316825,175.7145177809788,233.30472042219964,51.93619452327397,158.19770958437178,158.83344464123536,58.447246100692276,105.80338588335884,3.2076483533286417,35.82722418297769,88.00959703186129,122.88047478174991,263.6616202727217,4.266534057332486,303.26401251119427,5.662819965789588,37.5367293704196,5.794309774414989,202.51608960844771,99.20792402230849,35.40598205714554,198.66707195701616,221.68001418600903,89.88866704508757,42.59741906061599,235.7829216860144,5.273776179233828,252.4822591632009,22.962459407653625,238.20800728402634,1143.9064230976508,0.9586578117894646,372.23581335642626,2.0227272782150463,84.88876166232761,44.644668982578516,82.40565233773131,6.761617155421041,7528.078526230816
2022-11-19,16.33991779152197,336.5111671550943,221.68974285673096,127.89376160651949,1126.3932946511854,47.001330518745625,67.52945787202788,15.266868312804498,220.63874918072602,518.9411612089353,271.03113446564083,20.07952936311324,36.879035601302725,10.00577124202524,304.5916564984569,198.14971689132045,59.148379091174625,261.3959275348362,192.72145335951245,7.237386043909037,250.20114141034458,9.724747588015136,118.20135635668885,196.69143023430988,186.35936177703542,92.35645578837007,3.429215324098071,399.46488188781325,7.7316184513478525,30.990535909606994,3.886037029057193,376.9978627075019,152.80164903109596,85.0702441334212,311.6743713594415,297.8055856359711,66.76528778094907,69.4692663380635,410.9668621073922,9.300135545858595,350.8095331230619,8.023305469499125,353.74592464372296,1135.117375659698,18.393722450264985,383.1974203600313,0.8583100051852464,99.30692273915032,54.28852803966056,143.55984997476313,9.991575264677842,10644.452926244645
2022-11-26,32.53538132272326,242.49466451671375,93.5278877431994,345.3417186058605,1363.2266352078245,117.32036695631848,112.48650627426095,51.59621828531735,18.588527555631128,577.0119551698264,177.02290903512227,20.98527759913955,56.819652636921504,29.27683682021555,515.9233711910216,310.3582819685273,62.022146938321114,336.4350950399162,153.30805372397077,108.81574024187495,221.39101190044852,15.6531559369036,191.16975535620213,191.07713199850824,233.37693451034093,197.0322829670123,14.491712250413439,348.478730397871,6.77000186102735,39.552398580819286,2.9559724476357347,320.19233202689634,169.96169653595183,138.73090189883612,606.9686704902635,375.92396929776004,175.58866459532857,117.37071298704099,418.06387861690075,2.661175152316253,218.0678234913109,21.61898673110471,268.0126809936311,1215.8021450682502,8.474109248890596,244.53179022848346,1.6839157601448052,229.0979194192388,110.66026037570492,159.42488837497802,7.255737962966329,12257.153342443678
2022-12-03,71.32171736925818,227.87653868465793,453.9392185386994,516.0732386150593,3398.8430450639553,135.88830747906144,233.5026156974323,83.8990241589009,36.449005548626886,769.0032351341304,225.25503411119377,11.49897191850216,119.63432989765846,47.57563923790056,913.7765705608291,408.66859937570683,180.0445461156654,652.3440890654213,126.62938229331877,282.0004032071089,346.4623610646039,47.577909224536555,364.66039023679275,434.07392491161926,397.6773989238311,321.5850940190982,48.29988273508158,464.25429755167306,17.689106777004504,78.0696909006251,9.088180205752456,606.5701334041531,216.66018076140483,251.74053990016841,942.5487265482774,545.1024693756953,421.9392459381047,531.6392089231581,884.8905326083438,18.7677009965673,203.4272224942887,46.716565154169274,517.7608335405989,2236.969926864667,35.75853475932601,399.3020821310797,11.395582565074395,661.3387893378629,253.84051479778472,203.81786111350252,34.10720725592801,21136.6049958174
2022-12-10,50.742038834550115,403.9496065354693,535.6898560309562,975.2737791904297,3656.6258680986066,186.38265600009524,84.38142680975412,71.93459325364238,106.32830276715421,1032.8868603191806,307.4043839418889,14.854298791172496,267.8264603912319,213.85163868116675,1090.15214320059,953.0155365910045,391.1093653230413,1069.2584834882077,339.9949612787921,476.66023610280024,461.48350637933146,105.89211710871378,632.8618959838636,487.8952643065522,1008.6362730314873,296.8397479887433,58.909933120167835,791.6108420402891,54.68100359997796,103.70027305898599,30.049852606763892,1111.1535303283763,465.4449589338909,498.8310134298393,1662.2688575063373,1098.2887262474508,1334.7265784225594,647.935501930021,1705.1036477106354,22.148656075649903,262.24925446043494,55.670266109620215,753.1235833180059,2497.9064199116856,38.80443777205428,553.870864416304,33.45675105423845,787.3216588969528,663.3407404424538,321.278666504994,37.96948064489905,31644.22082306381
2022-12-17,68.97351445405897,241.14310707144332,330.83033155906696,809.472102169518,2102.188635574957,203.21990444525943,614.0260343723351,28.620887635805943,67.38360474302722,720.5073506717763,152.88154183403205,9.831460699256446,184.1496715314333,189.42973620742413,688.1133576267615,736.6742501369043,242.40746262406122,736.7457317064645,276.26399039766466,724.141940120981,375.0085871231229,119.12929012552706,637.3920147794657,285.8980677491539,869.9200489768612,134.69774553422073,119.5152827691248,337.0640666340976,53.388747531725535,95.179734602664,74.82057668951587,689.0893857225757,454.9198433343774,370.02434942747186,1640.6960299773448,902.7308229854804,844.1834173465584,804.913930415205,952.3759090186194,62.433613263751795,111.05024093560132,76.32490292728787,475.99621653757475,1426.016017829412,36.68214423315126,291.03701903640894,49.449177285600136,564.3289182702192,536.046881445408,242.95031378184393,49.574074219977135,21458.544594723724
2022-12-24,57.888741761812994,148.77469668384424,259.56234327262365,308.09049964671686,1179.9264101488789,231.9593895415918,262.45935786392454,14.751155409064712,3.493461670847614,890.2226097157359,120.17614313247708,8.673414164916492,372.7710153912103,177.6385947250582,530.8538771271077,577.1275977017347,215.366085941555,335.0103290708414,40.18218825339559,659.663940833691,255.03238807352122,84.61133516027849,635.7286349627271,284.65633184152364,692.7851850344093,152.99425483632595,117.38170960812496,398.15859913163354,93.51115320594853,112.18183043410633,65.33084966993326,528.2209266417331,374.5314846776224,201.3293187954735,1906.5527539112759,909.404235270254,731.2925162968864,725.5035106047957,1150.5801808941467,0.26680828315220406,177.49289536212183,82.68131561287036,240.7966022082802,1525.5045391870626,36.32544933710954,354.78483619198363,65.24729506138482,830.7027778584986,472.26166758393134,174.04529980737823,44.34567709922854,14922.052701767658
2022-12-31,42.70409573545392,155.1273044200426,124.8650745644067,493.04615042432715,1399.1401143027765,384.0438836948763,266.01297545348916,15.842343763062809,19.57725169558246,1063.5244746141511,175.6815667646629,29.299919180748688,343.7745991638022,200.05889278086516,505.2127033818657,545.1386401121343,159.21866843479552,255.65411314878284,209.35691692754824,847.3038240906154,268.61368051936387,208.55810429825917,1238.4238594407077,130.49965655090608,443.91163525151376,75.31279627614157,45.11396764325487,225.35851411648744,76.77088167638243,124.10290894223863,108.16856515156744,484.7874725053994,354.5407071492711,199.68073610108752,1516.8337674112288,700.0297153576479,594.9905662495321,228.5179336494769,989.5793634291701,46.16050000619045,112.68035661118302,77.47923395746193,267.34369484400077,1059.1009926662284,62.33178452627582,271.0622713490196,74.35856969678954,326.83854394845974,423.75102433945744,190.82703655985995,47.26802537278623,17395.34325285304
2023-01-07,40.52933782509925,172.1682325320133,156.59234387858308,674.3259871519358,1150.0533119268841,336.61817788628696,187.20015872842464,23.77794253560194,31.023694325896688,1276.1813217214367,210.25924810263533,32.325487867913395,329.04813207393886,231.76738509536457,506.6891116358202,591.4039529471517,186.63741977052044,249.91884383525084,129.56204651083806,790.0034370919625,186.05318012399746,199.21722928048365,1203.4838516893562,197.2182056349964,702.8191510618929,121.0091888403551,84.01331893366844,275.9700703887391,91.10454695285894,117.78859996239554,154.96257076904635,488.8655817845051,283.11672460569616,159.6870876606516,1168.7993698552336,678.5908365977226,825.8447740856152,437.25719215470315,1078.0040333173365,59.09754778336322,152.75500145609843,63.67027565546104,215.3858499663006,1510.0099553902264,89.13550981341247,248.18500146354836,85.48938157311505,355.40939256915965,493.2657148147018,124.44313006417197,51.56168919838815,17529.01360125465
2023-01-14,33.54508437914522,121.10555785082188,188.86172395703142,341.5797893604174,683.6560564845541,151.93751086686802,165.61940195405091,40.6233622372517,46.182748140207636,1373.615382621074,171.7302442996085,15.722682269025404,195.72915099928719,129.6798185091729,400.74803855821983,340.1329284752292,119.57118820327418,12.059529016901891,197.82556036968012,362.6893609700985,101.83600314985551,99.03538444335214,387.76114706933373,-42.671521654268545,350.3033438473376,79.8268124868335,73.92526135668496,191.93245130851903,69.84641536849645,106.23796724319871,107.82120511915491,309.3114688678889,112.68653952923823,107.37409133297753,725.7344050663471,478.536606380051,440.189088228448,1.399604196628978,715.5841081264066,39.94920613685346,139.0023938801107,65.08659222843326,207.19553915499773,1194.2923447435235,71.92101881782672,247.17835006829688,39.80277569162685,246.5500520552598,357.9889974006832,161.73747776215296,-20.43804824449164,11593.221109909136
2023-01-21,11.364481682262277,100.62138443300955,87.4055174700855,120.53063836084382,242.57645602187924,84.78124385577499,74.73208656125794,34.31951093157679,23.65566258250785,478.891483019848,63.96838767534215,5.853677893097265,1.1894218873050555,-5.492479789584852,71.74132037351018,84.46443999481897,28.025249848849242,69.25568280090957,37.39450962187475,92.32867118385568,104.96155574023028,8.050069679362412,183.34525716677766,51.772344097211786,4.699088062705442,45.10137833800944,42.48687877120502,103.23937331672076,60.93784436710423,60.74813278059221,29.44452912489926,112.56780808613475,-58.926788684537954,-2.88352817061676,184.87996940355137,-14.700089486836646,182.6296406910558,0.20794988034495532,415.649849748361,17.413457031289933,79.60876434354464,29.17844681798823,46.50343481491019,555.545591988782,11.856319593457044,56.81226509691575,-14.972583771143519,92.90099772616537,43.93244419913046,41.119036471510256,41.13175044159274,4093.7484222014014
2023-01-28,4.315267937341185,39.70983877466678,13.12488335814565,143.7870798232777,212.35597486938576,-6.135324891440092,23.79648299619006,0.9348121624718232,3.2415208164337725,570.8925744903944,97.27569459556962,2.09856943085495,-0.3664764810840282,34.179279629935756,83.20398783092122,112.39613628795257,30.965178695299727,15.233019137346147,103.86104417184347,71.71430556340289,70.5841586588362,24.231792148960444,19.84017369449367,13.522281310876679,44.00812520616506,37.901063482977804,15.752843943017263,3.7035547643315994,21.345969740638814,57.26279730703893,18.606585787049298,82.54259296929467,29.67039374299805,27.16593884494148,141.67443597512312,43.41364853194432,191.17104712897887,20.60934290035066,236.24840344755626,7.087168237721176,54.55999190741118,11.570094359799402,97.50341118367157,509.36896933342797,18.146269279200077,103.9618056551022,16.050867227455033,65.4218073241286,86.17880660248915,14.344451063649714,29.62267305555654,2926.820982742788
2023-02-04,10.405645635649531,47.71755000567435,30.462100910525717,-15.470886939544009,12.96503202470938,50.35007936085023,36.5656444588728,9.056277945552361,8.795911183107252,397.1593998169442,52.98806253810524,7.254846159101107,58.38141986963913,24.190769585529498,143.9174573322157,68.17073212120513,23.80160584175719,50.817544152292186,30.31402208926204,56.2312137042652,-17.834733726838905,-0.02953076799921206,133.00015130333776,17.69378855298998,87.20800619609653,45.38762852644007,6.940393113078909,79.91267861442466,3.2933029258241753,18.983484582841477,17.719731811509106,77.09395719109764,8.274413460901688,-0.6950750783740887,146.51068131384793,75.9807913354555,3.281257438461836,8.00874086749566,239.49604409527848,18.419697811011815,25.779326145271614,11.746472844800913,14.975855056920139,316.50220701757166,9.514457475992174,70.53598639001508,-2.9253173768626635,79.54606023587954,15.610525559447234,13.051058512044996,4.73733215993738,3166.873888057459
2023-02-11,0.9579742775352909,36.372327317707274,6.160425458840612,155.93060479076792,315.127413929539,33.47938987044749,0.22826279526032067,7.469801058871958,19.03057987012746,336.99423551525354,99.37728582048356,8.729601314387367,3.4833670176905898,-2.876434003427642,-38.327450208288724,13.430161603576067,3.209666550774429,21.12767613699006,42.17532910118821,49.42521409016196,57.354667084443314,11.700192334801509,46.09173692348444,22.68841344730422,18.742114527730678,36.110373454237944,6.680924976186776,13.411514684826955,17.289541282611754,2.4920797544432185,1.6859731012976207,-24.802552936918758,-11.37743527258392,2.016823563261683,86.64553894901867,20.606547887128386,146.15814628120674,-4.420845273502529,176.82616284295068,4.573010352346506,30.96490823358041,19.271612560740273,67.3583119270698,210.24252561232083,9.532091277968316,34.82952502485665,7.028776723334046,18.174830068661905,-2.051978633412661,30.633844801750506,6.848862641781063,1354.6051186182149
2023-02-18,2.4218727554976454,35.201874345739014,43.00086820452828,-40.1857085545296,14.485073448223275,40.24581847532163,20.189486539420177,4.213552766476931,-0.7194213645679337,249.53574762237068,69.98960438029647,8.275328525718008,4.847511878558613,9.957112589201579,117.07738194168793,46.70990994769895,15.689603068930932,23.68612192863398,49.124010277890605,59.06313914596082,51.83077823415438,3.7087712236095047,13.451261731483967,-5.541121621894135,38.07993347130474,3.223509887409895,4.085555578677591,104.01477343226605,11.078181537662022,-2.598321099946213,7.172254845032618,75.38212016093726,25.272375650905897,12.530230198006091,96.20705998280073,80.97238728501435,12.310992116453576,19.520324007466776,208.86374770628504,2.552999695415216,46.40004345344073,10.911919230781635,-1.4144252034700422,293.5542621091169,6.194772501848811,67.2445359449853,-3.6384496876368644,44.4660213439451,21.598303603306825,18.211296853939626,3.5406740463475863,3659.565525801625
2023-02-25,1.1336804468315291,41.15382584412111,25.51780410641767,61.54412493842597,231.12958307360367,-23.044234552606,45.95373241872147,5.494800779962856,6.657520015042023,262.1284063160888,92.34107494826804,4.232894098757797,-0.6215001381418013,6.865386094379293,40.002997787521814,-3.6123305137753903,-2.4033613368408027,40.505467770718326,40.86344615126818,32.10264668331493,10.219206119152645,2.4418814009710275,121.5101634779275,4.477687801749454,36.285743275623105,32.1036167251671,4.005140691105932,15.568408177641839,2.048426781830737,4.298505915280615,5.4654480555079346,11.105656325777858,-8.206567642125414,26.794262501439597,123.55505052836565,80.01837009825789,51.80752857171902,-12.77954562579496,214.7770282771369,-0.3931184845060377,54.220501934842424,8.859622295347092,87.56160198434114,223.15401613057819,10.770804311744627,45.99964664211991,4.00947919532801,38.987494248449316,14.257182629601846,12.697122459219795,0.6888321298800477,834.5229026179377
2023-03-04,3.1755272383860387,26.613281682415504,34.018480897816026,31.297182884922158,-7.662500848087518,24.477743663716765,-42.9347391261513,4.27676508588683,2.5424005447513798,194.06494948215078,73.95459837115278,-16.881627645229127,18.690619588198864,2.103900584019504,-79.73451546603044,67.65041880229049,12.771518972024037,-22.894525606184672,22.586681953334526,9.79298572994739,35.70780715875178,-3.9124279280467427,15.998961836520394,18.62635873853297,42.06285008528471,33.312513336065315,3.657011692511567,59.590474752204756,13.22498385149803,11.290222080353775,5.526006435850196,63.93582342251521,15.142302083003205,-8.144807304608284,-78.22613197030881,-78.07490383726034,25.369824607189187,20.165758393432796,118.53313827342024,2.795183524261585,34.47214995116616,6.060709583970526,48.79671380289864,211.95066966510154,5.251777786763964,75.84860657028665,0.2100128374051644,46.75220136464624,-3.0553992563661714,20.994826748758552,3.7602896792414224,2506.949233590836
2023-03-11,3.2809586834977527,4.213186696040502,19.694205665128212,88.82978171851408,213.77021972613804,19.934616866891375,29.874332316340492,2.010181015091268,8.050867595081124,134.26370877633823,43.875136763777604,8.798484413339418,9.394389435336613,-1.2269402704593908,32.32317209280015,7.001769475564785,4.644511520166741,17.349922700085614,15.095555534441047,9.313788023011753,8.099498376385048,5.840076825906056,72.6311620214895,5.023072007834614,50.398135116380985,35.87630071970218,9.679971139959635,-3.126594656323199,2.239822219693954,5.7034264604357015,-0.8085665816490781,26.797780863199506,12.445566667377559,20.484362228139823,114.1027491923006,97.80614397688518,43.5075068131577,-1.947475345664877,175.5469650520186,1.9865972032663417,19.411286980686768,8.26394983766036,31.1308051031653,97.41342266337608,3.9589208126610838,34.339685700692286,2.2277414695112374,67.13600148531685,9.43182331072298,-5.534885484704969,-0.3684600584831994,836.0770119988335
2023-03-18,5.394300939023689,25.80638928788693,26.851039782560974,-6.7465905983847865,-151.17580956966538,5.444782519603891,-14.041738576513826,2.429629711747917,-0.49667972211362965,228.67365041624652,43.032838938504675,4.248638549730998,2.8648626843964564,4.31205516265895,1.9801118873614314,68.23798593573353,1.1188159893601508,22.658227732333422,8.579823769024529,16.69367340214503,14.400382036142993,1.2776265026953801,-0.3363859547229282,-0.3214771773494576,11.499188749961007,24.237133658453047,2.080260603373876,79.59867021456114,0.36492925038218504,16.031600254496663,2.7292540315391443,39.299476121872885,11.346182424271976,26.59461360063422,82.22585868439216,8.036635626418416,-15.807155224564198,11.881945009903973,217.76869682749108,0.7595660863687326,46.71543485301697,16.472651280816613,39.600651468603196,213.03629733608201,8.480763106507144,32.14795877922764,6.45818054367056,-18.554558801910986,19.790282206291845,18.735624855892592,0.8182702392907579,1604.8267866447459
2023-03-25,0.5876200319646481,24.45120808609294,5.084010235953333,78.71230313946329,129.30077656251336,10.683145607990696,34.54313578079037,2.1693431823149374,3.9101805538395755,209.367099859514,51.7831313560711,0.5502197021824609,12.660612881921613,3.933253666965168,49.91472079319661,2.26475920112199,10.071606437040597,38.349025555938624,37.510847973584234,31.66104987667096,19.283231625100115,7.157836785309014,58.75661328374032,7.154473768466566,43.59965992791291,28.136241742492217,5.113561287929283,12.102339090561834,14.303942427212508,11.286437042657191,7.934718499918576,13.579768577396635,-0.018662700163680768,1.736142007320824,44.968153402146456,20.75219264708784,54.924006122142586,-7.691583837630041,141.68964398753468,4.431948808323832,12.996124946654588,16.10691448601055,27.210822488559657,133.23264950162235,3.2551683988993325,60.79298838908634,0.06134586496923511,51.063213037584546,4.14572404946837,3.9944988930420102,2.146239447222129,1057.4246751350347
2023-04-01,0.943323185652722,12.049991587140248,25.937547808129757,-12.362553462604026,-135.7196255596352,4.498572542865389,3.14998225380986,3.6591644710710636,-3.0657282888361763,119.8032509527939,58.551544021687114,3.3796291650724006,1.467594213454408,4.964528918050785,33.80646741835936,66.21046649698079,2.8033924224985043,-0.08620566908811611,23.37558929218444,16.808068762997593,30.818580539401758,-4.974916024666097,-45.74222845327062,19.052557117163012,41.463902685166005,8.974887271505217,-6.258298320204162,6.641493877341645,-0.005263022227325109,9.734310147331447,11.235140486667815,71.82396884089003,0.7948004731848481,6.947143224586879,78.00705824067794,59.02682152054419,-8.190128214079493,5.052138663938923,179.78778951846812,-1.7837271184349515,14.266421984265573,17.958491973212254,14.426582906188457,127.28815568073753,2.880242904294575,38.208801496763115,5.4595469396738014,25.71285696548339,-6.072887248250016,13.835541822593434,0.674362644826731,1256.5020681501287
2023-04-08,1.41176918458088,56.59309231374541,32.434008464856554,54.064628685641125,61.80955639978401,2.531844035212316,14.930694299457562,15.09149161951314,4.883884444401433,176.36699807327562,68.49415437709004,6.315789350370988,3.714379343739136,0.16779279153214688,26.13206698104827,-5.170662515833726,22.68471969142019,40.22539116951647,27.963339251952597,1.205938981610462,-5.960005484227672,10.84310567606618,83.08721471866417,7.2219186536744076,33.986257756737615,17.948575735803065,3.796138331055092,-13.960292423167331,-2.275580072022871,10.279713955297558,11.38360532998085,34.642335543877664,10.520563735449567,6.6289676391372465,72.99366391539873,9.757429349547351,42.661043561679335,18.860268840930985,68.80996422277703,1.4127444376297245,21.469473076374086,4.890181705132473,61.73854569059409,168.44566307016623,1.4007222797670522,56.826385908604486,-3.4638164032476295,19.264216451735074,23.035205460760704,7.9270520738377,-0.594072060085642,1789.9229480828835
2023-04-15,1.5022599878568395,7.077296137440506,-0.06114656310682598,67.30901869322693,66.49906712432032,9.524317260782126,23.631781406835213,-2.387153227650506,0.3931884765625533,174.9715317199108,44.56080035365625,1.2338049196089762,-4.833725676349193,5.700739846759884,19.918731495814626,27.999070200972,-1.8434863311399106,30.991950491291313,5.996895479608678,8.603069096552908,27.83288071981741,-4.537347297843867,-7.388667378301982,14.040772177650073,-1.5758778102949407,30.382377710035733,0.9276709085865118,66.55306915368529,9.15391861630777,2.279390863668024,5.50662523401377,35.17216953243823,-17.316320027837328,-0.2667604935804242,104.65131975767699,42.195070391275465,-8.832199753268384,-12.725099451219322,84.87042138350759,2.452433369122378,18.02343090465208,19.939753038560077,32.08558371828802,41.249786590853034,6.100996837990965,67.40571022533567,1.485890788672601,36.93761947345442,-11.533197579893356,14.687051374497642,3.0723539088055336,1123.3219556628653
2023-04-22,1.1240272712670043,-1.3590438032692873,29.23258244031311,0.8519010074035904,-20.545303258424976,22.25334120326771,1.8728918234529885,4.445749949055131,3.2687339955251655,100.44673684825631,35.38510613779668,0.5404850359137869,11.563035320524389,6.194983529822373,53.064029987452415,7.1625923292384,4.582600231585909,-17.622892650451995,24.955420610875628,16.29507473834677,-3.801403626645355,1.2569224117138589,33.083000493248726,8.773458305788772,11.513927616845649,10.92245166128009,-1.7558862113651976,43.769657871104585,5.622729687654976,-0.1885984970503216,-3.1219806390654847,51.05462979207523,21.634798036210565,17.824157308617085,28.55776185128056,-2.496299250827974,34.089729685879604,14.474935614771539,65.11329889787504,-1.2942513099015773,30.26539122464145,7.422102218648041,7.966539031736211,188.3968736234548,0.2131243850773208,24.179135587505215,0.998728945071063,34.459941840504776,32.61106763018765,9.668652246184624,3.0616430055746395,1272.7225957844544
2023-04-29,6.265329468726401,20.36966593539765,-9.179501431525344,2.0017514231614015,-6.871396499776093,14.445153708052857,-16.876125801961177,2.4305998731164813,1.9675802374633649,192.09048734748092,36.42497225662436,3.9758409718535,12.07578924303428,-1.0256012767877358,19.781364257929198,20.16166949045852,-0.5515443290952131,35.06826281061802,22.074228947537527,4.331187131301789,17.86919467747002,6.889060218652362,2.4877002393184355,3.3012462504294042,57.24958715562596,37.074264783897235,-1.8507135465170315,-27.749834753265148,4.2066379750215654,12.768787388204577,-3.553673117681865,23.559594917159885,13.325514787431686,-11.281669449935238,63.46175328512173,18.91010985253388,-19.498328915708512,-7.719502918831399,45.17151367497922,-0.7255572520329179,14.667943529541603,-0.19616354458822327,27.678087715235996,12.672712645913492,31.75668583386949,55.1811670484896,-1.0678480254545422,12.127876762095205,-9.988806940200549,-7.730472455607375,0.34059267171118535,937.1293383258146
2023-05-06,-2.7564892501247478,10.18776797945155,19.312938521804586,99.17172192114593,87.09127546114665,-0.614425402532973,21.674992645950994,-0.5780526058776396,-1.9813134591477082,136.05893408543903,40.601245873114316,2.8447085239435603,-3.333279981237183,16.23272980716471,5.014951318234893,-2.0967137576536743,5.105053999771705,-32.426163403134964,14.834677696599126,30.84821168585532,-1.0453375818186075,-0.9322742873365772,-10.549091156520813,19.930133786800795,13.627026378427132,13.263606773205481,2.851704098296242,15.21910880535286,5.2270261416349975,3.4878445055904823,6.066777464177244,-18.21978398923379,-14.376372462558185,17.703731513463893,31.102557582288107,39.97698847033027,44.34115296475048,9.804112944961824,67.70788230326431,2.2631799554741434,41.946307320003626,5.782727982350885,8.110177551814743,208.7178062980853,-7.754357878283092,25.72255144979355,3.518388496878734,31.2768407129216,-4.331078954194188,4.47637300467429,1.2638760758659302,1452.2226647406987
2023-05-13,3.5410807296902274,-1.3861329074443702,5.725265366117975,-59.520421765900586,-10.625304045491632,-0.12783746021968057,-22.555740280741507,-0.6144216401120624,4.355458514464647,95.02852497802738,44.93530609809756,-1.7330943261398213,5.07121125440049,-8.691262927873684,27.693225321917538,49.8817801457265,1.4316039993075762,69.9724216719816,21.098675007822518,-19.028478574968474,32.00172204156296,2.103679577888226,66.63154541079643,12.820835544702042,32.60340808964398,21.34036257632516,-2.8321121701427803,2.038689406826194,5.2668130170458,0.8100433182915694,1.4888792914827642,45.702379520362484,13.984204551189602,14.283779026420387,38.85378469510361,-16.04783865456912,-7.09824756110126,4.826048367732117,28.83605861590702,-1.184854000141996,13.709572743624054,8.78607564435908,27.94244358261021,92.36509860131974,-0.21437548811605112,57.81583144964719,0.06685302698586693,10.655829208338673,30.624670054132896,12.929788961399979,23.29781531899687,55.46317748515287
2023-05-20,-4.196348057394845,21.50713428473793,10.031794163127334,130.48064779317485,62.05254154453355,15.906219903517886,29.51060585666538,5.005685366310664,1.569270357092266,127.11333856561612,47.773317040754655,2.505292180016874,9.079087228276851,23.01451726206225,5.30597596605736,-14.273060671186435,4.6556746622326255,-20.551778076657005,4.042088477326043,29.68830544902815,-5.029620974393055,4.083628228044169,-15.444373159304611,14.404859615898054,7.667134442396247,23.520361252027236,-7.667924060068325,15.427427443963296,3.9842750442172337,4.843899347605253,1.3236148605340337,12.475421884805826,-6.351904039885889,-3.2980471320325613,41.396535418114055,28.470239850048017,23.616886541223778,-18.028367221012992,116.60497787203121,5.659675322925146,21.479561345949065,3.0664444623737266,0.9856978462802672,55.602192288422586,10.255639842995418,36.26190017557349,-3.1105717567461575,-16.180754417792347,-19.1955663369234,-8.007727839095505,-8.746092138462421,2326.204435528646
2023-05-27,3.191967063553072,13.107675720020666,10.925827834334884,-5.010663909828359,-17.823246323084142,5.0608990396228535,-14.127834140278258,-1.4774584066139211,1.7244590456695272,160.64333872176437,28.699997046679087,3.0383487610053113,0.2576573430908642,-19.353007050348317,52.22109741624891,28.763285624791692,-2.7700910373602188,39.313141886572744,30.69993646569641,11.096720835854505,17.798896783541736,5.088046621578563,20.47823681124399,9.145760693008278,38.223447794441256,27.856573547340396,4.829489634162803,-0.46755501927028575,0.13290530775325138,2.3501398776438336,-2.1573888843871387,1.550538831476132,8.587511633062249,20.75643492331975,73.37314738451758,27.453767526714586,21.506266755344402,24.834903328994674,-20.859369777240694,1.9731904534987432,22.129950174417164,3.8208469070965645,30.763743899596257,159.25687672706636,2.177466511517826,41.61132479777199,5.442254413145347,27.47525310219129,7.008562338703172,17.34151384297789,-4.242843404344501,-1365.5225047040888
2023-06-03,-0.24745290476733306,16.887124545683278,18.954442085155524,129.4213816692263,49.19311212260501,2.7163146331972783,36.16541359332851,9.934223550978498,-1.2056862853025225,94.44539221680635,31.92475786426554,1.1253784040915005,6.1368967664980945,22.974230258057254,2.57531924617318,23.968850817491273,19.020613297113382,23.595640933678553,8.986417684316397,3.8371228390422374,1.376192398094354,2.299352001501708,38.83922087746466,0.2193291973859175,26.60493009752807,11.690360308502349,3.073701640068476,-22.16983557574965,0.47760688060167,7.928935198901075,8.140541238037269,21.680973005409086,-1.2942295709721325,-11.804965024688645,73.31933105735376,-23.25740133530283,6.030733569652487,-22.156129397453007,149.38347958217872,0.14992062510452886,8.495370043467796,2.129999070230407,20.76529886376562,69.82145552678199,6.318079040688136,51.529311123295294,-2.5303962177954213,25.321227023944964,6.750237738558313,18.328498834170635,1.05223887929255,3343.207087345345
2023-06-10,3.40128989682135,30.916523640322026,-2.8187298362416344,1.2322917196534497,54.17298272765247,1.3537438312229,4.605206028122723,-0.0008437674676301521,5.720998785151973,172.7580884022434,39.689267367231054,2.5316423672088355,-16.664064851144694,-12.556729188921725,43.95543144260712,15.282832192398516,-6.631669554945972,-27.719089907577846,18.178471893070306,18.37219484053574,12.147052893850397,1.5959577629625432,-1.9136631945905052,-1.1377957027582468,4.711122823991673,10.93226915046984,-0.8200249715882677,40.69364346790371,3.4009618299795967,4.061336002799987,-1.275625087870237,39.83298584496487,-0.028714730206148786,18.767595886860747,-3.7274568590100756,47.403589548310435,42.117464367005226,31.771112059750727,48.61423398170419,2.986976193093615,30.571672189488254,4.041794444131881,13.218506093113042,117.68773448081132,1.8203802335683257,34.74038334829345,0.20803123893612518,16.336396604969416,1.5708125930939651,-0.2962136829055826,-1.5885635747386955,-1033.8792757332963
2023-06-17,0.6940695369447978,13.446080830131088,-0.3337187857402446,76.95636897626,48.84360956086488,15.045947404170978,5.333386166507047,2.257132390553722,-1.4718765912082157,204.89241947143427,64.13270654824242,4.290766153678657,20.4721105759183,12.361439257605184,8.25809676615458,-10.245087855485096,2.961994016597064,62.82160987839797,15.5909914824224,-4.220118503659798,-2.594373353275315,1.7926298338764166,2.58419768747251,-2.7459804968297306,-2.2006078494324584,16.82790855116969,-1.6813650372177191,19.75150792894931,2.6107336439607898,-4.982645572114442,-1.0689264325095733,-31.17996720604468,11.903008326247274,13.755382901363031,52.93346685508449,-13.281196528196702,-28.239006025047743,-14.26594486948061,65.48790668843128,-2.499094714613068,28.353066989437416,1.7226908378653651,41.67671415037789,25.159577625369653,1.6377737183844707,18.925287755246323,0.2116018595928706,-2.2321346859072833,31.81178730245422,14.052383722462174,1.9155700485299811,2434.494994157536
2023-06-24,6.510205535955891,16.206357026224385,7.587921749706388,37.21786690104216,-25.94436264357241,-12.149927669082143,16.85682666389519,-0.14592488223523148,-1.3597742072701207,135.78494306809677,34.09855184705532,10.031185215535075,-9.84946020132051,-1.2189890785667519,37.64260191686802,45.84150659970326,3.689379135623197,-21.1948577321415,6.447060505965942,21.682774955956326,4.489564206238843,-5.738294443136014,17.469934549630594,14.15249756015995,53.26999513436388,14.425179347493906,4.9671055270969235,19.6095580991376,-3.261617933939514,6.133321603239838,3.277812714054145,25.8893776695634,-11.937624342898168,10.647002906336391,31.681492532110298,12.355880746501498,53.49903146879404,13.501899167011437,78.47475900263836,2.112176895199701,17.623808514763724,2.7992840829754204,1.8228206367554307,157.72545781433425,1.626425533800373,37.914736581896214,-0.4320116675760852,27.72924898080194,-40.5417454980073,-0.4970817156859244,1.5029964028023288,161.31814059211615
2023-07-01,0.1480813113027848,9.235056064671703,23.848397106013667,45.32381294975966,124.97144883931927,12.418292155599755,-7.5290961282138475,3.434189784725004,2.9607663146799874,162.71952084362275,45.407510949833096,7.438975050649897,16.241292923147086,2.6732477702281745,-3.141688894773395,-30.4940535313571,-0.7313333965070257,18.88294028819016,11.592604936849083,-28.887857010822344,13.339528855387533,7.224272672109029,13.607141242599974,6.062966764766443,-30.062996245327966,9.597923490502467,0.29316868376539684,35.83852405282127,6.5555750970070426,-1.6097554755137136,-1.820475037493971,-2.5117271130741727,7.78278213157879,7.990705653040703,51.11477971425151,45.22848498649847,-32.35712880547523,-22.773905590401004,39.88487936840643,0.6509812448711666,21.74668256200234,0.611188729122363,38.239631263195434,63.37171719137045,3.735546044262674,17.744308102981122,1.9825627738190459,25.865558189150256,34.90150839809294,9.022882530135714,3.6261291701068856,972.328949844602
2023-07-08,0.9508779642534648,15.942963910366199,1.7258003680182536,18.21042491085638,34.63701780282216,8.802136929025762,-0.030456222753564077,0.40119842314916965,0.3155725272086445,130.5646084455402,36.89288775139031,9.968536268892757,-9.850181227786543,14.33404045953398,49.35776320041959,37.07380193811407,8.24432290492869,-4.2640873441377956,17.37044712011993,34.70960449440075,-4.689048632561598,1.672721044704332,2.450285833287353,-3.0687305910871565,32.74661790935076,16.33052104116785,-0.1529728912853674,21.202784039955134,-0.5734728540991281,2.4312177654501674,3.127162993443825,19.52070500437614,7.212794176413784,-0.06782517873899074,0.39942748592524424,-8.212068538637254,42.534929899545055,38.66176215677221,35.74454950253843,2.3788655596303125,19.80063921204915,1.5473885718755482,16.546631224729452,113.94423480273056,4.277289507190237,45.70935200522445,-1.6982466582548397,41.47679556523011,-17.15121831134591,-0.008354522749930204,0.7023763070556255,1197.1249503360839
2023-07-15,4.2795476371792525,-3.8836702259267994,-4.9329477040729275,43.71482088431179,-67.00709513883024,0.9044979321865263,2.1454779972823506,2.1908249776482998,-2.147205468690405,160.66086341227066,18.722975455705953,6.219050338275774,0.6199410513107964,-6.784805806019132,-7.71009455829693,-23.90597604326651,-0.41493913014959816,29.942045356799575,9.286125728231694,-30.96829313385941,2.475062293360467,2.056051878065521,8.985073561864628,4.053498927864158,-11.171677506930394,10.13734985367838,0.5493022921663373,18.50366436633866,2.4429875308538374,1.0230139633549298,-1.4341615766407791,7.62014743351186,-14.876902722963717,0.8043326337020344,31.724202012759534,3.8796448224197775,13.213802825553628,-21.107332459345727,25.9148037796496,2.0915556180870762,14.959416423167896,1.1810428386815395,19.331039353138273,30.267139732677265,1.0243400026553136,33.00775973799205,-0.6676378752353793,-13.98266563041135,19.58956811649568,-1.9694776760657664,1.2365275440161296,-49.08700520218849
2023-07-22,0.6938334176844867,20.604372080558118,18.04808374197613,20.84247499922239,157.2023129939247,4.357312990919002,-4.7206302526759565,0.5470057985723571,0.38941787088628255,123.74652762572276,13.262978155498983,8.640425947961136,8.469434699426504,9.340007096092334,31.685445196916476,32.633236119769506,5.082113727998269,-22.833783450045722,-0.8041383525694767,21.95979233034282,19.60342200147106,-4.2833092023518216,-2.625989163080005,-7.174010899602983,-6.599204291733429,24.269578530603724,1.3003181072016252,-35.56122201599399,1.2453368695992149,-4.557707175619647,2.535986105190115,3.531345317176033,10.383765525964945,30.858104184695176,25.54072685249951,11.34161402005688,-1.965255912989523,11.045061564227915,48.87089482860197,0.3936731613687101,10.79865735224283,3.6687669086742836,23.44076826494188,150.7968602478835,3.478587230350752,25.83674054835302,3.128709467309867,35.93151230741518,-1.208761685138938,0.2441332180272644,0.968568902451473,1085.5868521212678
2023-07-29,4.379139793189145,8.670339880251525,-0.6652359899635778,22.516259151986024,-26.927498353774183,8.691894647626796,15.898896094177083,1.5991830288994249,3.4548747131421638,113.67562723376705,22.079444713247444,3.599754040972271,-8.060212195604475,-2.9024723288003895,-3.6201797840894727,-19.70423953598357,-4.507753291461764,4.264151082798264,19.047680978283196,7.924111712362063,3.795501196610001,5.4290771682609975,2.4814649490702143,-3.713868522585237,55.66217811708405,7.886799945058166,1.1224192800879234,7.051309920665759,4.228055805577941,3.1985917190479816,-2.2714915538855784,12.381682424090457,-1.1947569648812375,-24.93206079408113,46.40873679149485,-2.95453199933047,6.3836619113550235,8.52168241659399,32.209303853034896,0.41265549120384826,28.13519500772322,-1.7402181648345343,17.095383486826982,43.220503612482275,0.7962144126342174,11.178785706733965,-6.364441175359512,12.301651833268195,9.69901109506841,9.183950049863316,-0.8523241296809863,1232.3129027692462
2023-08-05,-2.168656454208485,43.585897783427264,4.280659692343764,14.156094498084755,69.4160838360076,3.112678154124204,19.529132875658643,0.5575838367330666,1.2359957917154043,134.825852280136,1.3821922532459041,5.527992200795749,7.611793919287513,8.020223646273868,26.917828678191952,16.664738971869813,6.225257759484396,25.990031679694084,6.311944233960352,4.864333554282254,36.3195647497194,3.81318690630593,16.46413311467105,18.228926990342266,-31.568129085825475,15.012967630730039,-0.291184885459538,-1.6791766976616174,-5.403840564415736,1.227692373910945,3.915462526858645,3.8780268871213366,-2.83418301871339,28.89146946619331,-44.000709545856,20.22817102154704,35.76292725483905,4.806965515824174,55.6953968640218,-1.0252490197847508,10.158368365872732,-2.1958802575542,23.05235347927924,77.59416179566571,0.8005273763416554,25.8312241697664,0.684679297668676,23.465650515041084,-4.611785266269408,0.1402482198374173,3.575515788340452,-478.25550529673023
2023-08-12,4.359329308262971,6.2614438120134395,17.036277729699044,1.4690646979338169,-69.58732683469745,15.787380030030818,-4.837748179116311,0.6852312746492994,-2.442064454768345,125.43269113056866,16.9919357164758,4.023839026079803,2.802094876789198,-7.053447745312569,-4.793977908924347,-2.125768683476089,4.133278465079737,1.8006947576372099,11.21658400178671,12.475740083173775,-18.217330571047782,-0.4480904420666292,-8.046989200804603,-4.6800302817814625,25.33403371768489,11.727772353893506,-2.7061116839502883,57.79165151362156,1.621259058404598,4.94366173313983,-0.3961669116049573,38.75113654415865,7.972598755187569,-11.803513732447941,65.98522919870028,12.331108078324817,-9.360893152390261,-15.707988124745231,51.30933205518295,0.3744170994896767,24.499590375773685,8.123843208158998,21.84705568484414,67.33215965411381,2.6440417675343832,34.38682259828698,1.6707431101000096,28.384328950019928,15.08578503798588,-4.438522241338829,-1.2938030702257999,1251.7987270006536
2023-08-19,1.9855330158084161,40.154276077648326,2.985369885027027,12.239754683979022,115.88710140840988,1.3634824647483015,11.745188779708865,0.2896918354394886,5.506836353125186,145.77171022075024,34.8525560258482,4.907467445674011,-3.6418675699031446,13.82576152552025,9.410750993632504,13.201739366672172,-6.9877639710039166,1.9956909673973868,5.907633126552291,10.285284818307616,24.076865983181747,0.08233858346917522,31.77279059737682,-0.9232922773244283,14.755556611410498,26.862273800359638,3.192910706049858,-17.864907277650772,1.4305320428806667,-2.372192828182177,3.6428774426502333,-13.470535850345428,-1.3828312441597075,15.308485401506422,17.559939796121455,12.270779917016398,67.42399702800836,32.02288905096767,24.193786072102625,-0.3278444272370309,11.445191441880123,-2.263056778811013,67.10017941817546,75.53610720944503,3.840710893351158,24.414385222582787,-2.260552752241198,15.54630536903305,-3.3296272302255474,5.6424652821122185,2.2225036303948347,236.61871748739247
2023-08-26,-0.4848954147148721,-25.020185510223804,8.890961127854752,26.82012023477519,-33.61022066744342,11.581087466151711,0.7134549414872104,0.9168532791683417,2.830401398795888,168.9159686406896,25.408185616115436,7.153856315865566,6.300348793106897,-4.420594044126339,-19.51739583899422,-12.012822037962259,4.840546055193775,-9.433946705572268,-0.3464145720981042,8.888144166772292,-16.64814624347934,4.012166092923216,11.584235271316707,-5.298376457614403,-57.133461736842776,47.63829886295481,-1.9192695250757268,39.570307361962534,1.7024071987253322,1.9900496433744284,-3.872156114402287,38.17601609505488,6.311367197270425,-10.725161042262982,19.25739387871036,31.833573637012933,-17.974288132676804,-13.600890055387133,10.733752803580003,-0.5868188582279834,-0.5498935338503603,5.199132757156054,2.3606876661573892,100.90329842981086,-1.9225017771405253,31.132781531754887,1.3436269357689248,49.48976857740736,-11.531187982184651,-1.6232803022293414,3.673485406378708,580.7080066503147
2023-09-02,1.3929626813523006,24.357188086528794,5.823887326017589,31.03777269525746,63.25630437988271,-7.040267029020569,11.39072766590851,3.0672602884881663,3.5575568351187346,165.4966275852429,23.5071095095542,5.848418535749413,4.7365600778760335,2.3469388369489517,8.490277087896544,31.227292636792157,0.35595624756729194,33.95352521185908,23.63574598830096,16.677036722461764,-5.275113795398804,-0.2859925063012696,11.447962589093084,7.097466780021911,25.375857478545697,40.94294262354969,1.845602181752401,-33.72455374265183,1.8203195633198872,6.270104139635724,1.89904848168326,16.007396318402982,8.225496923218333,25.521781495804966,43.81826259840889,-60.364158446759745,47.7915607456123,45.79738567629256,31.448401072186037,5.677357989964769,22.581371477849324,2.604685100342077,47.09681679915136,167.22223583618418,-2.8163404678280584,17.14706423733073,0.9337442852737503,24.728636027765823,16.280051083899394,1.200900197733855,-2.0172203117403615,1266.5436653372162
2023-09-09,4.521060778559201,-1.0992346193623277,11.843188665974004,4.26374412390274,43.96590362600925,4.394524419519918,4.647046266947214,-3.609848770491414,2.452940589826733,182.26287317077515,42.92369491812103,6.806241759270423,1.7202718769138152,4.722589778241279,52.814172078347596,-6.380737147002655,2.1006703692495723,-12.663624629080921,11.276065803533125,1.4560337665894991,9.392180370192765,-2.6950838987026167,2.3502651096312874,8.567047101441645,32.87122728846256,41.7865908187723,5.090662408734534,36.17919189236956,-3.2408005815369947,-1.7023823938841147,7.203927300025739,30.43556585496897,-3.175410443700015,-20.3768587368174,24.107136214406395,76.51463747629082,36.54775807652557,-14.699987652049089,21.90198924468519,-3.4565780713520144,12.120517523800407,2.253876599520366,6.130579874605374,141.24109761655242,0.010968298357687978,23.978213626952765,0.7285295312740341,51.0201239298589,6.530843487385589,0.34500714243081454,0.05521498132215363,805.4387261762389
2023-09-16,0.6857032640072198,15.948758851512757,3.81281246559006,38.40595236030504,30.544956083268932,12.582443068884135,-2.3811385348633944,1.693728705049665,5.011095085390609,183.10929129662293,18.374957198725856,9.418646181684291,-0.738825178696894,-2.772018333344285,48.40599050753788,7.6392697590382355,1.1419495273686504,33.14014346063041,14.939367817466723,48.38669419358182,-6.2147320561454045,5.9590795860386425,5.916894258306039,-5.772255073419238,30.683958808475012,17.77702171032338,0.878935681112841,-28.552047670027076,2.8440295447288872,2.7076920682548993,1.6164089242805684,1.969643314957409,6.607872851063737,31.951760558879236,-30.274114591907804,-34.12800439077334,20.055616371067956,0.08712809987991932,77.60587001967562,0.7122294567349714,26.983998816235154,6.9293153655521555,79.7643434306401,160.02821162001806,5.144053277104807,49.12650194976979,-2.276195379273118,36.475574055009545,7.740200378322932,35.29763823903476,1.8110356457868022,949.3794324669954
2023-09-23,1.8125345029631594,20.33885616475876,10.247850189750775,-12.145424420623272,69.06531043985726,3.668539833417327,28.32351434733812,1.273118266639854,7.7239569121727065,92.23868375855969,41.32475066834115,4.2651098620430705,-8.43116521504885,0.0826427245911443,-26.59355780880739,33.7122613895398,16.69587955967173,12.8482015016261,5.111268617904837,-7.307778171190833,8.934914627853274,-3.5835457439060576,54.7069275774376,-0.5148868630718688,25.836965587539126,25.308781873707062,0.08899254759778685,55.15818930845106,-1.7354108876217182,6.405700184671967,7.803241491905338,46.14010927456465,16.35707808692824,-8.9381081652111,95.47817231493522,67.35030214213836,10.9646974220815,38.140728848844134,56.97054555492534,1.3296868375928401,35.14224538668279,-2.2706549371917895,-0.7197098770191257,118.69094704427934,7.713091460366796,23.812612477098412,3.0196957215214395,193.36880798593393,-32.1039434879728,-2.267548742374119,1.719152352994703,1262.6023546466777
2023-09-30,9.663674939262098,-0.09027580248622513,7.027639216427476,19.13650613034919,104.63270119983244,12.111045013146924,19.113878821067324,1.9701414812737759,-0.9394873897790328,212.53792165627812,33.04091453971956,11.593307260209897,18.822243246833693,13.66141592393952,70.27631345948527,-30.493973119250242,-9.821765661178691,3.994317573099309,27.981431857237762,36.87430638266221,5.762659311603457,4.3682809418840165,-27.48606193559663,6.4409579429615,12.667687379670113,15.018378612731652,4.6086772657478665,-2.7832471682472146,2.4311199121635,4.359892054150457,-7.254710594297432,4.728089775880228,11.85179272001027,4.934507838957613,1.4954265290796869,-18.73284643526904,40.08142442742762,-0.1812865707453426,97.92925908502616,1.4604167842430842,5.052406373639563,-2.2733581056874286,31.99449618173073,97.6424853515494,1.7369832742644729,59.50716339014355,-0.4350949428240498,-117.67581037737764,37.937489878783246,16.199083879747167,-1.7603981800699202,712.5817593906015
2023-10-07,5.004214965171551,21.835309169773623,-11.188436551925266,3.58465191189714,-43.46926206972546,20.378504593522123,2.764212378669235,-2.2442905902832293,4.139479628092806,164.45094868434842,43.05278894944318,4.571644978564386,-9.45910367553904,-16.399652084877705,-39.81887521909751,80.80969131877617,10.88364834085868,15.27200344580396,3.379329555169594,-9.42905616575267,8.029301795782956,-4.236945232771209,33.09488312628044,6.124821305609938,13.883222431906432,22.627591340622107,2.255683782119764,47.55035478483144,1.690013199620065,1.0056046791225275,3.089360485478938,33.83698731005482,-5.717665230572095,8.932047067205918,36.6620755137904,39.066202291218204,-6.965448528462076,-14.345084696327788,24.85289464258844,-4.628248809335371,35.93188493548489,2.794678815033941,50.55682126964076,140.0070041493507,2.7086085814734213,43.75401527159967,0.7852577552916229,19.94117856180211,-17.48848400909811,-4.623610907049245,4.750412507019808,499.45490146826967
2023-10-14,8.6246218090244,11.474467746630708,54.222077519342776,62.04743290042576,89.25540161092908,12.865948476873186,12.720331154598277,3.17001653876625,1.4048420532705865,275.29836073119753,25.174666554890766,9.902453341317987,1.3494788858019806,18.780441399926815,63.903730802003565,-64.90519806892743,26.360179803999998,1.1095161823902657,20.353892666101842,41.79155975659961,-3.2924678122604973,9.589739171987123,32.80442498717821,-6.396284607049488,7.032639113607971,26.293015222406503,1.495484265012614,25.3708350863875,-2.1268236786729924,4.363688504264367,3.8591665195823417,6.086117797686079,25.435110811823566,6.073019487881181,27.694583730171516,-12.21955430080368,59.06345036759855,15.815337968815513,80.43600080112162,2.1890710589545064,25.70315933003937,3.004756018162608,34.35607609390463,40.943371511046166,5.200835635247126,55.10949612836663,1.4555945875836107,-5.420643608321626,12.41272620064376,-1.9632492897416967,3.119793786643694,1515.3099054409624
2023-10-21,11.118916262242385,39.76614263079225,0.6589359764895395,-28.761012939671332,15.737291497332386,2.3024514716374327,-1.8372916672870545,3.3238172433721056,3.834217835949967,194.37668207379204,60.52982595970174,15.624920641961753,5.560135262890759,-5.934256798499741,10.13336893182688,55.836349591818376,-9.362474770239288,45.93788780465137,39.978105805774,-15.592398490561372,0.008513635875658565,3.5227794421641185,18.292664798036895,17.307652043776695,16.43387745537234,23.19320902669269,3.190699531792067,0.8592557406640822,4.8999053686482,8.112510413222523,-2.550669613217634,-14.309878262078755,-12.028153802248646,-7.725624098408449,45.749483233076674,36.55219676811555,6.340481473026529,-2.3215375210534575,8.431606682539794,1.4565296102963163,30.29665947828731,-2.3550605697963016,18.513583967117157,292.76938829845795,1.6654101577579574,52.76284996824769,-0.6395299366089926,11.221028847558722,15.369593809374052,13.054146397041237,4.724866392394848,508.3381484640205
2023-10-28,19.86801349429556,5.2142635595890425,16.48596341382848,76.22324610913034,97.7065745061984,27.185449828101888,5.171236629769524,3.3578806520555093,9.440141845736875,319.1039584185995,18.941368394372915,11.713844324780858,17.01464014994277,5.004780684525172,54.62257979558592,1.3689139079711197,9.322163207701568,-23.83445027672073,13.589444219309163,50.64693444933888,20.282013196545144,4.349827778373161,6.367400794042265,-7.284804125124307,7.924881985100825,9.557101333572964,2.2874062839295117,49.96224216935682,3.142776994996023,0.40651531910383465,0.47748768666180474,39.023892739649526,16.888868502573693,28.229333872461293,42.0087008133258,49.430021011883625,75.34805287803368,2.2069056419186666,36.381527278417764,-1.8048414629145109,20.80454828893708,8.206105503217868,50.97128285908717,239.39326113522387,5.274634425063628,78.93266470306071,3.29103695858556,31.997330993540636,3.8399375908203552,-7.993882574889412,7.2787404886325895,1970.5255992143714
2023-11-04,33.54090235411713,62.087678072947064,9.973918843917899,66.41088064536481,246.5627447875618,10.325480431150137,51.09965577991179,0.9778175603809309,-4.601784250926917,330.87271495997925,48.00171666802877,13.487410227073374,-6.019153298962962,0.02083123748176341,4.464340651302592,57.967480500318125,8.820609251038809,73.26605655385802,67.88684047079718,9.090092789156845,4.1514058675038115,0.4822354302509275,33.56224870269128,2.9087358146980904,-4.373745117174366,31.37897666405135,-0.20638225036960023,73.65599520583345,2.063724328366085,7.205637094140956,3.3318178266090896,44.46546486769303,-31.870700032499585,-4.3041750645705115,60.81157703595323,-11.218603161374077,-59.369349054117464,20.445440714438902,79.9316968297446,0.1629035660721314,35.292819508514015,-1.0970496169004385,54.428019280208005,165.28982410345392,8.971884972420176,41.41410711821979,-3.9956907481458024,-45.24662472174033,-4.976160545666936,16.246591292349635,-2.0278615068617096,2446.7509069548973
2023-11-11,35.150169856684386,32.51392785278402,6.695104355480716,53.26554001012627,134.61939088468364,40.466603392350684,-3.862793932933542,-0.8600734475760066,-3.105607621586655,480.6766847939665,71.34503134504084,14.443894900772126,8.480186616744918,12.56325706373963,27.07360769728257,55.245321620548715,1.5904930863356324,-47.23580050410138,22.92686718717724,53.83625958072511,9.443894079548642,1.9920334423769113,26.22098169998916,15.749738695016585,51.81854301675102,-25.980471472348484,-0.11466058225549425,-8.074620245016987,-4.424766438658034,6.402231855458671,0.9770381696504433,-15.165843653619845,30.139331698072393,1.2605942424620658,26.59594279981326,-13.680509887348578,84.99988208357107,16.125958400101283,11.421413822537437,0.912033122616184,23.82343755323834,4.843821930563073,34.47238706347907,464.17790116129186,4.767051920938834,46.28230641826235,4.2459829884306455,12.830868825686373,50.63742943404048,-3.806937751248416,-1.336035866950862,941.9010364826777
2023-11-18,39.98092216900373,47.61825819721872,47.12974117480203,150.67575492331054,231.44906860119306,53.726189171470644,44.19126094460027,-0.8903726851883431,3.381901028501008,478.3232054487911,136.77021100782417,15.682409614034462,19.275253824235644,-31.69788109739035,266.54386087741045,65.47540251440695,6.1275258683061695,95.52979323209709,72.14932816995427,41.16856951087347,16.34405458070134,3.188086780259596,26.790818498704667,15.382079235972078,-6.395684357988301,40.609934345939216,2.534059990297393,96.32211570442107,3.881785964702194,2.3558292382340262,7.330014606016972,93.75166594435647,0.7936704125434773,33.19062207601067,131.7667531754987,57.540411955618055,22.47995359701366,-23.255685246155508,102.91561329891057,3.072661244949164,59.44563042342254,-4.806567507361516,52.2701873937523,191.30384382779687,10.92724422540385,83.9396755991821,1.709576214608382,43.301104525159154,9.105507192564282,24.204654858432058,20.900257604197698,3455.3017894805407
2023-11-25,14.039531171478316,106.49608793451266,18.12112176087762,223.62583771457386,635.23350270672,114.20281116845032,-22.659512834383193,8.851984294183271,1.3322175554220144,692.581412499174,124.46091835062883,28.380790562408414,12.122619425578772,0.7260254952608065,-4.697234178881146,95.32422526977044,33.474866580076274,-57.14975258663317,123.96127636175547,30.585860174943186,55.37499810113822,9.357440689116835,94.65552271033366,25.486593264404526,41.35193001326314,43.33940016884424,5.798825817881429,23.594880235627315,11.73770705409139,8.472721408748976,-3.2035301199787414,-8.679464065776187,33.6176068709605,-7.038805889637382,157.14049539343432,89.12628136560016,91.6500608184802,63.20357939872095,86.84806839044589,1.2249206943827673,81.57060006975854,8.064219568216565,71.02885860160927,512.0294776518349,9.269704048147048,127.04592727054144,5.173643408893439,65.58241964276608,-25.18423611935939,-8.163223120598644,3.059037419788286,3376.852740302347
2023-12-02,15.708919831065515,73.89923288226773,5.362559203386038,226.51112739326072,355.54738367283073,150.6612259359702,32.78031764569675,7.565539995165036,6.8872066761195505,733.693639794315,170.51491435721408,26.27519772137699,40.48460820396388,2.440818602485159,154.77861311641772,85.09430967406777,31.8704752821895,129.25789769968907,121.09191449162336,77.08814224641517,-4.727684684159506,2.30629386517656,131.29207841459936,15.490481685372156,75.38573745455389,47.14681887345627,11.663097463495566,217.51295776969025,1.2110951572441095,8.997623210666859,3.7344081153204596,149.79732001752018,-12.588271763596032,102.51595039384098,205.21494830425559,86.11752262390281,-22.90761059917378,-5.429793882645541,185.99976645129067,1.3123318269560347,92.04938234840621,-3.237120612441923,60.24981124639698,419.95050676769307,21.73686047667904,132.88244737266416,4.067878635649514,34.729568054373864,75.83803217447031,24.913428938489915,18.4676535687029,3941.1918824900195
2023-12-09,14.91772314081442,119.73953696750206,66.71244538318054,363.950882148685,1041.0016927043232,139.0103699275532,108.44735335987988,12.704817436788751,7.069201055470763,773.6697403304122,233.30475252686517,24.37425585086786,44.33295424866568,16.970546865170384,168.0100771150677,162.92945162070274,76.70619086734737,-13.924040967271623,79.17417597053804,143.2880129273141,84.65444528964728,20.333804720081712,41.934514850992954,44.80295152912426,46.66105401016978,54.59873165503028,25.494945595869975,213.53248274583663,14.710775341515397,23.579004453429985,7.873508154086805,192.4694047271094,-20.114819091322214,14.303909475605876,495.92262429875296,155.90820263866303,168.94222370807896,16.37049835514398,275.1996292214824,6.885645887726989,142.98696494981488,6.4207705810960585,142.08497810622208,553.5489170233506,24.09952909715973,148.14977007826423,0.5933417369193439,53.87991673680826,54.331404738997236,20.465831243662315,28.81454771752086,8993.883923594178
2023-12-16,12.267277614268725,111.38307704900274,-27.717655459672656,521.473708432093,922.290294275118,202.23999915259648,52.300872214877614,14.873193567318594,14.88399408660506,751.2924947466058,303.92081071582794,19.00029372995987,54.286848391163375,165.1903545014532,319.6607751767566,119.81908896620915,41.872787646494594,36.16152477065799,172.2002506072513,111.9303708655187,80.21610054840895,23.103276631458613,339.48271969542884,53.17875864199817,160.51306659863417,69.52458573278358,26.869015923701774,432.36634629670937,5.5860333548052195,-6.672392909116723,20.75943063593754,204.77410798472138,105.34690411854011,160.53052808366124,647.280759138891,226.73678799376893,6.127980811511748,54.64352001976022,426.6545632107825,7.305780653046359,199.97701372060175,18.418337015403793,190.88569748617562,538.9917641313646,28.27233114573177,167.5877064094585,12.946603302405542,195.5285771889499,141.91598705754376,52.11708791431481,43.35674698638553,6770.70506065883
2023-12-23,5.903670238878396,110.84901362067825,76.56253811033153,558.9300045907809,1040.4799897126356,188.60539758192468,131.5400336526628,0.3166402838715143,20.973219261374982,881.4826038008352,464.3073406429987,27.98105574897741,64.32452372399241,-42.22988037517393,156.53853107450328,264.10828659468524,6.706437590595426,92.58773324373911,199.1838872223107,270.4903250883682,147.04969348355482,23.920718880786392,194.63647438732625,106.47401428728905,133.61133203737586,128.69006742512283,41.10018282014153,374.79388824833615,20.929381556643214,9.852075150821229,33.8375411776799,401.15182127405205,225.91797217065914,23.898097731019732,888.2771257516305,267.19561733451155,134.25174028583788,45.15909026980528,484.9306825208722,21.961205135478608,278.45743645492684,10.41156641595369,155.5319049924843,1141.1728578119864,38.88379274616145,232.2179996605055,6.112865858626202,134.15123711045248,100.58342667385465,29.201987237950284,60.048748903286835,11431.736107285878
2023-12-30,4.569382808819145,331.27114938502683,157.4934710666609,1071.1688502269649,2113.42588873472,290.6129804958747,87.36371585168253,50.07704360909203,9.192496830711995,1086.0524885241005,888.1640851869191,28.5572995635446,80.06040454288633,175.27040639067437,419.37990883767577,265.85741031102293,137.99142594042976,288.7727039147778,298.5772633418182,342.603328388197,262.47959052054614,-1.7294374265470047,205.18588979883822,110.51941015004664,333.6281152823902,200.26321056990213,85.99088702231057,983.1327763649114,33.64444012264004,78.37576638583911,42.93559604132872,466.1888607812387,257.1439067465489,265.6392400499892,987.8132418494969,527.9219530093177,174.15605961677772,161.2860008541825,572.4487846686241,26.05614380580087,546.2383866739264,30.01981240280098,370.0295486974282,1381.9272618710766,41.977941839816225,504.614665151134,15.865087519967982,43.75525722803779,306.5696102759131,76.20230509015241,27.984287278864766,19565.67975932852
2024-01-06,6.905920606921654,357.12540232296095,205.49622817544332,1203.687702299251,1462.7715301361127,318.7473366391442,177.1212031606335,54.572986889253336,39.39454486996151,1399.3538750185105,1370.3727294869911,42.09570572141323,117.10274657324662,146.18594411954265,504.60816376373407,535.859371143633,93.27190660510327,341.43817162791936,415.42984087023706,653.3274022341059,383.45033091798393,78.60407046823846,899.7694962887044,240.9169523955353,485.3762266729887,446.0448073256342,76.17800742440961,1287.9004282558233,56.91139331558694,59.768498382856706,62.028228942271724,888.2103909269576,253.11562680630854,111.1465299935945,1655.3267014891246,862.132532203066,45.36469202229381,130.943909803341,1224.443569111656,27.595063393736133,810.9342582905061,44.50678598124544,646.7717391187168,1773.6230099314873,61.42970685535584,890.9128592622367,19.86507058822119,298.2150259915348,333.33168328831323,148.72970502581808,53.85091371758807,21545.62137942913
2024-01-13,3.549462287577729,346.68978270365477,270.2189626999864,802.7048141884072,1254.4777727634912,278.96863226352224,102.98927144428941,60.02592212022107,39.51663410187872,1475.834508896694,665.6218626149356,29.322556703554465,68.38604389730742,161.05894360990982,519.9004732655918,433.80014436454167,59.29482212388035,286.1539226634518,275.4231594289712,611.8981236835914,333.7920925393193,68.52352629387629,359.94201358834687,186.33913531858036,285.7384492818112,284.7094160457826,115.92609479046399,839.2503617728365,56.1021278983235,27.68300101825473,38.00562245691718,505.38867106500425,236.61132841273638,150.7773569117582,1199.658360745067,561.4114544274752,239.338276506191,122.55159717750672,708.5683774307329,47.47267655259064,448.20179751619827,52.00365077482995,356.529528257341,1474.2168405807317,46.21083652902918,426.2640796501086,15.668426396210155,164.20271961326648,193.0799610303919,173.79984840606238,90.99812130892877,18374.46009999104
2024-01-20,6.7216462607979235,233.17902407742406,212.85718304486346,690.4646108582249,756.5580787004033,314.09612488822916,184.43672733712168,30.462274282291833,32.08287573938429,973.9608068551914,599.6364415354897,22.10941048230233,90.47144849006042,102.97770259695565,444.04338391990973,355.098618209092,140.87799460544701,215.05508756168376,251.14311301891027,406.9428368000836,223.92937943381355,31.610445965397044,360.70364992457894,130.46698059679977,383.31552676904755,219.02430920635243,102.73062905188668,455.2568821250972,27.63646843390244,70.9989502169436,48.87079289979255,640.0553543953821,80.91698940883381,161.0642800907823,1070.1468975209245,527.8735726892647,410.1348764369824,122.70045955223478,598.0585425962852,38.53226676455624,269.6269146117292,40.8923942082335,455.57072145412815,1214.2511151924664,63.63778178788419,393.37717582190567,26.652343586591492,153.67897651814394,270.5557051780152,136.6256016782686,69.09598268825846,13595.48513292647
2024-01-27,7.448537488872276,147.26271947772236,197.7691471373696,697.4795154083365,1140.1177896219579,137.12920324777969,130.3980216358854,26.28653290338746,26.75118239806769,839.8867451129258,425.80715900372365,33.14311845353063,104.86530327433756,87.79413912667452,310.24479455515456,297.6333584410964,74.34210228421796,234.67237638323473,146.3499229047179,308.9717412024978,169.70897491011598,42.491104553856616,325.2745095196197,131.18963649651477,157.8219896788388,153.4405102356233,127.11191675027334,281.0757739310559,38.17226035881198,61.9560348755674,21.896577887425785,382.19963386588097,143.10955402958393,20.967825998718542,596.7519975312258,488.9253924266149,118.75133037804494,70.70959073080638,442.8646253118512,38.485711368991204,147.98310805665307,14.743182951091617,326.54912314729154,1275.332279525078,23.57209238032068,346.40439038574027,28.024974528914733,94.48220642659275,89.05756879014888,163.52036801618937,8.83531617010146,8301.10987133777
2024-02-03,6.10319659410988,117.4773492235956,311.0218461323767,674.7900841096898,338.3393573672054,276.68011560481864,189.0981127156353,18.746966343672426,19.474434688666157,811.0029271251047,478.4914234674063,30.174239797148903,80.85181471036972,79.68982026706638,323.8098805098839,325.3012449094422,53.23156082923,171.78582147724168,85.9674111572318,352.18497037169277,132.02596218010075,27.67611167386268,323.897290742221,130.1450482948943,224.1407900363642,126.83795070499502,84.98442207422096,251.55034752708227,55.12054684684986,51.88280838039003,25.05778848743772,380.49890254880324,74.87650031647706,86.3723945302467,1035.7328383310319,652.9008793198209,395.4198368569878,17.930570665169668,344.53593456150173,31.014631634622834,239.3938519707666,-745.1641418347674,226.85558715557622,1624.3396094297234,28.303523241300518,269.93592406992366,15.981792614774552,172.7218909566816,149.88980888390182,138.0325564891141,35.97268822193648,15357.75374754551
2024-02-10,14.110637016190337,111.32040400046232,262.71475744629595,130.26158493601,594.9990435687371,159.8270255948833,76.15816718664408,21.436759413513933,25.282726026896718,682.0644341825066,335.69665303131444,-1.8791540869817087,118.73270133374403,60.81027238391558,228.34677133595932,416.3142481815056,191.23716123851335,311.6727446433555,143.14349765720732,496.88084425958334,110.77474324212102,94.53680222585182,485.2572037285271,176.18921307778646,348.3907445344754,120.7373672876319,79.26649758371214,240.4060733757801,41.30573191616822,44.52274514656373,43.25546006731784,332.74938463743587,61.70966627227885,48.222953240209044,631.5165585403844,605.3964747220657,343.72765921356165,173.14662931243757,410.78497322481724,14.65490889916174,132.38705896188495,25.188474464600205,249.76136747048682,1159.043552731125,33.404224091410384,130.1203936826015,6.0939977944114965,89.67389111784905,209.6812194187172,135.94024596984198,42.76962926872598,8080.486782676367
2024-02-17,9.557002463230434,106.58809584467147,293.8245419096486,264.222796316236,186.5981912155175,222.75667949458972,152.76424002848813,8.05881523350796,23.10628781630073,811.4505083702963,311.01261385627726,20.560111619846175,117.15040355359338,60.25304654104151,304.2496178686671,363.95245770419706,191.17159418581835,259.32583790368795,151.38096958409403,265.7178851693768,69.64125845880476,72.04435964074392,760.7618255316829,132.2157617680166,337.5422313267402,75.79025652269661,67.6261733170416,187.94623641465688,22.741376737224208,67.855148542272,46.242254961534094,291.7469972531953,69.3129034195021,28.219226794666287,746.2348992337959,603.1728667626245,550.0122502778033,28.523168918799982,486.38409358082214,21.63357000433428,149.2721749909277,26.78928181583109,193.49079578690947,1192.469604958328,12.514191941716883,183.0964041205919,33.00384397557431,85.61008005673298,101.86304080953585,159.16307619965443,26.036230186497512,12417.868966595328
2024-02-24,1.2151948123271454,131.5978280541384,260.6960273363867,128.5710367657311,376.749690362655,104.33682054786956,107.44606851883051,24.400603795026267,25.533425518619765,682.4612062635773,275.37391205530577,16.58821600051516,137.26054753856064,35.965200573619036,227.82912299377313,308.4836541958167,168.50006253255103,303.17880887490173,21.510415665805027,677.7848610089991,156.01175321226088,92.74288471471667,659.4655738494769,200.4640161345097,397.70554471044613,106.17775372333521,17.710148878085306,176.36642097509923,25.195397700147247,53.881981773441964,44.13733726599393,386.8779905137263,97.76891441353649,62.6585902296695,730.0705341485859,638.7317763341836,259.4655366948456,122.28426762899278,517.7457901573101,27.661043410869148,154.9162287164336,24.77548006386545,198.80511974434623,611.8464827849746,25.738785353214507,190.5720964071495,13.206341082271022,53.339348683193165,316.96261324571503,186.11154677817058,33.1591975726686,9579.482733852097
2024-03-02,3.5660122989781984,49.74229767366943,305.8130223345442,201.25913693254603,267.3566517880461,129.30418203353406,133.86934456769166,15.90240631744767,27.404427705763762,587.6040898821138,131.27083105177118,9.59226320384029,163.4607530661046,15.162153165956749,308.5942826443577,378.2543231613805,65.8777985551527,271.8380915714148,92.61830691800644,364.9086301489002,131.92329404999367,52.13769673421688,949.7464706578654,133.8792881549945,501.5021735390493,33.81364283494566,31.373041349615455,123.17510334190251,26.868056759231273,71.51831443622912,23.456437326293866,263.25389626038844,36.39701183813859,24.000117307808207,776.5056988243664,630.1082031672195,192.66054048562415,55.67216851537254,429.6555851834268,35.18102821771315,6.556936297732381,44.19270241782103,195.50855164418593,900.055524871711,7.957061075383037,237.70841440532763,37.805621093434546,114.2537837969594,171.33572140174223,128.32505105731775,26.444547741888606,12140.199519701415
2024-03-09,7.862624510981098,117.59171388932316,273.56734917287605,189.69722810405491,144.2560001730192,67.13141307965842,217.6897853567661,14.297093505177376,30.666265313190205,503.9976523106773,202.4580456827415,13.118528077649803,190.79752312058855,79.98809812641882,335.70816503126895,266.08741283945153,95.74239543814807,345.90592043344816,52.75189527373959,556.4090914836097,213.94521261437762,75.21922123735608,939.4391388463927,176.68481224388782,551.9744915273509,84.18593581936693,12.310930963063617,218.8458718858483,14.76160764769875,113.04381621354715,44.56924800443545,346.6269934065563,68.89193171399141,53.78824903796797,844.8477016097465,649.9274535691256,142.6927836095627,94.51231059046852,514.3299986085071,22.355966868847275,209.6590621129171,49.472146817395924,263.23628189735706,435.1307140343844,17.814355490583488,269.7235528060852,20.415270240025606,63.39152222208713,250.21289335966122,173.50451872129736,20.716225903294056,9509.150649818348
2024-03-16,8.643851340993674,63.46733556400331,226.1469745697052,82.41798345518751,219.4534562174502,75.50765121019036,130.74459210533848,43.923245281942954,16.500185544972904,533.1290092987974,203.13041903593006,11.91897774026025,175.3995212849397,72.87524245896037,215.81580567476024,355.3842127095903,68.80015054139938,47.67350352695884,62.48171326662637,269.9946338765026,157.9040637425621,30.452968601024104,731.7747912022918,164.9018827091446,249.47098448640793,52.24810484127285,36.913259584329424,74.96953978491507,13.302690498694048,87.09811988215898,28.42030157999192,243.28005811110455,75.34593429777757,39.31480653522527,526.285642294578,492.8733050372548,158.57963295576369,64.05664314130806,454.9550487584816,24.45938423558922,49.36742680671058,30.07269790123309,170.11555775555553,583.2841920733249,20.594617953034103,175.94589741540443,34.41840931563536,86.92582468928285,161.78700758833247,105.83056408926655,12.801030238529956,7897.558260951067
2024-03-23,8.527973621966648,80.03710262327118,200.94558996929703,122.31622201494491,212.37774752567606,99.47410397987478,157.84469820769309,5.098846290335872,15.874468266591089,507.0215169938842,83.3748192634653,20.135866642255433,55.06138313026036,65.52188063801191,268.9355561303637,171.2765221788785,119.85678569404084,223.86182065507433,22.275415012921602,287.14388443931455,51.83086493781663,28.809089069094746,399.18841310517763,162.5588731621805,318.8352829714705,71.7823890661785,24.06760241924473,184.63421083865194,33.514799176887486,66.77241350631414,40.40741764390677,214.67484874007957,21.627455682729387,47.181025370332584,229.38937362772091,276.92206015798286,132.60835144640677,70.32853946285964,370.61643377006544,25.866303885958146,80.1772222828898,43.43858852628857,117.93912561863397,398.8178785505114,4.767179504714374,135.9199899153327,15.584839218930775,36.99552600217493,200.5980960281836,101.12936868080574,11.76676776406619,7060.184731951136
2024-03-30,10.98351867159711,80.14374088618925,70.78338547668471,115.87931572250211,-200.17877383034875,115.39704918427482,68.61832911569928,22.998033406386753,32.997650351111865,458.3272041332666,71.58820798258444,6.502394442538055,113.05221607581153,43.992508332518646,178.7893762322128,113.52352496654146,64.90172430512106,70.33257033685496,72.64770944527903,231.79833656881573,25.606137877911564,24.90615338424358,444.0970854545788,140.56977222767563,117.06218782952953,23.52350454957753,40.73974226148631,31.710619612216803,19.303057364058347,25.071883974379546,19.127243317164293,167.9687183402565,-6.2173682630812905,89.24433809047723,332.8513721224042,292.4141644410696,33.38902375502078,105.34243961208307,383.6598396240777,19.614818635588644,39.513043153727494,61.63004313251834,130.14796679043775,225.49012313705387,17.731752642118938,157.16246856771875,25.398402038641276,111.2314353252655,127.2160881288479,51.898905378055765,9.113351512178554,5222.247792414348
2024-04-06,7.292672086466451,45.61281562082641,24.69658683091795,95.17396414454424,450.0247725140156,42.301189364552926,89.73252542465518,17.549582860707776,12.18350743170173,357.7898535998294,58.18385685445131,1.5169310894239478,82.0412970299424,58.05702655789366,183.4759495086092,195.80611982384005,62.49610802223154,126.34934233890439,16.561653893736157,171.23127701600106,102.22430487590792,18.500517061611045,458.3353615844966,89.41692345037183,222.0196506510236,51.7161464333474,14.200007871625964,188.6974626266273,27.674773954664605,71.99693147916632,14.39410651092049,177.227563129559,87.28256616964151,4.783328547993946,398.6265503796071,167.38967747539397,129.63810106016598,4.002720363691701,148.08472513004827,7.997313036123347,72.33402896600654,29.567622093687177,71.896936270363,382.147653930216,5.17813000652497,80.44182630688118,10.14739902957972,-30.85534248600902,97.35342821746248,44.426003334731014,10.343581073735189,5188.502250610086
2024-04-13,5.131024768372004,28.519664618503853,37.86332335613394,79.15256139855919,23.286458521352515,44.64110523222905,76.13796451211539,24.10202442207769,14.311923503179575,314.76491807153315,30.93259266980958,2.430008717395223,70.95015312566473,-3.8850762594015507,164.5075337618189,141.04674334982923,30.466760728287355,110.15750691786857,46.34920738326905,201.1792710287394,122.71102687470147,25.5462590139775,350.9488457749891,93.32326292365427,135.96886271846154,61.51482034636107,7.062428434574717,6.147698474351991,16.29689345035353,40.22082669793143,18.26753211722179,118.93465700060554,22.913476714702714,29.509094158885667,447.80055208428894,334.09119793853154,65.12950435838293,102.57559167149293,180.4700487551264,13.085122195656929,46.926508561618775,40.02838472999584,112.40151811153204,267.6621997969338,7.032016783179216,245.5583299566873,10.432321752984981,61.304436246056895,141.80860250555355,95.17401395842242,10.828791464561379,4793.835843568938
2024-04-20,9.262754680861082,16.57158775413383,61.27169475947102,53.80817774592094,263.50413618433373,55.18712135473196,58.52722982700617,16.02583972868268,5.348076284668186,320.2368483619831,51.57867413722715,14.888424046712377,61.52523551177039,15.882783323121886,208.17644941899113,73.19339256081503,26.017986481466142,31.455986006334598,23.465554820297598,88.63786596847262,-26.858743295897924,10.8629979676316,267.2313239908048,96.99065492239782,25.70336217882752,30.132162435677923,11.507224211577746,106.5761678693615,17.441615261903305,50.56585279112355,8.635249709004198,135.8371776195753,19.658019030733968,15.41518063105412,337.7916032519071,88.50476974799852,-4.188697178832257,-5.49073341575378,237.6127542668538,19.431600211952777,62.019690894741224,21.402557485490675,62.72866039636766,126.8993981538176,12.540411818255158,27.959249935775006,16.417254964218507,24.5086259626369,43.47024516216607,-7.795152388762602,1.8228786192638147,3013.1363273786283
2024-04-27,4.168357113250728,5.042676969410806,-29.22756241356297,129.24206575587618,55.85895644778793,-3.1983702369986293,43.876557849496585,10.950505275906236,12.225396997618208,209.56982928828916,72.40655242531727,3.2350036692343345,35.84090439243993,19.795863844988467,45.492043923870824,32.99406313350005,46.82320552922374,53.477310112716054,20.803116543117675,177.37104947521487,75.04345645711746,19.841931445181704,54.58641395125773,31.533324620832488,200.89342796947938,15.264929741611766,15.59431205476041,-32.24835448310665,11.125274497875656,15.678910437336,13.84308765041675,77.20955121815385,-0.005235440932269242,31.869245870654037,113.35841365505655,91.6889167816376,55.86652552604316,43.4827455291076,172.27022767108193,8.360446317452867,17.984356799883244,20.330788360293166,60.54074597683221,294.05812632067364,3.2126485802629965,138.54503676515736,5.318748041939325,31.813099155387903,68.87327298455605,21.65178245620439,6.352230530290237,2143.6332656395316
