date,Alaska,Alabama,Arkansas,Arizona,California,Colorado,Connecticut,District of Columbia,Delaware,Florida,Georgia,Hawaii,Iowa,Idaho,Illinois,Indiana,Kansas,Kentucky,Louisiana,Massachusetts,Maryland,Maine,Michigan,Minnesota,Missouri,Mississippi,Montana,North Carolina,North Dakota,Nebraska,New Hampshire,New Jersey,New Mexico,Nevada,New York,Ohio,Oklahoma,Oregon,Pennsylvania,Rhode Island,South Carolina,South Dakota,Tennessee,Texas,Utah,Virginia,Vermont,Washington,Wisconsin,West Virginia,Wyoming,US,Puerto Rico
2022-10-29,4.0544868,89.003334,43.063843,12.025287,104.991104,20.157097,11.554466,0.2993178,1.7076052,121.77783,130.18448,5.6833057,8.452841,1.3407614,40.433643,56.755974,8.351762,30.875605,71.36171,21.431635,28.150885,0.4542527,7.2484484,8.126713,5.371478,74.36143,-0.3447451,45.058506,3.6679394,15.27518,1.3051362,48.519867,26.407766,13.983698,63.006996,43.940228,21.469326,5.226438,58.40549,0.38638893,60.84396,11.455388,76.99237,400.53574,1.0815737,59.707233,0.4123709,8.140671,3.7439246,14.538882,1.8278457,1021.18134,84.67936
2022-11-05,0.45336208,184.24423,54.389206,31.187471,133.62903,21.605143,8.087222,3.7935963,4.0830765,143.96313,86.573975,3.6934202,2.721194,-1.9835258,87.393326,96.403305,13.150954,-12.548171,120.31404,19.12666,81.22161,-0.031123575,10.152724,1.9793706,19.97035,116.88384,-0.27941668,44.914482,3.0980124,11.781206,1.4038225,60.77115,27.03233,14.399007,33.4702,50.833683,38.47491,8.153539,92.33521,0.74791086,83.768845,12.352915,104.40066,661.37036,4.25935,68.75283,0.96274537,10.806549,14.480466,24.076832,1.8629177,4480.003,78.87441
2022-11-12,10.430312,270.05212,90.80367,22.901808,277.45392,43.672176,48.349346,11.666367,4.095,252.33138,190.64288,6.650094,17.571112,1.0212731,77.13671,103.17894,23.771015,95.591644,210.5228,24.195482,111.63246,1.7027247,68.016426,50.068695,66.55066,180.89476,2.2625074,270.06042,2.6884818,9.790313,0.57705075,95.98616,50.379658,14.373002,117.86055,134.19795,64.34525,10.761037,158.74713,0.56432796,188.50417,9.673161,136.5449,800.3543,13.502226,232.05151,0.7913998,39.915043,6.819917,62.39248,3.8492463,5099.616,82.80152
2022-11-19,14.15443,378.5483,147.46928,89.42451,543.3088,55.41742,37.842804,38.176437,10.015855,315.094,196.83072,6.543868,17.984436,15.168056,157.05797,169.55661,36.729614,133.5235,161.73698,26.195614,163.27155,2.0087357,48.755043,90.61196,84.82899,229.34758,4.403796,298.59247,4.044564,29.39129,1.9221753,153.26137,91.1359,26.881046,207.16861,204.7675,44.85953,44.746002,241.39064,3.2698348,213.02667,8.231867,184.15584,1031.4271,1.9160403,316.86038,-0.0010990432,34.27434,29.953321,90.81833,6.092957,7708.4043,101.2099
2022-11-26,13.008712,285.5598,231.89676,167.1783,1082.2189,86.97083,53.90943,66.47083,8.925307,446.37424,255.34804,18.232424,16.596552,9.365847,262.77463,177.97745,60.51537,311.28815,150.50096,33.619877,208.12805,6.637661,115.33986,210.34769,117.021164,211.62502,11.330055,384.77362,6.3472767,26.39249,2.2098448,334.88538,157.10849,78.22431,317.23254,290.0607,135.10722,68.263596,406.48178,5.7364173,278.39362,13.105534,292.46075,1063.7134,13.913412,384.3272,0.72844166,106.73638,56.311863,122.75199,11.264438,10641.775,101.93551
2022-12-03,34.625847,251.61859,250.9145,330.45276,1802.1406,121.23111,103.866974,35.38789,46.501793,616.7347,225.3322,15.163227,36.987846,51.16887,629.0494,326.71442,71.44953,350.06293,187.66307,95.90457,239.89427,13.432139,180.09163,280.0298,263.17795,262.06506,13.444889,405.83984,10.632667,29.87755,9.598542,356.0988,194.38911,135.10355,674.0424,403.66708,215.04126,158.48094,518.5754,4.6976767,222.96074,22.771898,358.10107,1350.3516,5.942018,315.29684,1.9772869,368.43182,108.710014,165.23515,34.23198,13978.778,78.0942
2022-12-10,75.37867,216.25122,342.10092,804.77264,2811.8245,165.60692,220.7842,51.568367,30.958857,822.4867,161.72055,13.427637,127.68107,175.59178,752.7637,557.9074,154.70512,547.6195,223.53865,232.09999,352.61728,28.23499,357.41635,407.67273,507.28796,251.66745,45.081333,481.17355,17.207321,55.33284,12.166195,564.934,197.63408,298.49872,838.925,686.7699,467.774,372.7573,783.03796,10.768512,200.12106,51.388103,449.00824,1913.3682,33.13624,345.74606,12.563005,564.0924,280.17438,178.53377,41.58033,22330.629,92.759
2022-12-17,52.098877,385.5057,502.24884,1067.4386,3899.5505,169.83202,420.11984,52.87012,86.11195,1115.2188,317.57288,8.35805,273.1037,226.76137,1637.7866,763.9646,475.65912,1198.5636,322.69223,733.6898,458.60114,116.687164,618.0265,484.52963,771.3983,241.9192,64.98747,794.1415,50.317055,102.71789,31.92517,1141.3777,466.8445,547.1812,2010.426,900.39294,771.6077,758.92474,2380.4478,21.480291,255.04187,76.58477,657.06024,2378.5374,40.363293,455.86588,32.953762,971.0938,706.6682,344.54984,73.02122,22917.22,87.52355
2022-12-24,68.24601,236.621,296.58112,775.73096,1922.2533,280.5413,355.5894,39.54586,32.052994,830.42053,166.50548,11.2297325,252.36877,179.22704,875.7654,739.8458,282.23215,515.7373,234.53465,725.0351,292.28516,125.84094,783.5158,310.29166,747.635,149.06339,143.6264,274.90808,54.691257,126.31104,78.39966,707.96857,501.90793,358.09567,1832.2217,994.0733,822.91113,774.2286,1260.926,59.93875,143.9013,79.2257,438.365,1523.4407,67.145004,342.13828,53.10086,626.7045,555.40137,257.861,53.38668,24806.367,79.29844
2022-12-31,52.41653,138.41028,203.68526,536.15173,1629.332,261.28842,371.0547,19.670101,25.235752,920.77435,111.00132,12.105256,316.8402,357.4245,345.12723,574.9555,200.11609,278.43896,84.45575,730.428,249.82571,199.50926,992.0996,188.92955,676.41455,132.033,100.70873,338.95142,80.51891,140.68794,89.32796,615.772,315.65518,203.2915,1986.3818,795.6352,595.9887,702.6311,970.6021,43.905605,143.89154,89.05785,187.3969,1456.5939,44.689453,253.84572,63.219814,689.62134,449.41678,174.34169,38.494324,18747.951,61.644722
2023-01-07,43.376846,159.57039,200.8177,572.2602,1111.4573,283.6122,121.71361,21.818405,29.55102,1023.8546,165.6563,22.597223,329.01526,182.99814,427.98898,366.30252,157.21817,251.11328,183.91348,879.6754,199.2199,223.49736,935.9676,141.0228,506.6567,72.41561,48.15564,332.63867,69.70308,114.77003,105.19135,361.29092,322.78818,215.11627,1096.7474,557.4502,613.1443,312.38687,959.80334,53.47519,117.57743,80.6054,183.49098,1217.3357,57.79737,269.19406,70.280014,331.35812,417.79968,126.01963,47.26776,16423.352,83.2296
2023-01-14,40.46893,145.58025,117.38681,606.7029,700.6,312.71698,157.77234,36.080708,39.0607,1176.3175,197.04071,34.256496,330.02344,184.69662,420.32303,400.6075,181.5184,186.90733,146.27678,788.5064,238.92914,180.67712,1063.266,147.63795,568.4106,108.52104,84.87978,272.46426,77.71577,126.40946,139.15594,384.1994,241.4454,154.80891,1008.9227,411.97787,634.65607,276.2079,866.486,45.2517,145.30434,50.75347,283.38535,1530.0889,71.47629,250.65463,86.73369,218.43123,455.82043,142.47105,43.238777,15926.031,67.03185
2023-01-21,30.917728,111.60661,126.70165,278.36087,607.9642,122.22652,138.8388,15.248175,45.44593,1263.0951,185.44345,15.743653,180.5138,110.133606,352.54974,259.58524,121.38698,113.2726,172.12434,284.83972,113.51048,107.27555,532.9793,64.5451,296.281,83.60363,60.12652,97.94347,70.543365,94.38452,99.13323,212.06682,140.77226,103.836525,818.206,358.85126,398.07318,57.578884,613.2695,31.212257,133.23112,64.90644,118.26314,1100.0221,63.44834,200.74962,48.760597,216.66064,287.88217,135.89241,30.683876,10598.87,61.24008
2023-01-28,11.514612,97.721756,107.754166,110.15332,117.7053,98.53341,74.178955,2.3902886,20.791527,567.2539,106.62241,11.694539,14.143132,40.632732,135.28188,181.52841,41.910988,36.40616,52.023342,113.423004,89.588875,17.058182,73.47851,37.010983,154.87874,55.56948,43.3424,128.00458,53.407738,63.822254,25.0255,130.43558,60.686363,-8.636842,508.69162,201.52573,250.15398,28.568136,483.00458,7.1526403,83.746735,29.583477,91.18427,520.4104,9.416511,90.41466,-10.672052,84.31237,99.951675,75.07838,23.298834,4164.0938,66.88199
2023-02-04,6.765616,70.768364,66.732,108.76545,137.47011,41.262203,32.541718,7.2810345,14.22973,592.25397,85.169266,0.27826342,5.791415,28.944605,29.946808,129.58665,43.00002,32.615547,86.22797,46.311768,61.673927,15.196994,124.840416,37.132797,94.80486,46.167515,16.87169,25.894081,27.584002,56.365963,18.277142,106.52059,34.105396,34.747875,33.135674,73.14419,125.26412,18.993647,269.84412,11.890346,35.402,11.684027,61.713303,410.25473,24.853762,81.41799,10.406072,61.418236,77.09749,27.305176,13.663994,3474.7961,59.073196
2023-02-11,7.617335,45.289944,-4.724888,51.122192,40.199356,29.101152,16.414135,8.898021,7.396017,329.5456,74.1102,8.932014,71.65937,29.139135,-31.547281,115.27673,42.266747,60.943733,25.448391,62.107166,31.06611,6.78032,2.9852986,13.619096,55.764915,33.305744,5.39229,31.107502,24.639257,24.055044,20.792809,54.06758,4.9758215,12.699669,59.68752,69.71565,48.2157,-26.984842,295.1805,9.983036,45.373043,12.866937,20.146107,246.50012,9.627913,21.015942,7.005912,34.37853,29.089998,30.064386,5.643976,2745.158,56.58935
2023-02-18,4.276227,36.190735,35.517357,111.33814,302.37265,46.1852,3.1030524,6.7910976,17.002613,339.51254,63.649467,7.769435,-17.57583,-6.0058637,-56.632584,82.82428,17.423613,-11.578029,61.571854,45.514576,41.08766,11.972471,147.64975,1.5554008,41.653996,45.648323,9.394182,10.423557,12.4848385,11.580401,1.0916824,59.25213,24.038338,5.7502904,125.33909,-16.473421,98.17299,54.370266,178.53333,7.21407,42.090282,15.800107,52.742172,332.17566,8.853816,67.68069,0.6852585,31.424847,17.746046,28.951817,7.286439,2251.7065,59.679184
2023-02-25,-0.031466376,22.999783,27.24613,32.64457,28.473314,40.04273,26.48414,28.115526,4.4816904,242.12357,81.74281,8.103422,11.163716,11.95097,6.8206787,54.027466,32.322636,67.6294,50.698757,56.545433,55.716873,3.5371003,-17.564884,24.34477,15.467529,12.37919,0.8755254,39.855034,12.3506,0.114191785,9.466142,64.98346,16.663986,16.417742,170.74576,64.560616,68.32001,1.7329546,230.7795,-2.0281982,44.644707,9.344462,38.198753,161.0356,13.532637,46.1442,-1.452455,73.08785,22.308842,27.436905,2.075892,1844.0422,58.75041
2023-03-04,0.9298326,43.793503,34.490597,117.53563,74.8889,27.245926,5.299997,-3.1981978,1.8310018,230.96236,79.22854,6.679956,2.3215022,8.870738,71.379845,31.010664,20.204178,3.5413783,47.91037,17.844088,7.2210126,-0.4698904,107.6959,-3.515875,50.72341,26.772259,4.456631,41.636055,9.196577,8.448731,1.1415594,41.429176,13.534695,18.864313,36.451847,45.434963,30.375187,-10.47326,142.63736,3.0622473,54.758453,15.144052,56.938404,276.59814,7.995759,61.883095,4.025568,-7.6081905,2.8376915,17.03366,1.7145584,3217.6846,55.829426
2023-03-11,4.821556,22.458147,35.66694,-31.625294,201.38655,24.280458,9.056484,8.0101385,4.216178,293.48175,66.690544,6.6343145,21.129856,-3.8409235,23.407516,34.885036,15.589969,-0.5756312,27.897217,-4.3040314,33.194,-5.2127066,23.661524,9.026469,62.09929,31.097227,4.4858203,7.0296435,9.288352,7.658812,0.50160456,33.088154,-11.505749,-8.241726,-4.1563554,15.642241,30.571503,3.2526867,195.2168,0.2956761,20.765455,7.5786567,59.121677,213.42041,14.934429,80.29494,-1.1477911,84.4716,4.1833134,26.547352,1.7375696,2760.9714,43.60357
2023-03-18,1.1275574,16.614777,21.241768,118.668335,19.829191,28.329819,10.131635,0.32732412,5.016462,151.37764,64.19448,3.492848,3.4711792,-6.6598706,20.917978,51.950615,18.984356,6.135797,41.098194,7.996875,17.30983,7.134829,68.68383,-5.081454,11.728061,33.20642,4.572518,47.119537,2.4609215,1.9539903,4.097434,0.3013972,20.815447,8.24618,37.035767,-1.482085,9.159829,21.461697,122.801094,1.0438206,39.241806,6.546267,17.909384,109.29437,6.549843,43.10296,3.4730272,64.33794,4.5149803,11.484646,-1.5163275,2389.2542,38.12104
2023-03-25,3.310423,16.964375,35.233112,-2.9837883,-105.352066,-5.0398626,32.141304,3.3379116,5.8512597,203.6921,62.663105,3.77101,5.176402,4.031561,-47.794884,56.59945,8.702455,37.936493,36.55242,45.41113,22.05589,-2.69406,5.329383,9.222259,19.975863,29.036016,3.7263849,6.7765393,5.2521772,10.397686,-0.9810854,49.71058,-18.094778,3.070939,83.69208,9.390503,24.377846,-1.6080966,141.01735,-1.0729359,30.756477,11.110044,16.893568,221.63393,8.642652,48.291325,4.2463417,2.5421576,14.814243,13.924151,0.66039693,1746.8323,25.09882
2023-04-01,3.195163,23.766325,6.7289877,60.26569,180.45851,6.1577225,-12.6337805,2.1999412,6.1450577,203.3235,72.57421,3.9509091,13.928667,8.793972,0.035125278,39.01201,18.681034,12.396692,30.547804,40.186626,-3.7415833,9.076313,76.60824,4.275213,26.482328,19.193018,1.673229,23.357986,11.2809105,16.03083,18.380274,14.983469,7.1974273,2.4930942,85.49121,42.44745,44.247303,37.384045,120.67977,3.6581151,21.337303,15.256684,47.63405,142.83572,2.9639447,11.711451,1.3766922,33.13844,14.506771,12.329794,0.29207334,1085.619,21.572535
2023-04-08,1.4932089,8.979637,23.5473,11.304211,-133.25229,10.432344,-7.0705495,4.358817,-2.7031703,102.51964,72.26788,0.97468066,-2.3860493,-7.383546,47.251587,36.10848,-3.8678343,10.247328,24.12148,-24.361643,22.305586,-2.7682827,-43.35523,7.2611575,-6.4966974,19.866264,1.6467397,3.6435268,-0.6078336,3.3936162,3.6033878,3.5231452,6.1938415,13.303606,-36.875534,-35.01276,-26.851427,-60.767036,176.55077,-0.19838415,23.396322,19.649849,27.376198,221.526,1.5080771,8.339398,5.1808486,43.80743,-14.473552,18.401747,-1.0484473,445.45737,23.43447
2023-04-15,1.1764636,23.51431,21.526503,7.668222,-27.975464,-5.1787653,37.203144,13.941288,3.9044263,61.263187,56.43463,4.9406705,3.1543646,3.145233,114.83309,32.258568,2.4603093,-0.61673653,19.998117,6.3970985,-2.7855124,5.3304124,1.9788201,1.3857443,36.720352,12.126058,-1.0221246,15.529747,-0.45318726,9.704015,8.349828,25.192097,-4.0109406,-5.6868443,104.00644,58.55198,61.250957,35.103268,94.75098,-0.43639714,28.41986,12.548386,62.98971,57.413624,1.5799087,55.244427,-3.275836,16.3379,9.356541,11.005592,2.1180975,1212.1821,26.018635
2023-04-22,1.2183634,21.510944,16.282587,56.46722,46.718803,13.830343,18.448812,-3.2262287,-2.7032514,160.20538,52.605743,1.8910749,2.9866586,15.84343,10.101559,28.273748,-0.41045004,11.738607,21.998133,48.336468,15.260156,6.543756,25.376324,55.437077,43.61488,27.646889,-1.0194165,16.385036,8.513185,0.6519815,6.1569605,14.685879,5.422882,9.06107,31.117168,-15.037685,24.029833,18.658081,27.529436,-0.10072715,10.158187,12.353154,-15.019416,122.00548,2.046888,52.9941,2.352019,40.250202,12.259274,17.3151,1.1708453,868.7937,35.820427
2023-04-29,1.7148476,5.942678,15.343866,34.727516,81.24895,1.0877744,22.918512,5.0318956,3.7617528,148.6393,-3.5004559,1.9828025,6.139551,0.30053833,65.38732,15.119678,14.057271,28.146656,18.622824,-50.88172,6.5205593,-7.5411425,4.6507006,-29.153797,2.0561285,19.757124,1.1419367,6.562865,2.7395356,3.5058582,-1.1504055,41.67618,-8.708511,10.261012,74.47548,25.701874,-9.544289,-10.379087,105.5877,0.024250435,26.22696,7.764294,66.416046,177.769,5.6834927,19.104525,-0.62265533,14.381267,9.632598,5.1473484,1.929441,1243.9473,33.190845
2023-05-06,2.762682,28.520699,13.099647,22.03094,-83.20402,4.6813803,26.559229,2.9929292,2.5556245,183.74652,51.550377,2.7431293,-6.907677,-5.196971,10.8237705,16.291246,-8.314937,32.121265,17.06324,49.639423,13.99784,6.0299044,14.985337,15.671145,6.8491964,28.961111,1.4767864,28.88012,1.1639663,8.4997425,-3.1032724,3.495325,3.4254813,-3.8038948,32.340862,-6.6991425,56.282413,-32.296494,58.985813,0.19768818,19.868134,4.496075,-15.686143,-1.9632435,0.079754956,50.457264,-0.42482418,12.875222,-8.573082,11.192156,1.2710066,1042.3579,28.047768
2023-05-13,-3.3889408,10.826077,17.024405,43.927444,108.04962,21.086164,-13.1027,-4.290893,0.8352631,168.20119,27.376472,2.9791858,18.950325,6.1343718,67.84764,23.595146,-2.146524,0.010695264,18.732094,-20.468107,12.256236,-4.544957,-8.141015,24.440466,21.695,22.296438,0.614588,10.368521,8.021528,6.360218,3.100145,1.7313572,20.074688,2.7512758,102.17438,9.652896,-20.113781,50.122356,22.033129,1.2654046,19.922033,3.335083,29.921347,194.97661,4.2742023,4.9136844,2.991672,-4.707768,10.672986,7.5842752,-4.541859,784.82367,37.15663
2023-05-20,4.72683,5.956371,-12.370104,25.090733,-137.96358,5.091877,-14.917883,4.4447174,1.5758462,147.96375,40.73776,0.9166825,-0.69164807,8.8446,33.884377,19.009754,-5.376634,-10.866194,19.490887,49.673626,16.449633,6.482957,21.22708,9.543156,18.238962,22.476013,-1.5629277,6.9920025,4.941529,-4.190606,0.23088716,9.670223,-15.031385,7.213925,4.750981,-12.545512,43.890003,-29.93896,25.347013,0.4382035,22.69029,5.258338,41.480865,58.94868,3.056416,43.091393,-1.4782647,-0.43076232,13.426491,2.5797079,4.685036,731.45337,44.634865
2023-05-27,1.750353,-1.5326519,2.3128283,59.504463,204.89967,5.305569,15.908021,-0.6555337,0.38358113,94.078575,47.36753,1.023132,5.918559,5.8812647,93.559456,2.3176785,2.9871948,10.822257,9.028516,-13.089044,10.590986,3.2552617,39.036396,9.226036,14.585313,14.058162,0.45600155,7.668954,2.7350287,2.398431,5.5321107,-2.0771172,3.0009696,4.781577,-7.718555,9.789552,-23.958166,-6.7840657,53.336052,4.4553075,25.130516,6.545592,-4.3730054,117.91238,4.5015607,29.31614,0.23288834,-12.761846,10.65349,1.0296531,1.6535444,639.9081,47.635754
2023-06-03,0.5539938,14.598056,7.452667,22.342379,-44.809544,-12.426736,12.977894,4.3758554,2.1360242,144.11238,35.1607,2.6427376,5.2058234,2.0373306,-7.4547324,11.323178,1.5251933,14.274529,12.861563,14.202658,4.2881207,7.8018126,-26.185114,0.6842934,41.42844,32.6944,0.7967547,21.241623,0.08462548,4.4891367,-4.5673904,44.46866,-4.006185,3.9031935,16.024027,-10.990508,58.240654,2.0763788,78.855286,-0.22417928,6.190561,1.5257131,19.867561,51.266983,2.9426541,35.29421,3.3154707,4.267449,-30.076702,13.407601,2.0140467,1042.1473,48.684574
2023-06-10,-1.6580032,12.9411,15.602249,66.2112,146.13445,20.10825,17.414026,4.411021,0.0021648523,204.2974,32.161823,1.4411727,-0.51180017,-0.95653546,28.902596,-7.512443,3.27622,9.575345,17.236172,16.099104,0.20959942,-2.2373464,27.644617,-0.8329383,-2.7483087,14.951761,6.224965,52.796078,3.7264557,11.652866,5.972264,8.105068,-4.7542267,3.350171,125.653534,31.646923,-20.026964,36.475666,11.113235,3.7984273,24.937662,3.6862636,45.37769,86.37932,0.6673034,35.42419,-2.0967093,22.928965,-1.1895225,13.96188,-1.1451912,1031.5404,57.133255
2023-06-17,0.48928267,28.815294,11.204014,29.067244,19.669733,-23.666403,3.1769657,3.864411,1.9269212,128.29503,35.657562,3.8762105,-5.0637774,5.9217005,4.477929,26.161507,-6.094261,23.603136,15.847798,7.842574,13.768658,1.8589449,14.403042,-11.61952,-6.7701607,7.835384,-0.13042006,-9.463882,0.014799008,-2.0658028,0.8547045,54.693657,-15.443459,8.188682,90.93348,6.4106207,60.435932,-5.966612,73.762825,-1.211388,36.43956,3.2222075,21.687946,84.88318,4.6168914,32.512882,1.0493134,12.629878,-12.822594,6.8782787,0.5247828,1687.1277,62.251484
2023-06-24,2.7304974,6.019005,2.8636575,43.14624,-13.451676,10.776836,2.4622836,-2.9253542,1.5284948,154.23213,55.164284,5.863182,8.6502495,-1.0728717,23.364822,23.672441,3.285455,16.267235,8.557172,3.0582533,-1.5416456,1.3738704,-2.876342,11.485509,-2.643057,23.54115,2.2782447,20.9041,1.387989,-1.899016,-3.499638,-18.200209,4.0843754,7.6440835,-37.246456,11.368312,-27.80249,-9.186551,59.433125,1.6846949,18.439705,2.130914,35.567997,39.546474,3.3982532,18.075756,-1.83956,24.803558,31.848047,15.983194,1.2450547,-134.50989,65.50845
2023-07-01,4.7619147,15.129056,-4.8849816,12.624987,184.28938,14.980027,7.950636,5.6409097,1.6651754,113.82695,55.106018,4.5645843,0.86286765,5.8993692,23.461817,18.287579,-0.6430033,4.606521,0.19841161,31.417694,2.4127278,0.067462675,6.3606286,20.117035,21.030039,11.918116,2.1785965,-14.233156,5.4083023,1.6746846,4.5006595,3.4476848,-3.0669658,13.397142,52.947414,30.350788,27.880503,-5.852765,84.92738,1.5092815,21.435486,2.2849607,13.4169235,142.10844,2.3058023,39.91309,2.3107436,10.013177,-30.105484,1.286844,-1.083613,1267.77,63.23114
2023-07-08,1.031059,1.7367791,4.369564,67.35778,-173.1605,-2.952735,5.218697,-4.050961,0.6385269,130.72812,22.468948,5.8837957,-2.7291167,3.5958953,36.828163,1.4904178,2.3090727,12.232427,11.8851595,-28.149937,1.6711382,0.9029722,14.481306,-12.887106,21.876604,11.216638,-2.3298047,24.315056,-1.0725344,1.9262154,-0.9875718,17.815725,-19.128382,1.6667645,-30.3822,-4.321935,5.7251787,15.712127,50.026337,-0.9481136,14.970022,0.58602697,30.128033,129.11296,3.6348891,-7.8659806,-3.856666,27.06344,18.73213,3.3858178,0.6635826,764.0554,61.941082
2023-07-15,2.6577575,20.332485,-8.815721,2.674926,79.8153,-4.688277,17.961191,1.4207463,-2.3145335,167.5787,44.361973,7.7675548,5.647447,8.679208,-30.969795,23.50637,7.334284,-14.611697,25.44822,19.055637,-6.3458786,-0.17029585,12.449778,4.0983787,-14.510324,18.770914,4.537644,27.690298,0.6166834,1.5250103,0.2826068,16.603598,19.288477,7.0094094,90.738266,49.00825,19.722332,-21.879038,51.961887,0.9563928,21.021683,1.5846086,35.345547,112.76291,-0.9269257,47.663017,4.3798985,4.0002956,-17.824358,14.575405,2.462064,1202.8711,54.994816
2023-07-22,1.5190543,-0.70739317,22.562262,43.804768,21.012276,-0.2077451,-18.260998,6.886648,-3.907719,217.95702,19.271513,6.7228994,-5.677184,9.728886,32.306366,-5.432052,-1.4933796,14.410347,9.464129,5.5735435,9.277341,6.221143,-37.07488,-5.4220386,-0.3635616,10.050455,-0.7886372,23.910961,2.109114,0.5896867,0.2453802,34.04361,-3.3132625,4.193699,0.64324343,13.083015,2.1170504,16.034416,30.168278,3.9129066,15.449466,-0.2900786,2.2452126,28.935122,1.4493238,24.334845,-2.4898334,45.405903,25.952835,-4.083003,-0.45815966,293.98904,41.76168
2023-07-29,0.66965556,11.820462,-0.1916895,8.584904,13.612682,-0.7280478,15.761079,-2.381972,-4.1842046,101.271,24.408651,5.1560535,5.341006,-8.150082,-0.48389032,-0.7240086,2.0169795,3.8548315,-0.95546204,4.421681,5.1141973,-1.3685894,30.684587,0.43356982,26.104433,13.992795,1.1435531,9.219171,1.4972626,-1.3287766,0.5568023,-11.517926,-2.7140174,15.504726,15.56236,29.471539,0.9643695,-18.333586,41.51838,-0.76086015,20.966824,2.5671759,44.51623,157.69463,-0.4281175,20.143965,0.17647886,27.580202,-12.509426,2.060158,0.99299663,659.57294,43.303066
2023-08-05,1.5788219,13.805199,10.539357,4.5727777,25.45308,22.384884,-2.2954855,3.025742,0.71437436,97.192055,16.36594,4.2678113,2.8486984,3.7312248,15.508186,9.166254,-4.865684,3.7657154,19.232613,26.396393,3.4914773,0.39950886,-14.465377,5.236065,28.030954,16.91704,-1.5870291,9.79462,-0.65416163,0.6334439,-0.085294455,9.484037,0.20834722,-0.083272,30.868645,-2.972344,34.30991,9.864228,31.944036,-0.049236882,16.683603,0.8188937,2.5962744,93.28867,4.6881237,25.474834,1.3493288,39.672283,16.518322,-1.7729356,2.209804,635.3259,33.087833
2023-08-12,1.8580959,23.081228,3.8191311,9.584029,45.037643,2.1301346,8.274832,0.3727591,1.7225792,159.05734,25.897213,5.373165,1.7584475,3.2613533,-17.677032,5.804595,1.8629746,5.5306478,1.08581,-8.357809,19.049437,3.8903315,32.882545,-4.956849,-2.5401936,14.487448,3.0411692,22.134378,2.5277605,2.0614886,1.4984398,28.246284,16.510527,4.8625517,21.900139,29.944246,17.139938,10.138378,44.747353,1.5809531,19.258047,-0.4430503,34.820095,58.784946,1.3224269,23.148062,-0.11294101,34.4147,14.205032,8.518912,0.25337547,1357.7928,43.36351
2023-08-19,0.36651364,18.059685,9.530721,18.81653,-7.1871104,1.0517389,12.884751,4.0663457,2.589694,132.25552,10.502438,5.2902412,1.9672656,8.219795,36.1692,21.859129,4.3974886,11.365086,11.517059,-8.263173,4.291339,2.038724,-6.0285845,18.712524,23.694805,15.786625,0.40962383,16.413363,0.5658401,0.1691098,1.3082411,36.467514,2.380919,8.377888,79.42251,-1.4564832,2.9510467,-3.0372941,38.875282,-1.3465905,24.369476,1.627816,-2.4996529,82.07996,0.15870814,36.238052,-0.9827124,39.431133,-2.8662815,1.4749378,-1.3469225,412.78003,31.503704
2023-08-26,2.0941424,10.13719,19.62228,9.007452,95.036964,-1.0660242,16.378653,-2.636314,2.638283,89.987816,46.803352,4.385062,2.0632029,-0.5449981,-6.031393,10.902827,2.3744974,15.32304,16.12465,41.235107,1.957267,3.646743,12.244589,7.170846,22.154127,21.9318,-0.68347913,12.76271,-0.36298025,-1.747309,2.2513287,3.4644065,22.363087,9.500833,16.70817,-1.3639693,5.8074617,9.890771,69.86405,-0.738312,8.4626665,1.8512801,29.821306,153.72768,-0.48008528,24.670002,0.5730911,1.3542544,-2.5317602,1.5635433,0.6332656,538.7722,34.150898
2023-09-02,6.9091578,20.674618,13.297989,3.6407604,104.474525,-0.71164346,-1.204476,0.90231955,-1.0584371,214.94131,21.943815,6.3737793,1.5754132,5.8913827,8.111648,28.501905,5.4904838,26.240255,17.194565,-16.088968,10.453666,-2.0364459,22.6039,-8.603841,-0.9194281,30.066967,2.2693164,14.162243,3.3727,2.6239808,-3.1363397,16.629072,2.4787269,1.8568746,49.761177,21.712868,38.184235,-7.6607747,11.459662,0.94664127,14.236159,3.986092,33.87642,170.40192,-2.1450999,21.495514,1.2079281,45.61862,4.5434566,8.8541565,1.3982683,1569.0896,35.043137
2023-09-09,1.0872519,19.999357,21.282804,33.200466,-9.385833,8.840662,24.918203,5.6925707,0.98092955,190.94075,29.057621,7.7389402,6.2164507,2.7596154,67.254234,12.535251,20.753025,-0.44813627,15.831338,21.119411,6.6829915,0.44631118,18.499079,13.702513,12.153556,45.74962,-0.6066411,17.20098,-0.03211188,6.8593454,1.5371499,54.578148,3.7632704,17.573673,15.717911,34.90028,5.4244766,22.45984,31.702103,-0.27024534,23.21829,3.4910448,28.945982,50.888756,3.2071016,58.943317,-0.82949376,16.726227,0.9101171,5.676216,0.81499714,1491.9404,49.59748
2023-09-16,4.8812947,22.11213,32.95775,19.742903,161.55016,33.8583,-10.048528,-6.677245,2.0903497,161.21698,28.566141,6.9316816,11.198052,1.5515276,68.93415,34.880745,10.201474,24.865694,27.990458,26.077751,2.1328077,5.8247895,45.342846,12.577168,96.954124,39.865032,1.4576476,15.0469885,1.4024552,12.684978,7.4501085,-2.8653371,32.692497,11.167648,69.69786,21.176691,59.35086,26.912457,32.42896,3.5422056,19.150257,1.5247263,24.353918,180.05344,-1.4582574,36.501602,2.814197,62.599316,18.630379,-2.479659,0.6909029,894.8805,73.25026
2023-09-23,4.2085767,19.68936,14.836956,62.77642,-39.20587,-8.479473,8.922175,3.6792772,6.663763,137.33157,27.140005,6.056283,0.22764155,16.827393,-23.154701,27.823116,8.054637,21.371973,24.045986,-5.505625,18.947098,0.36332884,14.768425,-2.2720919,29.971033,30.489363,5.452043,18.2566,1.1222777,-5.7381063,0.7507121,2.196569,0.09386727,-1.4872009,29.914711,58.347187,-1.0018572,-35.05728,39.57754,0.4456088,17.234648,5.003403,72.22811,-17.514994,0.04433669,48.74209,0.45941472,85.16568,18.414198,32.4678,1.2537593,266.78802,56.737846
2023-09-30,5.8032556,15.883511,18.70233,50.07471,112.78326,13.095626,8.511796,-3.1010656,4.045104,192.60976,37.307106,6.915961,1.8195994,10.485087,25.37174,18.604649,13.427472,15.592527,23.066418,23.276476,19.271149,6.3773937,74.151596,27.52193,20.544888,23.690218,1.0456579,43.998096,3.1929665,0.44737563,5.5705414,55.826344,27.152082,4.6226273,32.083004,54.102062,21.75899,27.678886,103.91519,3.3516283,33.39597,4.532576,6.6332245,233.5659,5.667073,52.045937,0.17846721,17.35623,28.858099,-1.9198015,4.1539235,1562.9761,56.955177
2023-10-07,6.667668,10.003274,27.64606,60.976707,8.526781,8.300106,37.616707,3.1982563,-1.3567692,144.85394,42.15433,9.6977825,13.355759,5.7780223,37.207947,30.224342,-4.046814,28.143288,26.407785,-0.8775795,0.45071673,0.9681809,17.424503,0.766403,28.823002,25.151663,3.9091969,25.792366,1.4077632,13.040118,2.865457,44.35994,25.806705,15.079913,72.37886,37.54492,16.007492,13.294424,51.38545,4.943916,32.96536,0.23983164,48.578957,143.07875,1.2588744,28.046566,2.8824687,12.000173,8.894212,27.047094,-0.96177334,462.12845,73.06321
2023-10-14,7.458618,32.227524,22.016344,80.2721,133.75047,35.443756,12.235238,-3.1746414,4.9837856,226.18822,38.156586,8.733861,-2.7867289,8.070383,36.012634,59.10207,14.932083,22.309114,21.688217,25.65596,-0.6944795,-2.9329617,2.5726855,8.5050535,10.206232,19.9737,10.025103,6.9323063,4.3422503,5.8889055,0.10683554,29.267447,25.129044,5.9868636,-6.573557,47.891212,29.518547,20.681648,156.75687,1.1856433,26.12213,2.3178341,12.744621,66.946556,5.6046963,72.991516,-0.2244179,14.9689245,6.2692513,15.458748,4.5331373,2304.804,92.01378
2023-10-21,13.548135,13.537156,30.407679,86.69379,-5.2652507,-3.1555219,12.011813,10.362854,4.1811657,264.0835,24.148556,8.711409,2.7212603,-0.33850825,91.49762,20.715006,20.783674,14.159521,31.491674,-11.190435,14.877008,8.305178,17.79226,-0.7715714,17.4705,21.23631,-2.1534183,24.751755,-0.26438212,6.453829,1.305482,21.88982,1.3550797,-0.47803596,57.693806,31.057365,29.713184,-0.6051987,119.77514,1.514872,29.479538,6.9549174,63.819607,95.84824,0.109554164,51.18,-0.40047258,39.190163,13.879205,17.982546,9.4014435,917.4317,100.807175
2023-10-28,13.449747,38.75862,35.148388,-12.552911,40.200897,29.710152,3.7350504,-4.7040114,5.651452,350.7161,45.46241,11.784535,3.8808,-4.154941,80.231514,41.003708,9.5968275,51.419296,24.194311,28.252491,-11.569372,1.9545954,32.820625,8.239938,21.545712,32.17636,0.6870211,18.25854,2.3023534,9.32111,3.2877219,2.1556904,10.327565,-0.9901535,12.191213,35.667297,69.680466,11.046599,3.305526,0.8930662,30.88541,-2.8153882,-0.3144564,244.58667,8.472508,61.981583,2.0444827,4.5797844,8.82996,10.840942,4.1475163,500.015,103.015015
2023-11-04,20.682085,49.041546,33.869915,107.3876,133.39651,24.410435,-10.667345,6.348325,7.5297303,269.20404,41.07723,10.759236,3.6173627,2.285085,31.208822,45.979008,4.316098,-4.7067823,34.252213,12.315085,22.346796,0.5270262,23.577013,6.8354554,20.503725,15.091954,-1.1536798,36.864296,-1.42093,9.786188,-2.173015,12.97219,-9.420666,19.464914,21.191492,33.006638,23.5047,-6.0138626,-10.360521,-1.3552699,46.691216,1.4019587,69.469894,209.47552,11.589636,65.42937,1.5024798,2.5198069,-4.517535,17.484709,2.846727,1227.1313,120.63613
2023-11-11,28.339594,20.009192,29.229847,79.665886,137.9732,27.068167,15.587055,-1.3923962,6.6948204,357.54926,39.709957,10.895356,-2.16044,2.3253832,9.467518,26.028788,0.094959594,5.8258567,41.612064,37.849323,2.6589968,1.6882918,-27.369768,-7.742356,41.9294,24.368275,0.51023376,-13.99786,1.4226167,6.9118676,2.1543357,33.14354,11.052587,-5.984627,70.77473,38.63384,0.24647824,41.33741,118.00308,2.1277618,25.759798,3.1841862,10.486126,324.94745,5.557664,87.36066,-1.7541579,-11.521642,14.3580475,20.47839,3.2101195,147.37505,151.73816
2023-11-18,38.45549,78.94342,46.788567,150.92892,268.1962,27.221985,9.164264,2.3328207,9.307393,419.45572,84.555244,9.850375,19.499443,0.81851274,80.58344,47.99283,11.456941,26.051105,80.90294,47.00983,32.051903,3.7359467,120.25729,28.785097,-11.025653,41.113758,-2.4850051,65.644585,-1.3273423,2.0348806,2.0271497,26.641142,4.4395456,22.149656,83.07252,19.267918,-0.87579155,-3.7226713,8.533903,-2.2994642,68.35855,-1.0112778,87.96798,471.86566,7.8470354,92.47958,2.0188746,-1.3559093,36.7996,14.964172,1.7522025,3030.8516,170.73587
2023-11-25,23.978422,64.648796,14.66969,165.61221,306.34894,71.777626,1.6070343,-1.5761054,3.3379872,501.45172,117.12067,12.953,12.668297,1.0018317,107.38453,93.379814,29.560709,34.258793,79.30709,27.66184,20.171291,5.5510044,-0.07016789,32.213455,73.13725,57.61413,4.4690557,76.40264,4.6512556,4.418851,2.3624277,48.29057,13.357087,7.2553973,122.908195,32.499657,38.528538,44.098026,67.43008,0.66937757,63.7039,2.990665,28.981743,356.37506,10.886204,119.01002,1.1985184,36.562523,1.9618648,17.050713,5.7382264,4228.0674,145.3
2023-12-02,17.50185,67.37336,-0.2738642,196.11899,195.04692,105.08056,21.637266,7.570675,4.585496,702.6723,122.15787,16.009186,10.025557,2.4926004,77.93029,52.321983,11.338157,22.160143,88.758316,17.058008,15.958738,-3.059541,19.735554,7.594814,-5.44194,41.8037,2.1065717,113.15168,6.7750583,4.066562,0.64102715,51.603912,3.6154249,54.650043,117.34841,25.421558,21.13744,7.0881658,74.02154,-0.6180526,69.45083,0.52240026,55.217358,329.9568,13.192294,146.21626,3.210059,104.47312,-11.298026,11.429597,4.6496515,5746.356,77.26484
2023-12-09,16.982445,77.67534,56.625874,218.17818,391.66104,167.68988,59.731834,4.447856,4.1494746,736.3058,193.40239,22.487217,48.584553,18.428743,164.72661,85.40052,21.35995,97.625755,112.3432,109.856255,48.291527,15.802217,178.87294,66.40829,181.2672,49.08483,6.645094,157.44298,8.032685,11.300469,9.123049,106.686264,35.846687,39.41622,359.0923,105.306786,81.24076,2.8089309,192.67271,3.5516942,91.70857,2.7350638,79.432465,506.07608,13.869377,105.02708,6.1248994,98.973434,82.85576,26.480299,23.773958,5551.2456,117.69509
2023-12-16,16.436066,113.80488,41.35192,292.71277,818.3935,136.62129,54.70986,17.808664,5.994837,808.2184,218.44199,15.054222,55.914825,19.729502,226.53185,117.52837,40.293686,80.1762,138.24246,81.65896,80.439125,7.2098584,86.32683,22.018877,93.6591,89.26436,17.585455,200.38611,15.151947,9.622563,2.2765338,152.70497,40.470657,51.462933,323.6497,134.65952,73.469765,52.231106,347.46353,5.000627,158.41745,6.110518,139.48192,755.74097,14.693101,180.73979,0.5359696,93.19016,43.220535,21.050442,20.908442,6986.578,101.50174
2023-12-23,10.664947,167.48213,67.20492,476.34247,1379.37,168.359,76.73764,14.359296,9.785275,785.58905,259.4838,29.359673,43.32244,52.057903,229.08304,158.49718,64.362114,60.350693,193.23448,176.07494,92.36747,20.949955,287.22562,54.563374,170.0852,123.15631,26.548258,436.1383,11.455136,12.333066,21.567125,300.2484,125.39737,97.38199,762.78235,180.26324,96.93386,19.974735,300.23755,9.33159,219.2371,4.940504,175.36784,708.90436,26.817474,258.10574,11.437539,56.848106,155.7551,40.378284,50.286438,9282.07,75.91169
2023-12-30,7.070477,212.55896,131.74712,809.7623,1227.2618,266.8767,158.8439,22.197193,23.20657,1065.1356,524.1838,27.337374,71.00345,92.989555,310.69012,294.79446,76.04143,145.38719,296.00104,256.0671,171.20186,29.237669,335.11456,109.97885,162.23468,189.30086,45.915188,631.98755,26.321562,23.29454,35.225796,434.07904,198.84206,139.47983,913.98444,385.4499,145.51941,53.669003,681.5004,27.44898,391.73572,17.135555,372.68823,1538.0541,27.765148,363.00204,6.9327006,158.58241,133.5079,78.54738,55.815426,15795.449,62.26663
2024-01-06,5.380262,278.85672,110.18229,956.5602,1510.1923,252.5147,131.00471,49.839745,29.451326,1159.8131,754.5919,28.676664,98.39201,119.4057,508.51495,356.19025,95.90378,134.92152,273.26505,448.654,228.34232,17.586216,238.39268,114.898315,284.1607,182.15918,83.57244,745.1323,32.026615,52.771076,45.572483,541.9144,240.90314,165.88283,1140.5593,424.0714,192.04625,142.89804,997.4832,26.044844,439.67102,30.886097,350.91812,947.1231,71.07204,445.01883,17.105856,121.24533,230.99652,108.6792,36.048943,18683.057,65.18722
2024-01-13,7.89623,203.79845,175.0791,982.3015,1423.1543,325.05472,126.79071,52.877632,34.22682,1222.3794,1454.9762,29.083687,81.36058,154.54059,564.8916,318.32632,82.77208,240.54823,214.43459,583.61566,289.63947,44.688313,588.4839,190.93755,355.11752,236.05746,117.63366,904.0476,41.9265,51.85421,62.545433,618.31104,188.34792,130.01526,1110.7279,677.61084,141.01614,167.52208,752.3799,44.062084,756.48755,41.61096,434.70334,1911.3462,53.255405,457.02518,16.738804,203.663,332.07785,113.85799,57.18559,15673.025,62.40109
2024-01-20,0.461164,340.52554,249.12357,740.87,1154.7665,253.28636,115.18448,52.058346,35.91264,1113.8009,547.2127,34.656597,75.87083,120.07507,407.83472,347.24957,58.150673,271.16452,257.7982,678.4299,295.6918,60.79184,304.63553,114.21567,302.41898,250.09267,109.550415,502.12524,47.38451,29.814531,34.80021,536.1073,182.15599,132.07141,1215.8495,489.20135,119.15888,78.02813,553.6023,37.156364,414.02115,47.733887,329.9008,1642.657,34.11727,461.40637,11.623755,176.20844,139.14552,108.98394,70.67584,11871.308,52.609398
2024-01-27,6.3614483,199.49268,193.0092,716.88324,789.05396,284.081,107.64517,33.012596,32.265865,890.58417,563.94904,24.445414,75.90753,103.18153,279.42734,274.67636,67.22451,179.8764,175.08473,325.87207,182.7512,43.19339,346.2906,145.10774,287.1614,201.6563,104.41805,353.59348,36.285297,49.333687,48.992092,487.19208,141.61713,174.07014,1036.49,579.65234,231.37624,99.20246,414.9877,32.147736,207.0556,33.33772,186.81078,1272.3333,39.422054,217.66432,27.790703,103.69351,315.60355,101.27862,59.941895,12526.723,52.153824
2024-02-03,6.818284,180.51118,261.58652,651.54083,1104.704,200.04256,165.61186,28.459822,32.42588,1023.86237,510.4539,26.954254,123.564514,80.110344,386.80673,378.8037,92.75992,204.52794,167.2736,310.96985,199.44464,42.073746,343.68192,139.64917,317.00955,148.15121,88.30398,304.04984,36.57974,48.177803,20.62073,430.79736,110.48627,49.429188,932.8606,530.98987,345.53134,101.64923,466.74524,34.834892,159.5501,20.3366,289.62662,1395.7422,26.44708,255.76299,24.37727,191.99979,153.54117,106.56562,32.109383,13156.727,47.6879
2024-02-10,8.081197,151.27487,296.52933,548.18024,400.00104,218.79886,148.17464,16.822397,32.99594,688.60364,373.56552,27.800234,74.23428,94.7099,203.40575,318.3594,83.69078,194.93344,110.912315,347.23422,142.66106,37.512554,389.12634,127.1278,266.74643,169.84625,109.247765,342.30753,49.85357,59.154667,26.51954,315.97852,127.66655,57.601955,867.5252,633.0433,491.73584,85.721664,434.17236,29.572899,203.35768,33.21338,199.53532,1502.5087,29.623888,249.4779,21.351345,102.05882,160.69388,115.251976,41.3384,10055.789,43.750175
2024-02-17,8.114702,97.31347,291.71878,394.4364,472.22754,199.03589,141.01291,24.058569,25.709656,701.9633,368.51596,16.870974,136.15329,72.81795,359.59,378.53992,138.25641,266.8651,121.635506,542.18744,123.307625,71.12449,419.80896,171.95607,374.2555,108.01536,78.188484,230.73482,38.879417,45.92185,40.568363,375.76782,61.378048,39.7575,608.96155,670.4119,421.48672,96.837265,550.94214,21.400269,137.08253,31.208538,222.93051,1227.0999,32.678967,219.21048,16.53356,66.633835,169.97794,142.1705,39.666954,11225.188,37.136505
2024-02-24,9.621764,114.03095,272.46066,115.87192,348.7003,182.70338,122.46249,10.699652,21.468155,784.272,279.53827,19.754616,113.006454,64.02939,156.74806,351.60452,178.80971,278.8285,91.50372,217.10298,124.019585,71.49895,690.0822,147.083,259.36496,74.68046,79.266075,159.74512,30.663437,54.788868,45.160076,265.47522,71.2436,41.659145,758.0388,700.0289,379.81833,82.41873,484.95795,14.406323,136.26848,17.584185,176.53473,992.6912,16.201517,255.27565,21.180422,90.73679,179.99837,160.55151,27.787346,11048.644,52.93768
2024-03-02,5.256499,100.63803,298.08853,250.05032,349.66718,155.30937,125.029755,17.044405,41.77533,649.4637,273.12524,15.179113,128.92528,56.49195,320.83524,346.3246,183.2066,261.2586,72.36747,626.92975,129.61246,92.87718,751.38367,170.3328,408.78226,106.32192,25.382284,262.28708,27.12831,65.45319,39.183388,463.10367,89.6786,59.008266,823.7591,644.20874,369.65317,52.450706,510.59494,33.11814,117.04879,33.555775,169.59155,764.07935,24.584805,243.76436,22.720585,81.88167,218.92487,170.911,38.25971,10838.634,52.955685
2024-03-09,3.6173365,91.53465,223.55872,147.24197,241.1911,115.65158,161.71202,18.299246,26.685284,647.84595,148.83302,13.714246,171.14635,81.37802,331.43115,338.53986,61.906887,243.15744,92.736694,397.23682,121.14344,69.913216,820.94824,173.24043,486.04532,45.743202,18.33632,124.223465,22.925146,83.00455,35.211838,288.86102,32.636955,19.367332,674.2904,641.40485,96.97415,96.18769,618.91394,32.440174,112.45328,38.51892,193.38162,625.12317,19.25654,218.53589,25.165678,39.37128,207.16869,173.05818,25.366627,9317.106,52.439148
2024-03-16,10.143537,67.69849,252.10535,151.82455,235.9045,86.28362,151.11273,12.8566065,24.974857,381.38104,174.79657,13.908329,164.7374,53.019955,193.87068,286.4078,103.632996,281.0829,77.24448,470.9435,173.81831,56.14099,875.43567,155.1891,425.55298,63.296383,17.57146,113.08357,25.683807,97.66278,29.748985,302.1977,67.40524,77.28566,874.13947,519.60767,159.97325,79.95633,469.1438,21.489899,74.33051,42.004837,183.56354,604.3183,14.14507,262.1217,30.436298,58.052925,195.71559,125.68017,12.818205,8855.738,48.07092
2024-03-23,5.091374,96.290215,199.50528,93.29199,219.13794,69.16478,158.57098,40.101143,24.400776,573.66565,113.30837,9.906571,174.97787,51.062057,283.28842,284.7473,82.262924,163.16855,53.34377,313.45337,126.76545,36.809364,739.5196,175.03429,335.86072,53.36024,33.9539,105.412895,21.249828,81.91664,29.412851,171.11536,60.714592,18.111828,427.5831,480.7498,116.3263,88.292694,325.10132,20.144466,90.384026,34.645767,129.07368,289.68863,11.738712,162.5429,28.193167,80.151886,188.79141,94.800705,18.894444,7610.2993,48.362892
2024-03-30,9.096459,73.47319,162.31065,120.37873,59.03868,78.2123,99.84369,13.765954,15.493239,578.0602,97.82091,15.326111,83.63435,70.182365,210.97385,254.03215,72.71235,72.68141,27.015469,303.00763,122.45238,31.494179,440.37335,135.98581,260.0188,55.147785,24.958094,54.404377,23.514637,54.53374,39.662136,217.85435,46.097412,35.296352,394.008,240.91092,64.24213,59.47305,266.54803,25.204035,90.368,35.764812,137.69147,430.70703,13.266268,144.51465,21.817244,61.414215,197.80975,76.93392,10.561619,5889.557,62.03711
2024-04-06,10.328253,68.783554,89.20782,73.70902,79.15782,59.76851,102.204666,11.6310425,22.3213,358.23492,97.68286,8.875335,102.021065,49.52572,229.59502,117.69509,45.188576,110.85,52.32908,264.37003,70.70848,26.213993,564.4796,121.117226,92.65038,49.073635,19.051125,27.609035,17.717703,57.46843,20.36654,148.91692,56.08714,50.252007,361.8651,269.02927,89.67604,73.24868,358.44757,14.804105,37.62872,52.919373,115.874054,274.44394,10.035185,139.25278,17.65273,40.301003,94.6182,65.80745,6.8984833,5905.154,53.123367
2024-04-13,6.7611456,66.8084,88.370865,111.55133,344.70776,35.145054,110.50819,17.68103,10.861055,297.45746,53.00117,7.873013,87.22535,56.033287,122.459724,176.4425,63.007633,124.50113,57.924465,213.71141,78.23253,31.350342,226.95119,137.09514,132.31024,58.339252,34.041073,108.22582,38.20686,62.62921,18.333393,202.70845,58.158524,12.200106,358.33557,242.99252,76.2864,80.718834,195.99823,17.35793,78.20452,42.59806,170.06892,247.85722,1.6619871,166.79738,14.940735,60.00526,138.9185,34.98336,9.456346,4333.2593,43.98292
2024-04-20,11.187729,21.820908,37.45241,104.65781,-43.499393,47.69748,77.20905,23.10445,11.175119,270.00742,89.76514,9.626726,75.39369,26.772066,195.43448,112.93446,40.197735,55.978615,-4.721028,178.31241,51.95709,15.574658,391.83163,77.7722,211.60495,50.896523,1.6322258,55.92081,11.383781,40.506172,14.967388,131.93279,16.165512,31.837519,378.66077,213.09195,55.17703,35.70467,138.2857,10.309117,29.170305,30.560137,99.42523,194.72972,7.36659,84.51343,6.0304837,35.436356,95.65037,34.799377,8.9762535,5121.3716,42.23634
2024-04-27,4.8021026,18.577747,50.28069,41.176144,295.7347,69.86065,63.589268,15.56244,8.037412,355.05612,-14.734764,10.624066,47.303986,1.8733362,178.59283,71.45271,19.329842,56.261127,37.21757,115.11739,45.246338,7.2084866,191.47144,62.307957,73.20409,37.590374,1.4618888,28.69826,14.06171,39.39307,13.841922,74.2357,7.10407,31.543774,305.36514,103.12109,31.976158,1.7126781,156.2975,12.667448,26.88588,11.586396,61.52472,141.97157,5.405299,116.622604,21.020733,30.114273,50.436913,13.455681,5.8244,3361.6438,42.930347
