date,Alabama,Alaska,Arizona,Arkansas,California,Colorado,Connecticut,Delaware,District of Columbia,Florida,Georgia,Hawaii,Idaho,Illinois,Indiana,Iowa,Kansas,Kentucky,Louisiana,Maine,Maryland,Massachusetts,Michigan,Minnesota,Mississippi,Missouri,Montana,Nebraska,Nevada,New Hampshire,New Jersey,New Mexico,New York,North Carolina,North Dakota,Ohio,Oklahoma,Oregon,Pennsylvania,Puerto Rico,Rhode Island,South Carolina,South Dakota,Tennessee,Texas,US,Utah,Vermont,Virginia,Washington,West Virginia,Wisconsin,Wyoming
2022-10-22,19.510843078956,0.691933484896549,18.9526335426802,14.6582470718214,96.6537911653412,28.2855883807237,10.0316795256081,3.23231591324518,0.64389747287021,88.3812971859807,36.6221196415893,1.42178508784472,3.21653344706826,22.271311647464,48.6299880481406,9.26788679307619,7.00334182394148,5.45510930121625,43.880557705052,0.0748618886592175,11.6039625352608,18.923027278785,18.2146942951409,19.9082406628724,24.973615703595,24.4772762336301,3.46379011792595,15.2459848007928,14.8322468949155,-1.27341002083446,16.8370758971219,15.791962773474,45.7174779028957,39.0825908050443,4.30945023753085,30.3632066246297,15.8345165647176,9.14109863445085,71.6293189290939,33.3042997133173,0.456180411926501,17.159502430396,7.41236302869267,44.2657508568725,50.1075130028066,873.433319421854,7.74919566258972,0.162331357832666,33.0516724995842,0.403400297198928,4.192712392441,6.06433348825113,1.72408523804204
2022-10-29,30.0022402995118,1.40258904894312,37.740798875405,21.6500962992779,133.452511632216,19.1064813256459,8.43300163802917,3.26586465205666,0.708480618616997,115.323047950092,70.0110825333453,1.49382690983366,3.22435928934012,24.0457245947206,44.8202658985332,6.7845635747104,8.14054385479055,11.0333869978005,32.2798407377285,0.346389815101924,1.9734038691889,23.9938675393828,30.6544882375578,16.3538490085638,45.5469773997691,27.8834018331085,2.63222877142485,18.4611510949595,23.7046480261837,-1.21950973578715,21.6295407525291,19.1547364481497,24.8607570779571,15.0492387799664,3.88165652253903,33.4464204693415,14.4258503520761,8.42489452829324,74.1084294292498,32.1235921922514,0.430218144075303,26.6130187427915,7.79749860352531,40.5486140228743,137.569866015073,736.702467030977,4.0113236877206,0.631303818539791,39.0087197774022,7.93859559977256,5.91596496431092,5.54172932013499,2.07681118641359
2022-11-05,63.4413113092704,2.16768864926589,32.0862576779926,34.703603875506,142.810291021455,7.64488725554693,11.1682361833184,2.95600564266856,0.805130246357254,108.570589809197,95.1547479243418,2.17317890821961,3.49650652625047,6.01968772746382,56.1381175161728,6.51900984458903,5.36882288781741,19.7282350980286,46.5020345088256,-4.30946252623693,12.7626078374848,26.0610049710922,10.2020600271397,6.34621114850101,52.1361396652669,21.4556489171612,2.75297375440352,13.4504220361513,11.3770095661714,-0.999181022180466,30.5175414654344,21.6689910388262,32.7169358201916,30.8900594916074,4.69216762699771,45.3748998429124,20.2361429315638,8.10197459453545,87.7376460524481,33.3007812505302,-0.0562235446748967,31.7883835308687,8.4637517798106,52.4036207314087,233.672940736586,899.259592580009,7.71567779225364,0.129252198558992,49.023235622488,-1.34053000065831,10.1612951389264,5.55023184167649,2.33750660991076
2022-11-12,133.064532079977,2.10469943915644,39.3383412242323,49.0070152626812,188.083007898844,21.2174161946645,14.0327546447362,3.19635849543094,1.05604441777506,155.88844538797,117.355777627802,1.19845474801374,2.63148430810264,7.68251539673539,56.2265902625933,7.7051651340775,12.3548635497075,7.1531038053157,76.7844579947115,-3.15863369135413,37.2985215665925,23.3220235228911,7.3056798876225,11.8660879052282,72.1879788433641,21.2045166074739,2.4738715064181,14.9897237388201,11.5516382555694,-0.578919685255643,34.6691471839751,23.0924039631947,2.94689502226396,99.0361996900664,6.29801295471573,44.1035967518167,33.6638344882725,14.4913720521129,86.2816214283152,33.7258645109846,0.827450539549848,47.0028606770867,9.28275921612187,80.849371461826,360.730006472827,-37.8577465731422,4.61742971296702,0.330721230637761,66.0819723492482,-1.13766204497209,13.1152762985601,5.52604592054697,2.1978622541604
2022-11-19,255.450339777778,4.86340931779167,43.8745151209432,77.9079373936488,254.027835048165,16.5122185724703,29.9737911059111,3.47712414249505,1.16346153846154,282.472093616926,191.475612909438,3.85116349219071,2.86138909441533,71.812175387789,84.4210558545416,12.2742461021702,15.7544753407249,36.4974787260528,135.535466729837,0.347246380082481,84.989996737208,28.1223895574795,10.3406259756307,17.5770824469559,127.676669895968,56.4428823355818,4.53978815408057,16.1472548812679,8.4547027531182,-0.679028868728486,60.3459543350556,35.1313954464191,88.9609068304225,278.121691362599,6.97859850034881,85.6047590931964,57.553888394068,5.50026043409217,145.767638557901,38.3117380264792,-0.951711572332089,124.977535524074,9.79119429266223,122.268475607152,669.98853807329,2609.42371612125,5.28986377955878,0.977794433583466,136.665577310034,11.1305556061575,39.3489136514744,9.56634827015231,2.59040356172619
2022-11-26,432.559712279122,7.79300156889043,82.8291201231178,128.114908620373,442.109652301333,27.8813224543632,29.9836843228428,4.44887709989356,1.48076923076923,306.97362923837,203.829156368158,4.8041066660147,5.48583963622698,108.73616658877,117.747657398761,13.1368622760781,26.898641547427,92.8702896956394,141.340529447194,0.972742357558263,148.885018826983,35.4815343208146,41.9636154761514,53.6705235950467,210.9088074028,73.7783721245729,6.17156919329478,27.7711131295668,22.6284381407036,0.16811867844322,143.252067310866,53.1655477526896,162.575151331876,373.070141165086,8.20063953137331,139.928634900038,52.7083164036358,19.0164669475281,199.401619454566,45.719620286514,1.79262627422412,206.531208691136,9.72117754290229,182.350544461951,1075.11381576827,6702.51656930231,0.783459494702709,0.0922275900373554,250.524132013226,17.6669960691563,80.5156368147891,20.2289569979852,3.43122669397967
2022-12-03,232.192579373568,9.28673311368372,118.993372645159,216.448488615678,842.955035381701,45.4510992777746,46.8125528179088,5.34263166895311,58.6435977818732,441.183283015651,207.938485608673,11.8928116788333,6.45318841956248,208.278445525262,121.674447966261,14.1439039897698,32.3122385387316,259.169328060939,134.961229367568,5.29867642382201,222.897663648255,38.8068919960726,71.2045046016655,106.176685259768,214.801344474025,100.888643093327,10.4290262470126,23.4276919821628,52.4550601733502,0.708307487785455,243.285312446451,107.71486553341,267.786206802875,382.976411268886,11.0963558712633,220.35052992589,79.5552115012815,21.7095219499657,314.390649769864,60.1390233568805,4.17234229967836,217.1496327479,10.0835949525708,297.394845340664,1180.25484477799,11822.1129318818,2.53910365995858,1.18096785260262,341.990124002328,47.1067249943935,112.69511138428,30.816310828805,4.53526987075915
2022-12-10,185.549960395532,18.9111769737456,232.651972931631,254.426745327249,1661.8414702489,85.5722464085782,71.2028879886999,8.21677167199532,25.5870142201854,486.849077123466,153.428663108698,10.5813333649132,13.7319912571583,446.237585818473,185.566892951352,24.365163958776,55.7109836646051,390.528173084729,130.721330115273,9.54386870116911,187.918368479426,74.4926643419375,143.627121354154,178.960217597019,245.027031783337,172.478241762033,11.5494321754925,26.8962427244424,88.6826467104987,1.76707975900278,333.382730923142,160.508751141823,539.216719311957,370.073781368127,12.3158365157772,316.510334218246,153.982510890364,55.3651195010129,385.104395634121,62.4302145874009,1.37457928298308,187.719965913901,11.6887694726087,276.228237289703,1219.58198899434,10504.3239483395,-7.86006525770087,1.38719076609938,227.244415974952,120.974697938282,154.522826341307,60.3057019571818,5.39020658475875
2022-12-17,186.751439662799,33.4989193949148,429.942025456225,384.89293748753,3049.350005354,162.770174424571,166.875469825057,11.8161227916364,53.1183401020269,680.226000222331,134.857623422993,9.32811010260329,16.1812622117848,678.705468144265,332.717583598706,67.2464243783636,113.435492266141,624.763943657156,180.524886266249,23.7643596265559,260.04272631057,193.867316723581,233.581049991627,352.272387297857,266.205814095808,265.422390815818,33.5986912030688,47.9371826310372,162.240457702399,3.03118284971045,570.515119256472,185.292569056046,929.968529108286,416.92786881447,14.6577369306742,580.589401590774,310.169670330797,143.663485203812,608.053638203724,66.0298198282698,8.4761356937584,177.386355565578,12.7798262475934,388.047358415642,1530.62492838834,20169.375076776,9.1891162822987,7.99165711068313,296.063416390728,515.456408566751,196.297752955276,137.348519524006,12.4779036161702
2022-12-24,253.785057250527,42.2328852545627,759.580411920351,409.11335889965,3463.66556781202,172.278888144708,299.157727618391,32.1191296055208,73.9737614174854,844.043516799317,197.317593723248,8.85669236833404,199.338558703716,1429.24308001117,691.383097489703,145.821267033409,274.820761171524,987.166081715753,223.944630738239,58.1563979385783,362.012154478636,310.191254299301,390.925726612246,434.631713860286,254.372494249091,588.754452370546,47.7300592610683,78.3170600615277,401.225465768314,8.52429390807885,888.148697738878,290.227371452999,1547.09125285502,536.286364780182,22.1501678424465,1076.79771294274,743.106962864164,685.139038936416,1150.5816752577,69.8608201461894,14.4051799749543,193.515091196367,38.4149892725948,532.451646343238,1973.75766755953,26724.6147811066,12.9652673248771,16.2168199219996,398.879939354679,980.807130681254,301.991051919671,351.678480154874,32.8454251982426
2022-12-31,162.320491893307,58.7272066746763,796.662132760036,224.318399820789,1980.61417177322,249.776072160612,335.291044137014,12.2578488622271,30.9073101894147,780.588283814459,124.0648726949,9.05839930671387,170.23989157301,859.674022287602,791.63425133872,223.643929493172,211.304694147464,381.361942061781,213.3613555693,97.2671271399977,261.099365316186,506.068830824151,606.968902439401,280.067189504521,171.854434388907,681.494507787235,86.3907539801291,109.673147681688,326.810937345175,15.8313348727067,570.822484940297,422.866264643401,1621.63802422968,302.120887253956,39.6256469957754,886.841521746587,769.081610883083,747.647199667803,757.054018993551,66.207688554973,32.8928045956175,133.812322391695,70.784245654094,295.56565912733,1392.42324975809,23859.2561107187,40.315706999887,30.1265927655677,273.263072568271,724.726408381537,175.564576416037,472.355596069773,23.7369188875971
2023-01-07,132.984281299636,46.6884758520739,465.854456009639,193.088101650601,1465.9592145366,239.505840446827,368.585733003725,11.225049237727,19.4734587857599,855.125334689824,104.170418646142,8.38831613519575,314.520156333821,669.476230455677,587.983594867937,356.359583181151,226.72141161236,288.388615912631,128.534676803992,199.383814889642,192.717924516972,652.206446609851,1015.83016916332,196.347611003457,146.073998212904,722.784933323744,86.2048478869336,152.58640194128,218.979053417777,46.7231259722152,502.987967299028,313.703751346614,1694.64769798111,226.891176562677,44.9047603673101,824.356702736228,830.90195266838,672.742795706407,850.377539311493,61.7155663391153,25.4877784729066,113.332368695349,89.6016145474976,242.209461371791,1234.41980511425,18494.1831160329,10.46355297725,56.7875016082387,192.289571259755,697.537656763273,160.476523367012,490.793775829084,21.3379253757918
2023-01-14,105.454027862838,41.1075684362353,440.605799617855,150.763034771472,974.609552999141,261.685692048376,271.966107957683,10.5057956198832,19.5294333808898,888.271929254027,98.508540164204,10.5466624937818,161.392523557217,438.454722862738,505.740532233577,321.497349813128,184.783488784963,154.827606560559,113.7803780379,219.292215880258,151.093520875648,745.039145323544,1254.51406498491,120.044255443026,88.8162196738774,505.04420533687,44.9118010275823,114.643421200231,199.01169905149,101.676891894611,360.940883648878,304.782264130604,1201.05631493564,194.245947000178,47.1119127618608,588.717064697021,638.407881400413,391.071627710078,686.95450584973,68.2783903218825,48.9206728819935,88.3369543272318,75.1895998105705,160.388181464928,966.559556842449,12953.4096108394,33.9122665554824,61.6715666918523,165.914866433315,357.066923435165,116.553727612636,421.644799941192,26.7541403399954
2023-01-21,90.5126889284383,36.4142037706964,458.364160932571,119.598166125053,869.113766410435,231.927071817829,214.4739123022,14.3744752720238,23.7003860449144,915.057277686143,139.088213702314,15.4431261320842,183.172604336455,335.672894560005,405.564621036757,297.930990483549,179.502490559533,140.105402246443,115.974611410209,161.655734636617,129.787229590725,609.923287825553,841.278697003553,126.64078951458,108.165889476254,528.714832871961,66.1752546559569,118.142796153796,140.322342809023,129.650199299634,300.514295831578,220.193085295018,960.112778196045,181.477782137272,54.0150666030337,439.355854916394,635.124139199326,258.293440716836,659.775508041014,62.0767013985998,37.2675438477414,113.206700302114,53.4934483940467,168.961681597839,942.147534153919,11259.2396070071,54.5075672052481,82.4789707896688,171.285079073416,312.03850682803,103.862336711912,391.670106156341,33.6324984539007
2023-01-28,85.0930066667085,29.1449098273411,273.545880541625,96.327322659278,647.822506310192,145.80903035398,148.509204377581,14.8347263928747,17.9579613211651,882.098039255838,153.148519284888,12.2639108405387,72.6301496223105,243.99059827423,296.68469706868,170.01960769204,125.519373076823,87.9551518607128,108.75279494785,106.800061268817,97.474308237563,300.980785412576,364.628685838739,74.6925953789592,79.5085168404258,340.253924580763,39.735056641327,80.3948661913401,100.887540196225,88.5421068659438,195.595226863345,125.230992247382,648.924060832816,158.916962084583,46.7785315199865,320.056391060423,398.477141994471,124.175397463687,536.122135143094,56.3801557058296,25.748917143489,105.305718413687,74.7530459429277,105.368563443769,818.657962430309,17919.9507342809,48.621091928549,38.7528914181483,163.451077078511,203.518026138069,91.9282332620679,237.372513693857,29.426287472683
2023-02-04,65.1977723736988,17.2387703017577,117.461185707347,74.0126285087164,357.148013103202,113.471938446882,78.4970938374899,11.1148138172353,13.7493140184946,523.677281914129,99.5887746760214,11.8424911244128,34.7458457831917,87.0180335417581,200.780559246801,82.5361423962272,68.4854226430652,77.1059050994776,72.3726648417744,52.0957754890867,43.2752379224533,113.623869814623,220.545619296399,49.6067260512221,42.8239434423473,198.938960042551,32.5675470403287,52.3594371383534,22.3117314857936,39.2335301727882,107.986570913465,33.7235038596952,312.504920848168,98.4397345768919,34.494730945938,201.762127930648,191.429432417699,73.2044222692596,314.362474750652,57.9328501341939,7.41928506466407,65.3579937120232,25.9059148680699,95.0612167453232,550.360516042735,5405.23618580258,19.0105744030538,11.2190920244027,93.7004102780996,137.83007669963,35.2283114279921,106.85346601006,21.685655454467
2023-02-11,53.9211947309675,7.03708943324848,110.448672561977,63.070368835991,311.054018256255,69.319709991588,39.1396487543557,10.9216345615264,12.8151441028487,459.925250018601,79.318286546261,9.11909300306596,21.0019259837105,80.0947273791539,133.605405605687,41.6573953385134,63.2660126832509,67.0719317143458,81.1169936315921,22.4989023364365,39.4393197772365,25.0857103423727,150.732719075487,33.5253756625792,49.7440606188895,162.055064560999,16.4480307561558,52.7458383821076,15.1403069809058,25.6240347347645,82.0022373392977,31.5846016243903,232.102462653524,61.4522791960932,16.0140492668256,173.357408159803,124.819228018074,58.6292472768317,264.892004485585,51.6894861390734,11.2126200377158,53.5348857517824,17.745165453201,87.1080030502341,415.577771980802,3829.69903714757,18.0550197681609,9.80878316849301,67.7516823413357,74.403236019253,14.7241130780634,60.8704616518646,16.2423278697521
2023-02-18,40.8519515813771,5.30122454873527,33.6528279929724,39.6213959987227,98.0708012248829,51.9320999203176,35.0750348651723,9.97718078524863,11.8463041963397,304.234110891773,46.4443881522882,9.99875477458422,6.10430636131891,48.9413361339955,95.7027995866598,32.8256111877163,21.0639687045184,54.483426144311,44.2542670946738,10.2514195760788,-2.45202800847342,16.8834591059352,10.8059645431708,10.083716525143,42.2650156127124,82.8403296027359,13.0262446313073,22.1261212187245,8.94590949154228,23.3739266236992,66.6136901945704,33.9729921720546,163.897494232506,67.0652903933338,14.0639691718755,98.248830314387,59.034367611285,31.8805221145328,167.132263915006,50.547561947051,7.07753926966361,13.2845591227583,18.9704788661098,56.3926206211962,294.967019471079,3089.08100852369,8.11830056664238,5.39193036747582,44.3731955366171,73.2187966627292,11.6131363101174,37.2486218913319,10.6106233770046
2023-02-25,40.9768816681797,6.28447363572968,77.5920521748671,24.4137133716909,207.902227253205,57.2783823624684,11.3709455148339,10.0913870528403,11.1966217049426,273.605253932282,75.9931277122234,9.11920819405398,6.54017952579123,17.1105606785167,84.8220364173734,10.0261642446401,22.5340249017361,39.9638617116219,38.3168377912688,10.7177731638166,10.4625047227335,11.6530267192939,62.6932066282878,-5.05112853651527,36.9846470786048,74.7500381428586,12.9784078370469,12.7664890931113,19.9307128922662,16.0517443648713,58.1278460676849,24.3805850524523,39.7670750913709,49.8444996184816,7.22533163587483,45.9456809311383,62.4427141025946,26.2242909347566,146.310538663437,47.2452960692186,4.59908611725844,21.481420482543,19.0646758451016,67.6225413188673,248.753019270604,2790.44428549143,6.76100205092928,4.10987868376951,41.2848352413225,65.6993448620092,13.4143413401964,15.4370007135137,7.80328590224875
2023-03-04,40.315137825174,4.19919175117954,150.853771064056,28.2650713062041,327.680282345144,44.8650443330556,23.2028859048986,8.23494121980053,9.41626946777397,254.18813820824,85.3390630357794,8.05699007292898,8.67798141807924,38.7617670508909,108.144115050488,24.6885863770964,32.575124284876,50.6407471859487,38.5926319635299,20.5725574097978,13.2085231783095,93.1546228157919,73.5438267151747,-14.350995466716,27.9901923402269,47.2999619506765,9.724985512746,20.0019762926131,11.3022993923553,12.3264013552807,61.4279333654204,20.7158027627998,53.7590568202942,65.7443030351198,9.96546278222659,3.9135681351712,53.105316985908,51.3654752600937,215.26003305437,48.644491313437,2.3951436859962,36.8962186717386,12.9451545003126,56.2501432720991,291.712371620268,5513.07583035966,7.07401637830329,3.11804218827713,56.6533309200075,88.1883146862923,16.1184371217011,33.0320329004494,4.26132820729786
2023-03-11,39.9674455556495,5.81573742565556,79.5025788279893,26.4683251016355,213.866177264825,25.5641709537126,26.6298569058707,8.03383442701621,5.85031608634835,225.367115954094,76.2240826205455,6.47279630004087,14.0743932975492,15.123065937846,84.0093984784528,18.7838188096448,35.7003853457523,60.0969391099951,34.027424900304,25.1089941223046,22.0620619329339,44.3751346191909,73.8889543636172,5.07719279025804,26.3589473003489,89.3317443892548,10.1006852200343,22.1172673326124,12.5086574937654,9.17410955144968,66.1290110345811,23.5112650107759,76.2318455453128,54.5523837554049,8.61464280604959,32.9332989944975,70.9913849299793,39.2712161911781,214.049598696451,45.3314962987572,2.92797658434339,38.5130917094528,12.3818301227984,55.6038790617072,236.996313625831,1229.51696332272,3.77828890572446,3.32292190618143,54.4784984589408,36.8337480408238,11.9455651777913,7.91746941665716,0.546486557979984
2023-03-18,29.6866959165383,7.63581092494563,74.9948738170567,29.6904720944485,267.894753327881,13.5946105039445,49.9591617271048,7.69660309293242,4.75127282576688,184.883656576321,61.3161441586427,5.96435589581205,6.60203120983951,70.7578739721401,68.2709140551834,14.6961924805703,38.2187430108633,29.9439212500577,31.5853422284663,33.0130934473076,27.4397317310635,71.6577145443374,47.3166968553536,28.8255811444603,27.8792424431613,71.02831106275,8.34204242273945,22.2048381241374,-3.73316719497408,7.04955145062208,54.8654423186384,36.2178734067267,75.8017919550305,34.4049559001526,7.69060196911375,38.7459928686128,71.4086636006141,63.316157120086,209.204525108568,42.3065436957433,3.41226291856291,36.1790419815654,6.08261209616988,51.2855724643831,245.514104895909,1674.46562134462,4.45917761579915,2.71337292320534,81.1960582697959,68.641364525109,10.9329700921658,41.9463081376832,-0.769132450971839
2023-03-25,23.8201267018182,6.89921324856027,69.9176820999943,38.4974645976501,203.594705199123,22.6509109709412,36.7546696064003,7.46440810426269,4.30438964981975,184.271020575731,58.7639889392192,5.45953707965663,1.80215686877172,58.7479172747014,70.4490783653972,20.1080927011383,19.8704559810357,35.2905566628311,22.4837982017437,28.164579264339,30.9268059149645,58.5353940406997,66.4238917975473,7.63549580546322,31.7171414063515,80.4992233650245,8.57936876384727,21.0169524003666,-11.5179066662544,6.68331433677328,44.9578643132362,10.8249541960104,43.105101005563,54.6221574951769,6.36211627164717,67.4877139943404,53.4658213458996,70.6652627085656,143.153687695725,39.4827839197235,2.90859801115083,31.6660015287472,6.96594876565318,52.0156040635949,226.144936567861,1862.95682951231,1.54426162280767,3.29546928745473,60.0223308510079,81.7737461457072,8.4713849666366,14.9859338185471,-1.08777483443588
2023-04-01,31.8619459386812,8.56145004591884,64.051654036123,29.3191348676696,115.277471824542,7.87329304165907,40.5598223289554,7.15078035499068,2.53965586637253,152.428541040407,60.0089966881468,5.35793667084028,4.68612548021052,54.6186501906359,69.3518446625751,28.1963906849378,15.8875963663177,49.9825280834889,36.3754910939182,17.8268130412879,39.4629962170744,47.8973478693401,56.9445978534862,18.172989815881,28.084872575422,47.0689495681287,8.04805422813181,21.6267675365469,-16.8792335602868,6.33753271713223,48.586420237641,-17.9474879240642,122.417739694191,36.3024145593816,7.72658748163222,58.9079801528052,18.9558111940608,65.5224291285935,166.574457764178,36.2342350231618,2.37716777449269,34.9478670780723,9.82807293702963,46.560956700064,209.416865724605,1639.40083282221,7.31416925649083,3.92411384810147,66.2511272225602,75.3266508279059,4.77189144488624,71.3074550694997,-1.44566254823378
2023-04-08,44.362074354043,8.52651173374123,71.4219171712355,22.8992467121753,218.446231888779,22.1086701327995,31.2873542493984,6.05630881194648,2.69418603028912,175.672044259791,67.6661458572991,5.01681262730318,4.9978119963821,49.8568324550996,66.8891758489115,24.1190202361184,10.4790847616264,58.2565550872466,25.696068120679,24.5898745795241,25.6235709597351,62.7162928855169,67.8622810442066,22.3367048798705,28.447447511437,44.7268300179194,9.31228336084623,21.8957142459471,-28.6101746268193,12.6008190934337,40.2551090773155,-15.5155866072911,127.859066969993,48.4187995283184,8.34635077917096,114.570180907267,-20.0007289272109,83.1292300279504,194.447970440684,31.714510040136,1.89655587683655,40.0013399385664,11.2866262056171,43.8409634893546,222.753626705814,1448.4445299688,4.9467493105626,3.19804362753269,60.7211410674489,85.6854805061879,17.7943753416155,29.6571515337759,-1.66184151340054
2023-04-15,29.5867709531364,7.85650945798319,55.9335181879434,21.9113893039241,143.474627299666,12.153281568111,28.922601945495,6.56626764356127,4.37064291180953,146.874517626382,81.454731746498,4.43379222127712,3.99706622733009,51.0564290013644,62.4834547211203,22.8040668075886,12.5062678453147,42.7916285537014,35.0039671895161,17.8946022926286,22.2323244810317,54.8666021619101,57.8678960118324,21.8209334780211,23.2623262122998,62.0486659901837,8.14750295494469,14.1839317561973,-11.1295278730116,11.0001639775102,76.0016985549513,-7.59302122980123,67.6337968488161,54.043219230333,1.23629186690154,52.1552273941788,-24.559344031891,61.8990328997758,183.114058552473,31.9937636828054,2.20240761250429,30.3223377840517,17.1543583397543,41.9243682982673,187.626428037187,1712.79404110086,5.78604449464464,3.31190538867705,57.6879901022264,107.006446625316,14.4402991346952,53.8565260100211,-1.28527632019513
2023-04-22,43.8949938744055,5.39526463241814,42.4687922180678,22.5534305551248,227.934245250302,11.5930565744411,35.5304539777797,5.73748573758624,10.3142853432336,112.729593542654,56.9214979851176,4.66277179480787,3.32961882275094,46.8965565977676,83.9420463014759,23.0480268526653,13.5567727076625,60.0304687555008,33.916172188326,12.3334951936782,13.4146900137727,56.7068056118109,83.1199832559551,20.3854612740976,30.4017833151406,63.9827593059865,6.15453927468227,14.1606770996834,-5.05314300440862,13.0539999774067,58.2965545764231,-10.1806788620503,71.442107524101,26.8189017438865,1.43712836198298,103.509467607944,-20.6028452626645,55.6411977197378,147.61601826382,34.6921574210366,1.53533939516904,28.0730541037807,15.8278216503031,53.0313422756329,202.810981749447,1636.82234166188,5.56271031151112,1.38563789901305,53.0373251759168,117.998684419481,10.121122408696,59.8277287139833,-0.332340268550665
2023-04-29,38.8441544747197,6.09635634322141,35.2528886215712,23.16508868859,140.883129035498,11.6451909484771,31.190216817746,4.6069029242624,8.89721827250355,131.44653338434,58.2608070211055,4.51380329673876,7.77142323213791,22.1139981945588,26.7692180690836,19.9133947612653,8.98716510133127,35.1261026322179,23.3281865718531,16.7229464151766,21.7650299675059,38.6480811981737,41.5668866344114,12.2195025222553,34.697563749653,50.5959991534681,6.25743707863134,7.52636745069754,-6.28872276532815,15.8874924036317,39.8255245038109,4.34779740709074,90.3349314343949,36.9916268534525,3.2394578387196,15.5661206723711,-17.3217521232419,54.4478445431844,93.8692819263363,34.8006757355849,2.33605388588917,28.7100307058,13.9797396034909,56.8790691276442,273.900950693983,2115.61222890787,5.79689550832223,2.45002891530118,69.0552687828904,109.589754368244,6.09648983432861,34.3791955111119,0.349918343689621
2023-05-06,41.5457603170615,5.49369005308392,34.3477707325371,29.4910872593673,170.64127797669,25.7948808337428,22.6375850044288,4.35080253012409,10.5831309054996,128.799541530227,46.3529684656582,4.31028785215749,2.26170638472511,39.8899046158746,32.9525370800895,22.1874451433186,5.69860847013967,34.896060924417,16.2009335736833,6.81492394298922,9.22837442604785,15.2030127372114,26.4344060994918,9.00436533347897,28.3035538569096,49.3041345785542,7.31805291298933,3.10703161375912,-4.27291328381115,11.5264806322897,38.0569749735481,23.2762286467031,57.7781484481997,41.2947565616488,1.76720331723747,40.427718571766,7.25562598794964,45.5735396026103,99.8451584490621,37.2612560715655,2.07099910243935,26.7247022549285,5.92297199341684,53.1101665501888,206.360163374922,1953.90182352403,4.82977497679684,1.83684358369942,54.9682278202492,104.955354332004,6.86170417419646,37.0231065675358,2.1150970569375
2023-05-13,43.6010838938774,5.82047221379527,29.8230156864527,14.2480905156064,119.32085800734,24.2830249141768,20.9502901303634,4.35165151401033,17.2347653782713,153.326775587052,57.1599681523796,4.23882211611671,2.58076439821834,38.4295899627942,46.6840028426197,16.7519586975147,4.82585493339668,39.4062536817003,24.3132381242304,4.63716909053916,3.95654954500729,11.3089025151073,22.3320126630051,18.2413289579702,43.6957836441486,63.8922314574236,7.68637510652143,4.93941230000643,1.97416775497735,10.2277713797126,54.426038591318,33.1274985954747,55.190908409189,42.2848793853272,0.940538858783062,45.6575189284575,4.2126575690862,38.1238086772582,120.28720335102,34.9024643852869,2.28379470659945,28.9326118819826,0.795005129870591,53.3150275205002,249.206517418905,2015.33429218354,4.64186493285895,1.4879619252069,61.5222496606042,24.3878835741088,3.78889169920488,14.9993264164328,2.68066133013472
2023-05-20,46.2043951240779,3.44093457926951,22.1588763781066,18.7249902394129,209.756629278916,21.6056838454282,14.029804966849,4.29062154544118,17.1218523787391,189.082727508462,57.424237627187,4.17335110956838,0.0475848652035633,55.4472952951659,47.667412830516,23.8071385350346,7.01695192781872,26.0472149159705,27.288262793201,-6.96819564601218,10.6511684040743,7.44704517088094,23.5409083801845,11.0611325301661,33.2789701114396,52.5982070398653,7.08727095700014,3.72382111573085,25.5679193956517,9.4740442560968,55.0627914038599,40.8090333750227,62.9191918396204,28.5447130064332,3.92975866947136,26.0204262091503,-11.1481587978088,40.0980585006012,111.796426174471,38.0250738679128,2.74677034735827,30.3299653328143,1.07723072803484,40.5313506564642,190.286488546348,1603.5089506707,4.46059038260123,3.36076944725284,41.9865515684236,23.8735513782279,5.22676058488231,10.4548546021127,0.82425190819606
2023-05-27,42.879341545737,4.90299426070779,30.8572270273679,7.90734778446273,244.394142270701,15.2852027786136,16.0997351007326,4.95087749230095,14.1700526954146,158.396949240512,53.1912910349582,3.99447701762658,3.60292411211925,26.3865880361305,48.0505041445315,16.7550629026141,6.0393612277527,24.2734367658376,26.2332248559238,-6.59972090215855,7.56830154976166,12.2000639162755,29.5768382312436,26.5846472822615,26.3506887175336,65.0870278827054,6.47950814217216,-0.796434530156751,37.737675952457,8.68238345118512,49.1205130896763,43.7767399633847,41.8862809874901,17.5661518293843,6.58135426505673,39.7851542907901,-33.6569964856451,22.840931585833,75.2499737129954,40.2579203914452,2.26740309358573,27.2504042392303,1.76245873653305,42.4790867399463,228.183050190276,426.190345687329,3.23526226001088,3.30934442404148,60.1218017320968,25.708433631186,6.32172285022762,4.61954356113027,2.73358936445679
2023-06-03,34.6724289923278,4.58661980887347,24.8543957102851,10.8452623190589,141.671204905304,12.2355010282991,20.4666493918992,5.30446342923698,15.0030194294081,227.304004526439,61.4564222612743,3.91776949029095,9.84563195643274,81.3733124809047,25.9583625576484,21.0170961299934,1.64626431452927,23.9688932590085,12.246799691221,-5.55198254166225,7.6624485375681,-5.83111633441167,27.0114041345578,24.9227584214674,28.5669413385657,28.7097235085822,6.96954906042159,1.17847541075357,44.7626170513197,8.1878876485255,42.4116410717306,55.5444636177318,93.168486735447,23.2119525975313,2.65271604215717,14.9191782535014,-24.1173005263439,16.5070861665009,83.1441266154235,39.7490821624639,3.53439276798011,31.432896756252,2.35761094750618,29.7696829381885,234.16227738707,552.422840041547,3.64072095829838,3.12182764604718,61.7906026684481,12.7171275820561,13.8658154128343,23.5856405305965,1.90955621879301
2023-06-10,34.7196980961488,5.60111070168866,39.541129368623,16.5817701617982,53.8924687765361,7.51083000819204,25.0769237382663,5.23677208487541,10.2575566607626,211.17138039923,41.0433959157982,3.98613883977432,0.425670489742611,73.1219668284345,18.8315042097452,15.8000968325084,-0.131704627425463,43.9632857515481,24.28894156293,-0.609346808933083,3.38056946232744,0.473002006526848,15.1234748418147,13.8218050118494,16.8195377737834,57.6001995821437,7.07963133058832,0.856380276243921,45.4437584210871,3.50280384896131,17.190799077511,61.5501721814303,1.08440969765286,4.38349499501708,1.66617924142179,18.0594702729037,-10.8129569253628,-10.6998551073783,53.8411338949759,44.5608151604996,2.31700404281744,26.8372222757337,-0.0700348830591188,28.9378485899724,201.269582725985,423.171686309009,2.52274739002782,3.5063992668071,35.6312341245277,13.4287906394773,16.372948971142,7.84192597984734,2.10075109861645
2023-06-17,34.4161304304354,4.83090986968522,49.5780241141146,22.2595776983266,-2.12857421448217,15.4071160152454,26.8914580339542,5.54175459561214,11.7443604307796,197.162625642123,42.5301058933164,3.13193983240958,5.97846563269531,92.1508693766573,12.0588094671461,16.6407034612926,-4.38514174983278,19.732560272935,8.29819414496959,-4.01813682491767,12.4365904926597,3.7731413236069,7.42649311610822,13.4758228001702,11.828742156898,-39.940407700309,7.06821583768603,3.59738602819985,51.5948678657226,2.11279972477293,29.7174082869398,62.0378426790877,21.6379483384317,5.78080381530603,1.30467524659372,17.0529971193251,-13.0841180922106,12.1934654084724,107.775855799924,46.9806334496362,3.26804040148284,25.0626956191117,-1.13456972303196,33.9929744695499,147.901321736186,411.120862072675,3.21476393834801,2.92940815933951,39.7031193528118,23.3673287781124,23.4207999610185,14.764580940312,1.90558759473354
2023-06-24,28.8014256316317,4.14294778597416,90.0499315828236,11.0535281340091,19.2875130285236,17.4975521990344,11.6534815131926,5.70923115779926,12.6494172206943,178.322566260383,42.5923955056326,3.67140522759837,4.0033045485057,31.8280370526305,-1.82714660871256,3.73265549880525,-10.0434045138093,8.61225487091471,19.1549131933933,4.25617952013034,9.15264383692494,5.35756800932297,9.54046452741433,-3.90899028953869,-0.132308209081582,-38.4223273173735,6.86614334622016,-3.55359323292855,51.8524243336475,1.48792656832016,27.2367296843896,68.6837832367523,57.952911468859,0.493922928905697,-0.132010575319629,17.6503144643244,-39.2494072339789,-0.405282692706366,78.4699687984316,49.8001641935371,2.14245899123928,31.0140124205592,4.37280862349636,21.8176802616115,135.584268872832,363.867373672413,2.56721070039668,1.70078904515625,40.836722187781,4.12346303069124,21.723232651789,-4.4958692229951,2.01249758294617
2023-07-01,21.4069635854649,4.01882627588838,130.304291020173,18.1130415597517,-49.416129607096,9.32163017015834,10.297926411703,5.58276018232843,8.30153040910596,178.577663912322,45.3167380301715,3.90856121076409,3.6723378558528,10.9521752994493,-12.2042348898208,5.95406429825274,-8.68483761089036,6.33243999944855,18.0309918939011,3.30230831483968,5.77285931981226,-1.009608214117,22.1027929483925,1.01493952306937,4.93335957243609,-42.9497336890579,7.40295539390199,-5.22347418663525,53.0828197975599,-1.0968065501377,18.0974964924286,68.9487869932548,12.2474669456273,7.69384966336831,-0.0125533631033903,2.96260737656399,-51.9126125653251,-0.811056804340553,68.9944402568746,50.8636444504696,2.04910297485805,26.6218413780865,2.63191166194754,13.9632953616547,96.1797110858855,669.479072679242,2.00673289303729,0.800937284982092,37.5926377239947,1.02891474031273,26.5731761492782,6.13908786804602,2.52607342154346
2023-07-08,11.4846261529485,4.94230584600561,132.164884538245,36.920964019468,-21.9361239526545,4.50375563935757,7.32674258815173,4.71691070804099,12.5034324871388,173.786886096632,44.4193444079827,4.01189822970356,6.36465454664089,10.7231710645507,4.07351718084648,-5.20575301008598,-7.20696457451434,22.1976801828526,12.7737173505849,1.99771919455362,-1.25359245499199,9.75509154159173,11.7669576246654,8.6236086383332,7.20866586977535,-13.8667066897749,7.53393913112252,-7.13372776501052,46.7008051057975,-0.561319788802561,-0.656204018058263,64.7792083456331,21.8877320213094,0.244992224671058,-0.901988426658933,5.709952460077,-57.7072736925684,-14.7648574375698,52.9919671400778,49.1090693267353,2.86000096534548,24.1765413455507,6.32128401505187,5.58890867869528,133.381136997789,530.215922507776,2.2755567867998,1.63474615613365,28.9785315107694,-6.42977531662999,30.3848353180722,-5.07000660602484,2.15964305692262
2023-07-15,0.204177950895726,4.46371093229042,117.754872410408,50.5658617007728,-40.0970307349754,12.5810328515612,8.12884038443892,5.49917867986591,12.4843072700089,159.617266188569,35.450133001972,4.21603395346211,3.02538828080282,-16.9549043015725,35.8204835668095,-16.3906132653865,-4.25995281814775,17.8716135257713,3.75526793691912,6.49469125912582,7.62094627954634,51.0850507059285,18.0447387906878,-3.08949380397564,-1.4902208607685,-26.635307543809,7.42115300215581,-5.23342932805688,30.7426962485529,-2.68834279592928,5.5702015481716,60.7431977303723,38.4443359764979,1.98863402787167,-1.66617759793774,36.3861928360207,-59.4622541435248,-15.4847933752758,96.5256860195065,50.0764134986738,2.03942839806892,25.4857068748503,5.21347067497407,7.11858740634606,99.8056846356374,679.43891996449,2.20852973338051,-0.243331246009813,16.2527348267457,-10.243127913753,23.8057184600191,12.1917448418162,2.21299602131186
2023-07-22,0.198354713239443,3.04722825701186,72.9438593087036,37.7885558460825,-159.915843533166,3.48716652607503,0.0635150622284288,6.21873956416778,11.4044294715579,162.869729955272,35.0431750694717,4.51513847854308,6.04905718640064,-6.82425153561545,21.3475377990331,-16.290019446096,0.110386082042263,32.9577862451386,8.80078636357614,20.6450684120352,-7.7138374379778,72.1796837465676,66.2271648095254,-3.6137225521119,4.62528050891769,-26.957120482818,7.37542399624046,-6.45707959314457,38.2072515401527,-1.59901361696384,-17.841700239563,40.1022182751285,95.6425673981861,-1.45307664333884,-3.21476524682308,28.1926310983698,28.0865645092518,-20.0119378802934,75.697739970136,48.2241902220248,1.92845043341207,22.008249506308,6.9868011550035,8.30059662585405,88.8044505116091,674.835286501706,0.349545972270508,1.22200374872415,22.8988784383037,-19.0688503737408,25.6139589867738,17.5619164310962,2.03876835864473
2023-07-29,-3.60871761367033,2.74549660501784,51.8467032032555,30.3284212792998,-51.6078091845749,1.09469977384205,-7.98130444713058,6.12386731169143,7.66045848952362,152.19774901382,32.0935688984669,4.63205159729012,-3.14409110143647,6.74254556643611,20.7547391802276,-23.1315086536423,1.50443406460547,20.3632647661639,11.8077092157956,18.6240485030065,6.01383344962209,115.713365143305,70.4077863611907,-12.5770346771888,4.68923138792172,-17.5729123715298,6.83259442306475,-6.60857491134127,42.2538618261697,0.885345163492557,-18.3312342537563,33.5527827773536,74.7598847057605,1.69563366114188,0.283049171643269,34.0843238551808,37.1569648457634,-30.8731822856887,139.438426969699,43.71263807004,2.19884519217963,20.3482353730317,8.83027344531564,7.92735848350625,50.9529858101857,670.558119844204,0.153693147345691,1.55025064753519,39.1615029154436,-37.4427823591564,21.6491108575641,-25.6511686999338,2.01186366182846
2023-08-05,5.96190478906749,0.635170217212482,2.48633984999246,42.0273766085843,-171.014111889465,7.28638491599675,-8.6128237268413,5.90385880090718,8.6851548326426,150.101769500567,24.7597118707096,4.65327785137978,-4.34008293278893,7.46886794570586,15.8160100911693,-25.8274219276427,-1.58109882355481,-23.2859355877457,5.88767295420081,15.9772725732496,-18.2024873366922,124.040904217601,60.0197283674875,-2.48467236225466,8.24534949272949,-4.24891276062668,6.70028740748275,-7.35343736178903,46.5738475120693,2.00814065762437,-4.02150192971751,20.9449011145846,-9.8925279273605,4.54571893326987,-2.89403748899093,62.8042308482872,64.204418851331,-44.0705047522391,137.281370240284,41.3983313553112,2.06553699293036,22.845526589661,7.48537584042972,11.8148227142582,43.1741784524852,134.838395240775,0.477602652400567,4.0879705448689,25.3707798013019,-65.3009395405957,27.1232103510922,1.61741545277893,2.02948911201696
2023-08-12,-1.12139136818558,-1.64365277095641,6.90305172159009,60.7547683514888,-122.810906921334,13.7546884796126,-2.901761574853,5.90293733277425,5.37618034604576,117.855375744167,25.3931676195398,4.5692566300269,1.0785574161467,11.0951605187032,26.3598882857997,-28.9858023754042,1.22961574213166,-16.7380226678215,4.59049686828878,13.5275018870849,-9.05296172370203,113.352052325208,80.7457632786948,-1.1065722272232,6.98801383862288,-8.00182142233638,5.17648812537378,-6.95088279104965,35.3087018612729,5.80973719350262,-8.95989874884417,11.5600922633764,-0.495986911965872,-16.4156823250356,-1.77470658372979,34.2172050490047,112.155429642486,-43.1228077129104,96.5056589025921,36.9895448769019,2.37958790229781,21.5648974686715,6.19741343186061,-1.78282075416922,91.4796737130186,560.156935742687,0.034502385815138,3.16937838926288,24.512723210032,-69.0979146955625,24.3901437714038,-8.06573278956491,1.70515086995515
2023-08-19,-1.25049165787974,-2.91766558169269,-18.884635307728,48.8179568838681,-14.387546232103,-6.6354361041359,-1.69199094584208,5.75102956770583,1.47220675294493,70.7503535368085,24.7542617773686,4.55945798227581,1.57043315949961,8.48242756176539,45.7748236005564,-5.12155966325889,-0.957039043745248,-23.0196208247248,-3.36553819332827,-4.02020043869429,-8.95236383923783,86.3382687582393,53.383121369073,-6.5573748171596,6.98246246275551,-9.07941388569637,5.88264631423706,-0.202473783159696,23.9548855898675,8.13719024413201,-21.7818574435313,22.464345604314,0.559797136613753,3.35090819047754,-2.75084151287679,2.68820169174635,168.732605555568,-59.3820126819663,4.62641764197433,35.3435844604934,1.92526139913155,25.401965623891,6.68357656344778,22.1079076039369,-4.15630703246999,68.3094505488315,0.0266298591196455,5.98062132255897,7.48222746950685,-62.375387016309,23.3545118618129,-15.3491270853715,1.88302628452001
2023-08-26,-6.81395713289414,-4.33804193535499,-2.49785150113713,37.317262101685,-35.5930120242059,0.696588173704942,0.086432996788421,5.78107057799934,2.49170520848667,77.1918786431891,28.6141311619751,4.67052868488282,8.01049149136711,0.47532068302174,55.3892981819949,-2.45947621964336,1.2448015060038,-12.4934068449522,7.35527341205071,-5.67983630242946,-19.9799917304096,84.5392991188181,82.2425430943309,-3.36413342257641,-7.19744276864608,-0.577482312230632,5.51252950669268,0.595396008558406,-6.02528276149188,9.40900355648781,-39.0820784434684,7.56650654880523,30.8851198426016,2.33178048383378,-4.20726657109018,23.082237608895,186.491238008158,-68.1533934792651,27.5200997878982,31.7722796366589,1.81542968130184,25.3065236991743,6.40119174200834,25.0011068271565,47.1131520565128,134.23972850001,0.445945613780136,4.44460167480027,14.4378463424697,-78.8305144292849,13.8485551350642,-6.65687268926918,1.66184096384101
2023-09-02,10.19523526735,-5.27640820406872,-34.591647453341,37.1654289782233,56.0029865657695,1.53784352677283,-9.25213710161598,5.80273358710263,1.34291261308606,83.1361045507388,50.3952879866887,4.1972891660845,3.90219273564012,-1.97646364293315,89.9880616947203,-7.73915017785236,2.25425394471407,-11.8296666557712,10.5219227393227,-6.42098297175376,-28.8218690407408,57.3212367993641,50.1649854166317,-1.27173835586824,29.465697347254,5.36054685351001,4.16534116279984,0.15457196090696,-28.117050421051,7.23825951261898,-25.050069885769,-20.1194362461253,-17.4698830873454,12.4584558822297,-2.14380593881055,22.0585407017712,213.669925815506,-62.9248155393301,10.8317209982351,31.8550726176795,1.42222518458578,24.8963060423241,6.28043972922868,35.9312401169885,41.3284208893249,-138.607972805846,0.794241309028723,4.28596690780245,33.2098366682083,-76.1410807067922,17.9002038075828,-1.5854626270687,2.37870218453508
2023-09-09,30.1997362403084,-3.88049283047773,-29.0572036872367,41.1936826294582,68.1767957463772,7.18036070823095,-19.5080757418015,6.15712549903385,2.32196613865995,122.695462042424,36.027150693529,4.11782759293219,3.03671908940094,-18.480874770246,44.3604639806329,-10.163909500512,0.330883260561837,11.7112436813668,18.8785891687366,-16.6418701622367,-16.7668150888813,65.6124269604104,46.6952718638897,-14.1859993732215,34.0778874489988,-4.10037897288153,4.75885552718974,3.17397644045629,-29.9328033504414,7.49639990966434,-44.2356265684392,-14.9700431940934,-46.8294580347386,21.9967234448066,-3.31273477623511,25.658081792444,185.229695156651,-62.0100343774117,-2.74688700384074,31.279508479713,1.38830540835926,23.9720580409258,7.92445333474659,43.3613349719963,89.3061814242353,-23.6535000579315,0.705097672634328,1.80376474708234,39.4338692649911,-85.9301531201329,16.922056018196,-21.1686479416773,2.70297805705338
2023-09-16,27.9329856844873,-4.07578519804358,35.5010612008112,41.6612993642366,139.591061788651,8.84753368694576,-38.0630450293284,6.01497376087673,2.76532412456004,142.296778317923,45.0780668944681,4.1055830162164,4.9075164407694,-60.8266490011256,36.206500287911,-1.44317485140444,30.0110019385041,17.1654800184196,28.5070412491242,-21.9553263453326,22.2441101167752,16.2183122121906,55.9786709774283,10.5738408192287,35.2164873437325,24.2618208111887,5.27375538971044,10.1821339407375,-36.8404476685829,3.52108577998503,-39.1611931940369,-11.0966186819785,-73.1422747566673,25.7215434510419,-2.12323086386056,54.303829103087,135.006730984988,-72.072666103008,18.4140592685195,33.5410075940913,-0.0639020597992598,30.223467153773,9.17997491003212,46.6471757111082,110.658953497383,-117.010883574805,3.20866710790485,1.32201643154819,52.1015330221268,-91.6162332201684,-4.90980421947339,-18.1525571657981,3.11123046504954
2023-09-23,34.6984966337048,-2.25056939171373,25.0058036235016,27.0719525611411,110.18015372221,-13.7955228389834,-47.8594413263156,6.29552498007609,-4.53781997899635,172.255194857953,26.2294081882533,4.32428995275339,9.75500745155054,-156.704530502958,-22.1855011977942,8.91087525984514,-1.05039027934455,11.8524556448727,22.9625932929505,-16.0300745984396,-3.96435583499533,-159.721862852484,-23.8700604333781,-27.0554059624778,49.3730880003366,-24.2682843665468,5.94090370801008,13.4845789749172,-32.4674605564056,7.66096558792294,-40.1657466150203,-11.8297575738168,-236.191124643272,-0.939237961008999,-1.50569462999324,-18.921500857774,75.0872902882192,-64.1648815513287,-60.4497273061021,36.1504791148391,1.4762562441404,32.0184643529234,12.2965477644497,-11.379533626694,93.7628806980561,739.199405289492,3.84969863724466,3.471064768335,26.8457737355379,-63.8311885805798,-1.9359395050041,-30.6175147226764,3.74051374550084
2023-09-30,42.2166216567987,-0.392939529062032,64.7965049162869,29.4263689999269,297.18385039948,-7.13526031974131,-43.8198972159095,6.54398005843866,-3.9321600773707,204.234770108098,47.6344085412909,4.42422224662686,3.28632469780002,-44.8122709480756,20.1087978214039,6.33565764135223,6.358431593791,46.214863396466,38.9769376175362,-13.9069550529839,29.2034033423349,-103.901770088121,33.9794005496387,-0.130462584395368,46.2435825716834,48.3498663648592,6.78730733289389,8.85488635741078,-30.4042564743006,3.31086756973777,40.1982519802108,-17.0273751482637,-42.4720807250464,28.4671557415075,-0.597953081251935,76.0078685681781,38.1735728122491,-48.3096322620893,98.691482603431,34.6992215661034,2.80219264077242,40.3152266395672,13.82598186854,46.2626406729403,66.4896879866243,2233.75458018098,4.2864605419313,-1.93992887381236,63.9113403207376,-37.5853551957958,-0.359310209613952,18.3693007263548,3.20561265470358
2023-10-07,44.4232692398867,2.53943606029187,77.168801462044,20.9449584005174,330.279519382079,-9.66247303663646,-20.5950238410028,6.56969371645063,-1.75169406978782,241.498642660821,61.4859231264436,4.6764843066029,-6.15946690413714,-19.6579457938124,58.340104035375,6.97703986858093,15.1449792103468,56.915185871733,48.5299547331262,-4.67600096607888,41.922486647485,-55.5185880716772,96.3665453339188,14.2289642159527,49.0342624514918,77.8849122181074,7.85022388928881,5.87663475582294,-30.7389063120958,2.82581262419685,57.6566212970665,-8.20012849834486,29.8757186943126,72.3686166190297,0.538808173663145,97.0814405236646,11.6281376172158,-36.457750372975,158.498627991993,35.5357852472226,3.60782683896638,47.0101497846246,10.3813351972478,50.2551562251727,160.396444990295,1974.39560696915,5.85256680399226,-2.27310700395927,99.5000556498387,-27.2441590628385,2.26491570200886,38.6730554848341,4.18225624616522
2023-10-14,45.2883937098889,5.5150707060016,76.5621037149045,16.5746719772034,362.473749008942,17.0850698805391,-11.7777712666312,6.74738154571184,6.56668694651029,230.385260936049,66.9172006889679,4.26509131783754,-14.2496962129396,-17.9859787757838,7.15991661556362,-5.57986708976755,12.9088858998994,75.5371619183512,50.3626210036912,-0.76655032271052,49.6120858479091,8.86385616794615,47.975624169557,30.4697505837353,31.7714336623362,85.864876794751,8.07930558523001,10.8319383452088,-23.1110732507954,6.79224085689517,99.308611883066,-9.97693436003131,142.920921570675,60.3708054250761,1.69837617126976,86.8786474190997,-46.2360801753222,-34.3670831579303,188.338628187695,42.9005145508815,4.20278648365248,51.0229149656668,6.77154573671846,46.2077039953162,227.511232904286,3575.52771175553,4.9822426707887,3.01515562502459,86.7447223445966,-14.2926830826779,-2.55532047793758,49.8140347407195,4.65811621953758
2023-10-21,47.6504352729601,7.25431094953823,90.6009098623689,23.001471624446,344.093575079266,31.1979095717862,-17.7038777818577,6.71942521178849,4.94252107745114,265.310970751639,67.724059552953,4.50740507913867,-1.83744415788914,-14.6398468566973,-11.4656054790434,-18.392021002183,13.7595518183001,59.94406863969,51.692481494228,-2.42453466703242,59.7535027266283,37.4235038794361,23.8319922029752,42.7684518179296,29.5185215224853,73.2156231286279,10.1628335747201,7.04302620153096,-19.7434422401983,1.20988896871897,82.7100425783835,-11.1651058181574,143.228070778524,90.9180747701109,4.73602374247126,-51.7324966503042,-46.4362943922499,-62.7467904908867,209.83344335083,56.9795297977399,4.08617426391961,53.4523878673514,8.27397788287919,63.670957462579,148.600771192728,3396.23273977693,6.13717891627058,-1.04942844559717,115.714599101234,-24.4004160980616,16.9413343385745,55.4825913804325,5.76745767297316
2023-10-28,48.0245586450917,10.6415844404227,101.209032342718,26.223905363966,388.516860055544,30.0743634483911,-13.1518881184685,6.76923076923077,7.71673446355966,283.520012727083,66.3062076345856,5.03539785245629,-5.99987107651783,30.7836014890512,9.65751039506143,-34.5436349452437,18.0751532699156,73.9302863016899,55.3534442488705,0.383325754424405,57.1978779036832,56.8190447528134,-2.9375896021143,43.1313118473114,29.0667664740085,13.7271510537877,9.05410509614199,9.27019517262466,-19.680461229115,0.442099900253983,104.376231569099,-17.3596811652299,192.311444424382,84.8716459015735,7.92270040255557,95.9267485044966,-79.4251708593358,-84.5535884198479,231.427386604122,73.585677127253,4.64281516040359,54.9543263510264,11.6564566472687,58.6878989190253,236.850666936214,3601.55370244287,5.52683530337001,-1.70957887889362,107.826076536883,-36.9105900667585,12.6070039760821,59.1470107247871,7.12918488221426
2023-11-04,57.9013486208221,13.4940156377833,83.7284742901799,28.3997146391323,340.256431683468,41.6532600950686,-9.39948689343694,6.93470247071573,6.03182195034102,295.669797944714,68.2188775898624,5.51086564259046,-2.19693962695418,26.972712816498,102.365159346947,-48.2450732645779,6.66480483969171,72.717173890994,59.1155531712776,-0.705756166346498,48.8370150554991,70.6324642752667,1.70911554231147,35.2323837861583,4.70753060311166,25.2520027489903,8.70077688437432,10.6466921541689,-17.1834922628284,1.80021096828965,91.6622871815466,-8.04210291502315,202.52573531725,95.7643682828394,12.6138760566238,60.4786025138817,25.1593939705782,-62.1964688461569,218.386485224722,79.0294177387782,4.15981488544575,58.2166798009142,18.6123816876179,55.9004382241565,239.279061312537,3928.00353105538,6.03056171723621,-1.861255230338,117.996350154912,-30.1522285473559,17.202263547361,50.5560279974466,9.81116826944966
2023-11-11,72.8393969264047,15.6587461797451,103.923066677066,0.196092461421827,282.427680830785,35.3789908813566,-11.8180288070135,6.76366639003412,6.52110958255346,340.106853460467,69.7076491045891,5.92383984543108,-11.2139304086751,53.1527072819136,99.8341252123444,4.90803256034246,-3.95718040721252,58.1007587517515,59.8777373408537,-9.1286679913537,55.2263920883933,64.0469130269042,63.3117944305141,25.1942895442265,7.78903991840735,24.27734860942,7.18173489416644,8.70926623308826,-8.17334263168793,3.4430271189279,121.837050307995,-11.5950926361424,237.459140959048,64.1488497104159,20.2974842545671,96.2990772038688,57.9254901579918,-58.5650133623755,212.158125354652,91.0032778631483,3.65193992239349,60.9643730356376,27.6586421254043,67.8224679711461,373.711236182985,4155.21396374974,7.48493491173936,-1.17299017239327,116.493438983617,-4.23215472364452,15.1445229922483,75.77897211601,7.49796423235163
2023-11-18,62.1870047019977,19.9764627532901,119.558801669904,18.6215354581561,415.174671816621,49.1013193648752,1.9970685209291,7.00700001702696,5.6849167055776,358.938083831603,83.2805920178193,6.16424986586153,-15.7029416551892,54.037279041932,112.937459654919,7.04614893272971,-11.6389193978891,60.8610722608153,71.6827389194739,-9.0976597886843,46.9741121936568,67.942986394421,106.916061804825,38.405639565506,7.56649246025887,50.5177946331657,7.01263819540633,10.2794936788787,-9.38427418618906,4.20599672199264,136.184214008541,-4.58508047191136,231.823841083618,57.3719239060118,28.7900965842832,79.5674032690083,81.4280772068713,-8.7978712132611,227.356671719462,110.407030790162,3.97827638601163,59.1693539367401,28.3974364612529,88.2995958922221,319.925832500283,4145.47483381904,6.81779737794395,0.544700903716513,110.890989469583,17.4320195158411,14.0706433634132,60.1033881857608,6.54495889601368
2023-11-25,75.7303554266117,27.6891939498356,113.265162654121,0.317901109326648,333.734035395761,40.3884514627012,22.1284384503225,7.09923154463942,5.77378000699673,443.175165899713,89.9963924695154,8.3580000790911,-21.2142386957369,89.4909861439355,116.292818591269,27.5031184174947,-3.20298496638337,78.1667341553109,83.7071724850487,-5.13090194327221,57.2824658373857,82.4397471525526,98.6781618437909,46.4486596656278,37.7491923494182,58.389514652256,7.57090408217062,6.41286181908928,2.18905107720593,4.45680719793363,122.302085373958,0.530630811543382,253.256735507585,98.0132247785803,35.0243593826212,57.0325974506775,37.0145591468913,-8.12148720533466,183.414900096119,127.364696054315,3.99310578162037,69.100154756324,23.9563555720842,82.209620207954,414.241050731261,4169.67987926042,8.61187819847545,1.01388924575952,84.3573247703569,45.9723932422851,21.1747225166815,76.7215999006746,5.33282994875629
2023-12-02,82.866906815852,24.1769259551495,133.83354512949,2.98562807101939,358.497451127391,57.4460741293887,23.9924250503594,7.781983042118,4.33945343240049,475.347104713218,105.059081331453,7.11635105325956,-27.9428633325327,135.194146651118,120.470674800008,42.4225843775351,-1.14024590852025,85.2093513204865,96.3497140278998,-0.181324142913425,69.8643566528396,67.0428349205601,110.682660734383,50.6896291981008,46.483822453953,79.3350921151718,9.27664245494475,10.8488041607771,19.7960174250046,9.17671069394629,130.751368291579,41.4598183733569,295.163857280252,97.5861163914724,41.0335530379697,117.03559038513,51.0870898246051,45.9854396188953,238.258261489217,136.862407129731,4.10588152697889,79.1813392844252,15.1848242372826,86.1518918182363,456.159078394098,4622.61988998559,10.3678764478038,2.87133554677053,106.23701913714,71.9032223624025,22.4040286796993,71.4730953763611,5.88030536759208
2023-12-09,88.305427538671,18.7818915678626,166.8075919425,28.951944305823,333.101601526203,81.055070607599,33.9108025047917,6.80397129799838,4.34475241838231,584.684011395947,106.279483226156,11.414359542501,-25.0239229883063,123.024324464286,134.527552927258,39.5269588784454,7.96419030098433,98.3269797874577,103.679893195372,-0.239728231010245,68.3182114950088,58.7965419450486,96.4466920467328,48.7978020323833,45.8161125768012,78.6751223443218,9.81697744493144,9.11849603816513,20.3254980004374,7.89335165776526,131.218533303177,38.5761539788016,285.810050778873,119.640243762732,40.8418995198829,138.650743035135,48.4979695079218,76.5494773878493,235.641346186273,122.210549222516,4.10902649699193,78.7532224041017,4.46365785975926,85.4477741784801,436.533262220413,4867.70030006016,9.94834905800773,1.554920051088,129.796588761669,94.5921038752834,16.1491573395212,51.5216297175756,7.46003721066222
2023-12-16,79.2319873110394,14.3541609639187,165.524535351068,45.4415078067979,472.389591685411,107.336577911939,57.9172801766537,6.92627476737939,6.97367593441744,660.210768914296,122.058763006587,14.5036716516982,-2.44847368257277,236.848191775536,114.561348909098,56.4777762947639,18.9373649217925,112.666915994044,109.30219837456,8.0879079106315,50.9123386592426,89.8587332127664,90.8288854349038,61.7619611062876,64.2874441769449,67.0274453557921,11.9290965641701,19.6785104729726,58.7238367121415,14.1901382446149,163.944040888942,47.4979075198893,257.257634543528,168.453548057482,34.0971125160398,61.9005086246553,52.2077593434891,76.1769176612876,274.034759537584,119.23817233437,5.25341470057256,87.2939465740416,1.78534280138496,97.3195932712425,641.496167313966,10100.6686275318,12.2227783845547,3.315636798231,154.79800897474,152.286440477,26.4899546281866,77.4075889723727,14.4763319981846
2023-12-23,100.065259560329,11.9345984021026,212.691981683153,40.3907945027474,927.952762212383,116.883715899104,66.4508624104923,6.91785073301988,10.8335329004926,689.423391665964,158.00675020193,14.488561577471,26.4412007430734,278.614549575328,151.884438579564,64.1434158252106,31.9255057255627,71.70421378377,123.173150709777,15.7040791543893,78.516440476071,99.4624369148034,98.0641519938797,70.212807826727,71.9801326533306,103.110054029314,14.4058426898053,21.6195438866414,52.2722904831806,13.0255291309284,193.085059604954,56.4561331201332,462.875547025292,195.354024208101,32.7728367787264,150.721816752044,88.4092941273167,80.8822424875192,294.483277365229,102.022766309928,5.86606680229074,109.656699351668,5.09210754438896,125.67760411255,675.938311590012,11822.5556526464,13.7422328076977,4.87963823819302,163.153616633758,150.490815953749,29.2680408387278,79.9858326745333,15.3915059151746
2023-12-30,128.34418620499,10.4305346104502,329.209282987783,63.1026641249337,1084.60053395454,137.162920578359,81.5801407122117,7.00099022751557,10.7670965240724,743.799185111144,204.130550347657,17.8814854243111,45.891646742199,269.447201538499,129.692956627746,62.1652507371387,34.1875059705868,91.80375275018,155.883045863553,21.4085238159707,115.044494970211,134.630827381889,191.876227170775,66.3983871503333,95.9778346176848,143.836994172182,19.2944505677055,21.4372438978388,82.1431836300721,18.0758949861518,199.860062537114,89.0775564887864,581.742614435171,259.969036340038,22.8653023153687,157.602492870007,95.8859740986239,55.2588243373213,325.699516842638,83.6597716166276,6.90135786866049,153.609832316753,10.7637440985432,125.138651180831,685.720202913424,11516.9654456107,17.6892070432206,7.01336552296496,173.263193679787,137.363556871175,38.1372131159636,99.5118261424003,22.8913340968688
2024-01-06,169.511384447023,8.19960968383331,478.411830823011,73.4503073504528,952.497350312184,175.579220218124,101.901086371934,7.33281340416065,13.5208287749739,819.158125683464,312.446232939648,20.5651939673636,64.9641210913697,313.189702595393,197.423286620897,60.9433983566787,48.2865550905996,108.879179224789,226.602945912911,27.2318333589072,154.124485898564,188.864557506649,302.53208817887,97.7316622805396,134.042288725061,149.190175097163,31.7435738520967,27.390732133697,125.814650678478,27.7194795234544,276.130137537732,140.456122078536,740.0603704567,315.527642398754,25.0620229652359,249.304064878829,154.365466029475,85.0872606013772,450.06702433589,66.4650602830876,11.7330934174156,240.851233353254,15.8006191674195,179.24236578832,978.330251324886,12246.3004556295,26.2546669123111,8.33020999087013,241.382069093437,153.41332293827,48.5758939914498,141.939610215346,30.2675141824454
2024-01-13,236.322793499558,8.75269528277237,728.808960738487,93.6095056028826,1180.21044448719,194.957853851791,103.382164143528,11.8141012685797,19.1216535882918,888.123744579953,574.497599241024,21.9383792203915,82.9519321826435,404.066524464031,224.90716895839,95.5391004639136,86.3295891125089,118.52024172471,262.206210281534,33.5956384731694,194.285299367768,258.407505189465,213.540229038203,96.8010869084543,161.09944639578,184.256954902429,48.7828478152934,53.4821854642325,138.432659884138,37.2688502089465,318.920130350334,197.577694837003,879.785083853896,518.446678483758,27.7308173220846,316.531517840552,171.24065442723,97.1825473569989,573.419674696458,57.8664185244691,13.1896591484981,325.26959426852,23.4103890797395,215.442331261739,1123.2999330741,19952.5202711625,33.4489562669261,11.2782348966734,306.56566577044,152.426368777042,81.6345223730911,165.500404888758,27.9891569265773
2024-01-20,190.264459082784,7.85672600900419,908.657711702907,140.182579163397,1110.56877853813,244.839394475298,125.15697915309,11.1166081555157,38.1680104143865,994.773871142403,1257.18460530094,24.530004517745,113.02880463531,413.149021955015,297.327486878699,88.8425757654942,69.5546934036076,155.806206374073,237.753824175819,44.9702494831663,218.777449777769,362.314669015989,405.717512256109,133.732730409383,210.175100755077,252.451060223817,72.1389951548517,46.5160002595682,123.712967132644,42.5845195621194,518.019896396517,170.962532826537,1238.80033797664,797.024770266069,38.67003905725,445.944848917187,155.052222059557,126.943377524745,734.35042639396,54.8606322881068,22.9293960049816,495.695088290186,35.1333819617201,258.035652212934,1284.35530253319,19163.4959566644,37.7543757433882,12.835645187995,433.861922691341,148.140929232698,110.798435760458,243.033011936116,33.8092297794864
2024-01-27,178.023179782798,5.36463658505155,742.730303290044,161.882876320975,1002.14957150538,214.903642883771,117.59267887635,15.0889668668704,41.7011151567567,1003.55775742571,331.675612005613,27.427437919133,105.619787616255,350.163418632652,315.009065761172,68.9953648536079,62.1887861279864,149.440013448545,193.02757164896,45.8120652652165,233.949174137554,431.339716516708,354.131576322071,121.053682303265,177.427028048178,245.108954023301,97.7320040263179,36.3785914998936,101.146294386633,33.9482692804351,459.16458138487,153.77974768051,1261.11060472976,491.4301888186,36.2146903626926,446.121827985832,148.048661220557,98.5797828985088,570.620825234852,55.8106613576844,26.3012884699139,242.370013744306,40.5234220136736,256.490455734325,1142.27499989736,16160.5152926696,31.4877573494197,11.3677702158433,312.277919880535,172.900926922698,114.100471942611,197.338433410493,43.7232075562061
2024-02-03,122.971606167095,7.86051983096742,592.774271618914,164.795175415862,658.804398773319,198.010855183031,94.7976592696138,14.3135173765958,27.7966954575074,639.826641910153,323.910055609453,25.1497713754309,68.1073754081634,234.79623437322,236.14747108386,63.6101151105732,56.9809339996098,155.345696037984,139.750920651281,35.3619749095006,136.184682343978,383.867795027472,274.587120555602,99.7338701595098,142.880728603821,228.871341982511,81.4116324257833,35.0088358312177,89.9364413950354,33.6249108667341,368.143545455501,107.909748812916,985.622614882728,349.48874501894,27.8352947358617,370.756379013349,172.441510152968,64.6963770598344,426.856147751311,54.842260448044,22.9255432944589,142.640068236345,31.082625894835,176.599916352188,995.60663324725,-17525.4245343992,32.2287847665945,13.6171062619389,188.950644549561,108.487927513749,84.6282598888662,203.322815305172,40.6199629978955
2024-02-10,108.29996044372,7.53799031444651,546.585606243478,161.920485964227,484.571103120953,144.235052007203,88.4060074136036,15.4567772395928,18.5575029327459,638.109555089015,308.914102689274,23.5140475571261,56.9656292242704,179.094761111809,222.129306340046,55.8659872135475,46.4374517001681,106.505008084678,108.004063781655,31.9704991932627,113.673693647118,286.347819558392,250.779369711764,95.1365960550124,118.451702442832,201.316970890532,56.0180471487025,27.1306342453266,66.2200379964515,25.9726283848791,291.435196318482,79.3164504124346,744.337421701013,214.428771575153,29.8133050548683,363.003558380022,186.807625329385,32.9890381804704,369.609327622918,51.6708948085604,20.9812194071473,124.387637526719,19.7983377313282,175.535593141665,938.451740977926,10623.496415468,21.9347978748354,12.9466959531924,186.243819438888,95.5743641236796,89.260158003353,126.148610936102,31.0878611316605
2024-02-17,92.2264501427535,7.70215553270213,478.201973360616,179.787849742605,369.276627650973,144.922354833883,94.1677299028945,16.3214146412123,8.77559930636128,614.581568477194,215.395415293824,24.3600720243903,53.6911863310133,167.965109300003,206.677051427046,52.5989426414003,45.8199815628834,103.858365464563,89.1796192834307,36.0321095539216,88.2911646064005,256.183240168445,264.492500774229,97.2113841689963,131.230546834928,207.836512559834,70.7025614275971,34.3410645096903,50.9415180613594,22.0001779866306,208.274690521762,85.3651774414886,676.84692474736,220.790940931902,36.8532856628981,423.604889419271,218.942842939619,41.6609612069078,341.43948982072,49.3011911112549,17.9214560461108,126.095413958444,20.708910251774,86.1122324895196,1090.11698443197,11387.6626548105,22.49617309925,16.222876456338,166.827060502551,71.352568483057,87.8154984436294,126.975899104812,31.7055669165333
2024-02-24,84.8141642527559,6.05330327412689,261.239344875213,176.917762262712,373.744319513288,138.833190712125,77.359252339641,15.6078539366671,13.6979910475539,557.35021950274,252.921342241959,18.0986652126215,56.7186880963702,209.162088467219,240.849209950287,70.3652806847062,66.2797629974114,114.372671983064,99.2304338719414,51.5254344003422,80.6058622659674,293.447021425448,343.612477189805,103.750025826335,98.3700351056109,232.746815930783,51.2790688839612,33.5099960460733,35.5203159202089,28.7568045982446,219.677695442827,71.0996751845832,623.41951359342,188.390536078665,33.4768136657386,445.363483798723,258.040356799459,51.4983840579613,407.391726144064,45.0832516705594,15.3699141686517,125.145561040169,24.5399254561963,111.433149961872,1020.84106264908,11006.9984433418,18.5175009410409,13.3754095881379,161.01005231745,86.2402351213083,86.98777714062,144.556973049011,28.2068436878226
2024-03-02,82.4593249666557,7.64407573396427,159.632667300388,190.4626515266,434.932790361328,129.647721455471,84.3205434113125,14.936575507168,15.3308033696905,631.571705310512,244.511583654745,16.9273112630652,59.6778070295581,194.998147826979,237.55931465068,87.4329386990299,85.1411163539849,120.258556904938,83.9669877226242,54.6846093029402,97.9783047233688,297.976842192793,504.176430360647,111.285385030901,82.2342893255377,280.611760953493,58.9791682518001,48.3583263625229,24.7955316262476,31.9654283259744,210.007717491586,54.2186370265047,612.507631274778,147.97402040906,27.2507760036109,462.299514602095,293.791604885316,60.5777720168869,372.062073597461,48.0662463011764,14.4030697288065,109.285482942702,22.0894838959507,91.5364837092441,736.439204928456,10135.9427972409,16.7496309475968,13.3647912793778,173.270115143468,72.3880401948284,95.9173427584132,163.891583807469,25.6962742986297
2024-03-09,90.1342729431255,6.8479224113081,155.14710381471,198.512971596987,400.659210054651,106.159730340451,87.0720595199335,16.667865051652,16.1445428163344,542.571762700354,218.160476213143,14.7973362036291,48.7895850443739,196.388184061068,237.018147113802,98.8148503313249,103.668194713899,152.902069266032,73.9840165830357,62.6486939848262,111.338773902497,370.83832812095,522.980902610925,121.451165235411,88.4445654890032,303.970051420193,26.9683233122889,49.5837362944933,38.1874918327278,29.5591638431664,243.123799825116,70.3632667925781,731.584944677154,138.402365911377,25.2308842829453,464.84631489264,243.368727712494,55.4325537749626,432.188412826604,48.3430364524454,16.5133932964897,100.008090379556,28.9785169842184,131.57311950529,688.729661224318,11139.2289255977,16.7615138054594,14.3117782227707,190.711430018481,94.3677163663364,119.247659836954,174.284375719662,26.8394275212689
2024-03-16,67.1360378930885,5.96489451002391,112.694083297142,194.355501829478,386.908583031871,94.2323871203865,107.637570911411,16.9352047162286,16.1214590479817,569.196406441236,165.38398806253,12.8992600902138,61.6703516152322,216.907411213223,210.598663970627,115.194803851669,68.1931134606723,123.076950962555,69.6147554873342,54.3196538317243,89.2956284706972,340.456080973742,711.983337393655,108.937189118116,66.2059838287526,305.076271800754,24.7348468102766,61.8822131385227,24.0759999921303,26.3528198284039,217.581833402193,37.2345108215263,887.406948430034,121.915646295259,21.6477495353061,522.930262034096,127.590025054595,54.4582646985194,445.35319123878,51.6119977845903,18.4320990089572,80.8961316586118,34.0647223273042,108.749972566003,591.538570686078,9994.8715169755,15.6633360887768,15.3005834048976,166.48797116011,87.0472390009645,103.250983500206,174.577627934155,22.6088661526524
2024-03-23,50.1890973412091,7.59382866533248,43.3187614738351,182.600456644312,332.066298144317,68.4788949062873,114.63146384926,17.0698599009384,11.48800572862,461.315108704367,123.381910733677,11.9626943603182,29.9050435733393,184.710211818654,208.781301812454,122.178240652652,58.4686066266453,102.161979864298,50.3774696085635,48.757385547506,114.875536218172,382.793983633366,737.1010958097,117.651697600524,67.7721134160187,261.593833948677,14.1929694151811,67.2302772380113,27.7253469744613,24.2451838739173,202.07227973346,35.6426076347238,743.179361258613,83.9850841460186,23.5759518068686,475.629566883348,122.905369126525,63.4584297994488,404.883107479753,51.4383506210046,17.8052791898297,65.0793096921892,36.789414011822,89.3890831492071,444.149948512243,9169.23742063155,10.0577450351526,17.3707228860722,160.408147670266,70.9101687114224,103.309606691699,152.43910266247,16.3159528701923
2024-03-30,32.6570206089242,6.60906000704043,75.3315351425169,162.930259848537,374.402645252208,47.774753101389,90.5901664764186,16.9644260937339,16.9722807999721,463.781442848227,73.7250961695068,10.9937617152641,33.4709952143265,157.252011011369,155.386141036657,108.571497916189,44.9222804247308,61.0670951881317,48.5802123417549,35.6023341931401,89.2237653899085,271.19153871635,642.399024538225,120.874740914585,46.6936019083793,223.043264852677,19.5448845644116,49.6356006810087,18.4366337035653,21.1656882808428,147.596200790128,31.797071433134,525.264419342118,64.5463392039501,22.2613012357645,416.385344688066,111.490898129689,81.8761236887964,346.307536264934,52.8209063035121,14.9133594638526,50.8085204090981,32.9428719952951,57.2918820861241,240.470041398092,7920.92580651441,9.50181876414501,17.667455335942,124.424297677569,48.7136680188196,68.5808232191089,138.181357918546,14.6149531605946
2024-04-06,51.1858557248483,5.52501274616879,69.3874065376547,117.450589264725,255.800653418918,64.8151458195348,56.5231839052508,15.3926296478008,15.4418462842376,481.841868799831,44.5159097860136,10.7935491900983,29.2636986896024,163.04679950695,148.58870048837,68.5816296906521,37.7678696828911,63.0739450206054,35.7070602581054,25.7020240692022,43.6224186708919,229.4784888711,474.785755363293,93.1808155355659,37.0513899972855,161.385474535089,18.6464000334663,44.1639530031475,21.394916151796,21.9306238793624,97.2726453933671,33.3265400942215,328.625954786717,-5.72554153348194,22.3482458493816,197.20889036581,76.7309925147188,50.1700482495757,259.931681127989,57.3737384543493,14.26988997986,43.9965998581753,32.8520137697905,60.985931807636,183.43222809653,5539.16200986055,11.6370826936075,14.2513238126911,113.468136537429,48.7414001686634,50.4201426068125,121.359378631168,10.461028948087
2024-04-13,29.198789275952,5.36535700479897,67.198762507456,57.3379649692125,233.798043735018,50.3929907954434,58.8881499165419,15.1430423668511,9.07397777158786,339.21809772176,37.7791390891779,10.0373642174772,26.1176403577753,138.949576526147,85.8577565221724,64.6373536237951,32.1359097216971,79.5147932982767,48.5791478788665,20.8328825118911,30.3623863902844,201.61743634491,478.347248705118,76.7626308962099,37.5488716506428,115.135737104273,4.3643537838446,37.6228732292997,20.6239585478033,17.643791341442,87.4928071779534,37.5549441932732,296.805859681222,-1.80038137059307,15.4849889918197,171.06495598813,65.2842820582692,57.5416455378812,209.594049426385,55.7163071743356,11.6029264359776,34.9745678685525,36.6677285173722,46.629207399225,138.852066262078,4913.09455610943,10.7012819941648,10.021504274854,100.465538632775,54.3265642361731,36.2963504372152,99.7994046139676,5.94619065683182
2024-04-20,36.0093242915037,7.98686200444348,54.8851868215389,46.7878569316419,274.343264610962,55.0062569009155,55.953257583808,14.1839319888439,11.8411145044658,322.879868545424,48.93076371946,9.16556439908842,26.2952895801046,177.352733829019,87.1966803865131,54.154377232176,36.5437091886578,101.746425707126,22.1755187931657,17.1523663494907,96.2972976452722,178.737718207622,465.401215405972,74.1629857792463,47.2552912993817,134.536984415413,11.6173568944717,31.450163591952,17.1766444316043,13.3778799493395,125.789996915905,28.3892538208652,374.991395651101,-34.2854348487377,26.0231567708444,139.121500646825,46.368285601618,42.4109504354328,238.758885788462,55.8978422940076,9.99657340429336,13.3997085781257,32.1473213964989,73.2567085648029,402.953818249834,4775.78397889192,9.20561084302843,11.6045930989757,110.500338998015,62.2566648030357,38.160206633467,94.1765103251524,4.38668207504911
2024-04-27,25.5741817039855,7.07988735833819,71.4078517754836,20.5205031510482,297.356502422965,41.7925514398425,39.0109410153194,12.3801833315134,15.5320310911339,326.312256115952,-0.194147080845918,8.85127733002411,17.2797554271673,144.183852040222,82.9633011488917,54.4315562345225,29.014846987864,43.9200345865739,31.0183593378569,14.261007342184,73.0435613571779,160.668544947629,382.877129080756,63.1881568401047,55.3902713193972,92.4955770411909,-2.57346727419311,37.7245442198001,21.1038332364999,13.0909862260441,107.297532637249,26.5252339565253,422.278442890634,37.0755520239107,11.3289482450294,205.725409313895,21.2078289894988,16.3176379110352,197.333636897172,54.2291916805031,8.93272940377866,-7.20579060165709,27.1239922905798,42.59748769106,218.610986720315,4542.0907824886,9.02044711219738,7.56559443728473,96.5848119588158,47.903457549159,33.6926009959824,98.2085613687502,1.83487913038914
