date,US,Alaska,Alabama,Arkansas,Arizona,California,Colorado,Connecticut,District of Columbia,Delaware,Florida,Georgia,Hawaii,Iowa,Idaho,Illinois,Indiana,Kansas,Kentucky,Louisiana,Massachusetts,Maryland,Maine,Michigan,Minnesota,Missouri,Mississippi,Montana,North Carolina,North Dakota,Nebraska,New Hampshire,New Jersey,New Mexico,Nevada,New York,Ohio,Oklahoma,Oregon,Pennsylvania,Rhode Island,South Carolina,South Dakota,Tennessee,Texas,Utah,Virginia,Vermont,Washington,Wisconsin,West Virginia,Wyoming
2022-10-22,-816.4545454545455,3.068965517241379,-34.265151515151516,-11.899999999999999,12.169811320754718,-20.72727272727272,11.037500000000001,2.5694444444444446,-3.2666666666666666,5.065217391304348,-4.38095238095238,-6.833333333333314,2.8048780487804876,3.0,5.375,-11.033333333333335,-6.256410256410248,-8.119047619047619,7.181818181818183,-39.34146341463415,11.51515151515152,-12.8125,5.19672131147541,22.799999999999997,6.37037037037037,14.73913043478261,10.553191489361723,3.5806451612903225,-2.38297872340425,1.3953488372093021,3.666666666666666,5.6923076923076925,8.057142857142857,-2.65625,7.26923076923077,38.95348837209302,10.326530612244895,-12.592592592592592,10.0,-15.833333333333329,1.807692307692308,-29.652173913043477,0.4499999999999993,-24.245614035087726,-170.5,1.9722222222222223,-33.96,0.75,5.923076923076923,13.26027397260274,-0.8571428571428577,0.5698924731182795
2022-10-29,-2158.9,-7.333333333333334,-122.1470588235294,-32.21739130434783,6.53846153846154,-13.235294117647072,-3.46153846153846,-24.57142857142857,-9.0,3.102564102564102,-121.92307692307692,-56.42307692307692,-1.0,-3.3066666666666684,5.307692307692308,-60.75,-21.75,-0.9750000000000014,-38.0,-70.55102040816328,6.296296296296298,-53.5,2.3684210526315788,-16.0,-15.833333333333332,-15.75,-48.47619047619048,0.20588235294117663,-96.79166666666667,1.929577464788733,7.5,7.144927536231884,-22.5,-23.272727272727273,5.382978723404257,-18.47826086956522,-48.5531914893617,-32.3,9.52112676056338,-61.78,4.047619047619048,-81.0,4.0,-17.876712328767127,-177.125,-3.666666666666666,-91.55555555555556,1.2999999999999998,-0.7435897435897445,8.333333333333329,-40.52272727272727,-1.2333333333333334
2022-11-05,-2335.3846153846152,-10.813333333333333,-125.72972972972977,-48.66666666666667,-41.4,-156.9714285714286,-10.154761904761909,-5.3557692307692335,-24.483333333333334,-1.4537815126050422,-72.64864864864867,31.22727272727272,-1.291666666666667,2.3589743589743613,-9.3,-27.216216216216225,-34.8181818181818,-7.100000000000001,-52.345454545454544,46.09375,-5.733333333333334,-8.796610169491515,3.148148148148148,-5.703703703703702,-24.122807017543863,-21.60526315789474,-96.57499999999999,-1.833333333333333,-93.22448979591837,-1.35,-13.921052631578949,4.220338983050848,-83.7,-36.28947368421053,-12.25,-92.02150537634408,-80.23529411764706,9.64,-14.0,-26.1875,1.2051282051282053,-69.53191489361703,0.75,-96.1875,-253.8723404255319,2.666666666666666,-110.89285714285711,2.9107142857142856,-7.615384615384613,-11.44736842105263,-36.23076923076923,-3.5
2022-11-12,-1479.2571428571428,-4.297872340425531,-62.125,-79.07692307692308,-64.39285714285714,-355.7837837837838,-29.78494623655914,-15.415094339622641,-25.2,-0.7105263157894743,-117.97435897435895,-11.253968253968281,-15.186046511627907,2.770114942528732,1.8644067796610155,-56.87931034482759,-0.8333333333333428,-2.700000000000003,-83.89285714285714,54.08196721311475,-6.714285714285715,-60.54761904761904,-2.5194805194805197,-32.88888888888888,-75.975,-35.974999999999994,17.0,-4.484375,105.45454545454544,-5.287878787878788,6.3235294117647065,4.0,-42.62295081967213,-78.27692307692308,-50.4,-39.658227848101234,-85.27027027027026,-30.157894736842103,-19.41666666666667,-91.69999999999999,-2.103448275862069,-18.285714285714306,-2.946666666666667,-98.02702702702703,-117.60563380281678,-3.378378378378379,-7.980392156862763,0.9821428571428568,-51.02439024390244,3.753623188405797,-52.0,-5.321428571428571
2022-11-19,-1890.0540540540533,-25.91891891891892,85.625,-76.91176470588235,-180.3653846153846,-768.5744680851063,-60.0,-56.21052631578947,-4.0,-40.12,-57.375,41.633333333333326,2.5,-15.142857142857142,-45.72,-122.66666666666669,-92.9848484848485,-19.6,58.0,23.428571428571445,-40.0,-66.39215686274511,-7.637362637362638,-67.74468085106383,-73.69230769230768,-70.53030303030305,0.8000000000000114,-3.046875,16.28333333333336,-3.8000000000000007,-5.368421052631579,-2.5294117647058822,-54.97619047619048,-14.0,-51.54929577464789,-127.77669902912623,-16.555555555555543,-78.83333333333333,-63.53333333333333,-95.55844155844159,2.428571428571429,9.833333333333314,-9.476923076923075,-39.33333333333337,-150.0,1.2750000000000004,61.78571428571428,0.3928571428571428,-106.2882882882883,-26.46808510638298,-54.58333333333333,-31.7
2022-11-26,-7900.35,-39.33333333333333,69.58333333333331,-204.0,-280.6363636363636,-1217.6363636363635,-60.80232558139535,-72.66666666666669,-24.555555555555557,11.81818181818182,-216.17460317460313,16.782608695652186,6.600000000000001,-70.58333333333334,-107.0,-413.1333333333333,-54.0,-86.36842105263158,-244.0,-47.87179487179486,-122.425,-111.26470588235293,-21.453333333333333,-121.83720930232559,-146.30769230769232,-260.4920634920635,-12.600000000000023,-34.6875,-46.31428571428569,-15.546052631578949,-27.57843137254902,-1.6719999999999997,-224.07999999999998,-22.333333333333343,-92.0,-256.6724137931035,-254.57142857142856,-224.66666666666666,-264.4423076923077,-83.78260869565213,-9.647058823529413,13.181818181818187,-31.35135135135135,-205.0,-843.296875,-20.925,-155.2941176470588,-10.571428571428571,-326.0,-156.78688524590166,-62.0,-19.533333333333335
2022-12-03,-8918.923076923078,-17.4,-102.52380952380952,-252.0,-382.6,-1661.0,48.16129032258064,-243.0,-29.0,-49.94117647058823,-306.83333333333337,-40.528301886792434,8.771428571428572,-113.14285714285714,-134.8695652173913,-285.0,-376.0,-165.675,-475.0,-109.5072463768116,-231.8421052631579,-193.72727272727272,-74.5,-35.333333333333314,-176.5,-393.625,-4.357142857142776,-49.07692307692308,-261.7391304347826,-37.31764705882353,-52.26315789473684,-24.842105263157897,-375.1428571428571,-198.16666666666666,-240.0,-510.1052631578947,-445.0,-599.8947368421052,-178.0,-641.125,-8.77777777777778,-39.69565217391303,-26.93333333333333,-372.55555555555554,-419.7692307692307,4.299999999999997,-153.95384615384614,-22.89156626506024,-188.0,-225.22222222222223,-191.0,-59.11864406779661
2022-12-10,3180.0,-35.0,20.0,61.0,-207.0,347.07692307692287,-60.5,-210.11111111111111,-4.0,16.52777777777778,-83.0,156.28947368421052,0.5769230769230766,-127.8,-44.0,19.5,-17.0,-108.26666666666668,-189.0,-90.5,-196.0,-104.91666666666669,-64.61538461538461,-112.80000000000001,37.0,-219.20000000000005,83.5,-48.5,193.03571428571433,-32.94642857142857,-54.9047619047619,-46.894230769230774,118.0,-239.5,-126.85714285714283,-119.52173913043475,-397.0,-525.575,-264.3333333333333,152.0,-31.12,70.7586206896552,-30.333333333333343,-9.0,310.75,2.9298245614035068,78.19999999999999,-22.128205128205128,-137.0,-218.60000000000002,-57.0,-11.0
2022-12-17,3738.0,-4.875,110.10000000000002,89.0,203.0,748.5,-45.19999999999999,3.0,14.0,10.041666666666657,-65.10000000000002,79.30612244897961,-0.9803921568627434,-123.0,-98.0,215.25,152.0,29.0,273.0,78.0,-244.0,46.0,-83.0,-332.5,110.33333333333331,79.0,52.708333333333314,4.0,104.66666666666669,-54.55555555555556,-86.25,-21.299999999999997,-256.2352941176471,67.0,118.0,-297.090909090909,-24.0,-473.32,-338.0,194.46153846153857,8.799999999999997,60.08620689655169,-43.45833333333334,27.0,352.5555555555561,0.3246753246753258,70.94871794871801,-27.5,-82.0,-27.0,47.0,-1.7692307692307665
2022-12-24,2974.4000000000015,4.714285714285722,2.933333333333337,53.0,-7.333333333333371,674.5172413793102,-103.96000000000001,121.0,-0.5588235294117609,-3.4666666666666686,-228.10526315789468,16.49333333333334,-13.022222222222222,-97.0,-4.599999999999994,214.90909090909088,60.0,-59.82539682539682,180.90909090909088,13.205128205128204,-190.0,63.636363636363626,-28.0,-443.83333333333337,81.66666666666663,246.5,64.5,39.0,22.491228070175453,-53.25,-18.0,-52.315789473684205,46.60000000000002,-7.600000000000023,52.833333333333314,-92.69230769230762,157.0,99.0,-277.46153846153845,46.66666666666674,-19.527027027027025,51.89814814814815,-29.10526315789474,-25.836956521739125,516.6111111111111,-20.88059701492537,88.42105263157896,-19.0,-125.89130434782606,23.0,44.0,-6.0
2022-12-31,892.7647058823568,-1.2000000000000028,6.6200000000000045,23.22222222222223,-82.20000000000005,385.92105263157896,-64.35294117647055,29.0,-12.095238095238095,-17.73684210526316,-258.7647058823528,-3.606060606060595,-14.5,10.0,-20.0,-11.350000000000023,77.0769230769231,1.0,86.78260869565219,22.375,0.0,86.66666666666669,-9.0,-231.0,-8.0,-59.15384615384619,-41.36585365853658,-28.5,71.61538461538464,-28.0,-8.5,-30.666666666666686,51.25,75.0,56.8125,121.59090909090901,-149.0,-27.0,-181.47619047619048,7.3333333333332575,-4.775862068965523,-31.606741573033702,-1.5862068965517224,-34.5,197.30379746835433,-37.72727272727273,1.5972222222222285,-25.0,-101.46153846153845,-26.5,20.333333333333314,-3.5
2023-01-07,6016.666666666668,10.0,29.338983050847446,57.0,199.0,617.0188679245282,119.13333333333333,14.454545454545467,14.395348837209301,-11.666666666666664,-367.5,17.240740740740762,15.5,102.0,91.0,95.08333333333337,174.66666666666663,-8.625,101.91428571428571,31.313953488372107,160.0,67.07692307692307,-26.0,192.0,98.15384615384616,191.75,45.37037037037038,5.25,116.95121951219511,0.0,39.0,6.0,108.85294117647061,167.75,54.38709677419354,385.9642857142858,43.799999999999955,197.5,47.34782608695653,256.4285714285711,8.31111111111111,17.5,-17.791666666666664,33.0888888888889,342.2702702702702,20.769230769230774,76.46153846153845,13.0,54.913043478260875,122.80000000000001,24.125,13.81818181818182
2023-01-14,10766.0,24.176470588235293,22.152173913043484,32.81818181818181,236.0,497.7391304347826,118.67073170731703,75.5,9.875,21.448275862068968,530.3333333333333,110.27118644067801,8.523809523809526,122.0,66.0,256.25,205.27999999999997,50.23529411764706,81.4430379746835,113.19230769230768,-64.77272727272728,102.28571428571428,69.0,327.29999999999995,39.03846153846153,301.2083333333333,31.22222222222223,24.5,159.7362637362637,20.0,31.36363636363636,32.888888888888886,131.67391304347825,126.0,43.89285714285714,405.0,148.6521739130435,231.0,80.71875,366.52173913043475,29.11764705882353,85.92857142857142,41.38461538461539,83.82978723404256,589.75,40.98214285714285,124.61666666666667,39.0,77.5079365079365,94.33333333333331,118.25,19.0
2023-01-21,3778.520833333334,3.2333333333333325,51.55,36.564102564102555,34.35294117647058,284.7916666666667,58.3953488372093,39.48148148148148,-0.39534883720930214,8.916666666666666,159.22222222222217,38.416666666666686,16.8,22.78947368421052,1.9846153846153811,111.9090909090909,96.76315789473685,14.111111111111121,37.150000000000006,10.342857142857142,81.87692307692308,43.89189189189187,14.526315789473685,165.25641025641028,8.587301587301589,103.34375,15.57692307692308,15.2,63.23076923076924,25.0,8.523809523809518,18.799999999999997,127.34210526315789,26.62264150943396,24.659999999999997,205.1111111111111,67.9784946236559,29.77272727272728,34.5,148.3181818181818,-2.0,29.285714285714292,7.30188679245283,38.72043010752688,259.875,-9.526315789473683,47.083333333333314,4.06122448979592,65.009900990099,58.150000000000006,25.805555555555557,2.2777777777777786
2023-01-28,1663.0,1.3902439024390247,12.100000000000001,40.7741935483871,61.03125,124.0,11.932203389830505,16.99173553719008,-1.314285714285714,1.243243243243243,183.85185185185185,23.714285714285722,-2.6944444444444446,-7.674418604651166,12.454545454545453,-8.84615384615384,28.735294117647058,21.086956521739133,27.07865168539326,49.0,57.95049504950495,15.46153846153846,12.25581395348837,107.8481012658228,17.185185185185183,25.20454545454544,9.783783783783782,7.974683544303797,45.224999999999994,-6.111111111111111,33.264150943396224,9.3125,25.03174603174604,12.932692307692307,11.666666666666668,125.60638297872339,64.2258064516129,93.15254237288136,41.515625,56.456140350877206,7.7058823529411775,21.130434782608695,0.8800000000000008,34.760000000000005,178.44444444444446,4.788732394366198,10.058823529411768,7.645669291338583,30.641025641025635,32.14925373134328,-9.565217391304348,9.48936170212766
2023-02-04,640.1153846153848,3.863157894736842,17.16363636363637,14.403508771929822,12.818181818181813,52.5,-10.264705882352946,32.82978723404256,-1.9259259259259256,-6.584905660377358,55.61538461538464,0.8260869565217348,-0.5090909090909088,28.360465116279073,14.0,43.05405405405405,43.96491228070175,10.891891891891891,41.2463768115942,11.57142857142857,56.18918918918919,-0.18181818181817988,11.505494505494507,8.400000000000006,5.942307692307693,33.85714285714286,8.6875,0.5588235294117645,19.703703703703702,9.766666666666666,18.0,13.85034013605442,60.916666666666686,13.592592592592592,13.616438356164384,86.23728813559319,34.34285714285714,8.525000000000006,3.202898550724637,68.06451612903226,8.565217391304348,4.46153846153846,3.436363636363641,-1.25,91.0,1.9375,-11.43333333333333,3.230769230769231,34.79629629629629,36.20588235294117,2.1730769230769234,-0.549618320610687
2023-02-11,833.7666666666669,2.9146341463414633,13.647058823529413,-11.684210526315791,16.906976744186053,81.10526315789474,3.415094339622641,12.352941176470587,1.5943396226415096,11.859154929577464,7.285714285714278,13.78125,-2.5256410256410255,6.540816326530614,8.4,7.941176470588232,15.96551724137931,7.738095238095237,15.926829268292686,-14.0,-0.5116279069767415,13.777777777777779,13.067415730337078,45.40350877192982,13.558823529411764,31.195652173913047,14.583333333333336,7.296703296703296,1.0909090909090935,-2.6999999999999993,13.826086956521738,2.566265060240964,17.911764705882362,2.8767123287671232,8.899999999999999,39.59090909090909,1.3611111111111214,40.6818181818182,7.533333333333331,64.08000000000001,5.113636363636363,-0.8333333333333428,9.298850574712645,12.962962962962962,-25.25,1.4222222222222225,-14.620689655172413,5.037383177570093,4.676470588235297,11.731343283582092,5.093023255813957,4.822222222222222
2023-02-18,658.7894736842104,2.4871794871794872,-1.8076923076923066,5.567567567567568,34.45348837209302,72.82142857142858,10.342857142857142,7.674698795180724,1.1554054054054053,6.5,56.47619047619048,18.171428571428578,3.397058823529412,12.5,2.9711538461538485,25.954545454545453,21.083333333333336,12.7,27.61290322580645,12.5,17.53061224489796,24.6,3.947916666666667,13.07352941176471,11.714285714285715,18.623529411764707,-0.6000000000000014,2.375,11.370370370370367,4.068627450980392,8.333333333333334,7.840707964601769,-25.96396396396396,7.357142857142858,4.085714285714285,36.34375,1.6415094339622627,2.095238095238095,9.423728813559322,13.37037037037041,2.225352112676056,1.4285714285714306,-5.121621621621619,-11.464285714285715,20.153846153846132,4.9714285714285715,-4.964285714285715,2.1333333333333337,29.413793103448278,30.254545454545458,13.788990825688074,2.118279569892473
2023-02-25,253.74545454545432,1.0,-1.2413793103448292,-1.5555555555555571,10.442857142857143,58.5,12.272727272727277,1.1864406779661003,1.6190476190476186,6.64,2.9607843137254974,30.933333333333337,1.3207547169811322,10.24137931034483,7.029411764705882,21.5,11.125,5.481481481481479,17.77083333333333,11.857142857142854,36.67105263157895,18.94845360824742,4.788461538461538,11.933333333333337,15.037037037037042,31.0,2.9166666666666643,5.5,29.03448275862069,3.6853932584269664,7.649999999999999,9.03225806451613,-0.11267605633803157,1.9384615384615405,10.289473684210526,44.29411764705884,25.326086956521742,12.399999999999999,5.811111111111112,73.78571428571428,1.787878787878788,3.0975609756097526,13.821782178217823,22.0,-10.0,4.239130434782609,-16.352941176470587,2.321428571428571,17.857142857142847,18.063492063492063,0.9629629629629637,3.701298701298701
2023-03-04,467.0,2.6818181818181817,10.083333333333329,-1.8181818181818166,20.104651162790702,82.18518518518519,8.472727272727276,8.723684210526315,0.572916666666667,1.0142857142857142,33.833333333333314,21.756097560975604,5.30188679245283,18.247619047619047,5.567164179104477,30.333333333333336,2.866666666666667,11.15625,19.75,0.05000000000000071,27.28,30.799999999999997,1.4269005847953213,8.799999999999997,13.46153846153846,20.441176470588232,-2.3076923076923066,2.6428571428571423,20.549999999999997,5.242424242424242,7.533333333333331,8.353535353535351,6.0,-3.1276595744680833,9.057142857142855,47.358490566037716,23.13978494623656,6.641509433962263,6.89247311827957,30.15384615384616,2.361111111111111,15.045454545454547,3.4520547945205475,-2.761904761904759,1.7352941176470722,4.848484848484849,-6.740000000000002,3.1794871794871797,-5.571428571428569,17.859154929577464,6.215384615384616,2.7560975609756095
2023-03-11,-310.31999999999994,-0.04615384615384599,2.966666666666665,14.768292682926827,23.811320754716988,93.64102564102564,17.15714285714286,-1.7826086956521756,2.144578313253012,5.467741935483871,23.620000000000005,22.5,2.6909090909090905,8.73170731707317,3.4670658682634734,23.21212121212121,18.68333333333333,8.80952380952381,19.549999999999997,4.333333333333329,23.719298245614034,12.3,9.470588235294118,21.630434782608695,14.5,34.729729729729726,0.027777777777778567,5.615384615384615,25.793103448275865,1.0427350427350426,2.166666666666668,6.879518072289155,18.47826086956522,13.721311475409841,11.458333333333334,37.03571428571428,13.492063492063487,22.51724137931034,5.428571428571429,24.82608695652172,3.8181818181818175,4.875,-8.254545454545454,11.93333333333333,-19.363636363636374,0.0588235294117645,7.399999999999999,-0.9411764705882355,24.024390243902445,16.08974358974359,9.830508474576272,1.5308641975308643
2023-03-18,167.25,4.957142857142857,-3.2522522522522515,7.337499999999999,13.013513513513516,75.64705882352942,13.384615384615383,9.913793103448281,1.5384615384615383,6.2388059701492535,-3.9512195121951095,15.285714285714292,1.784313725490196,9.241935483870968,4.86734693877551,14.1875,8.307692307692307,6.157894736842104,-1.0500000000000007,1.3000000000000007,15.031746031746032,18.65671641791045,0.9880952380952381,21.479999999999997,13.416666666666668,28.875,9.5625,6.428571428571429,16.266666666666666,-6.964601769911504,8.632352941176471,-0.5714285714285712,14.523809523809526,2.6301369863013697,8.75,28.650000000000006,7.833333333333336,14.700000000000003,1.1954887218045105,39.092307692307685,2.590909090909091,11.235294117647058,-5.628571428571428,4.8125,-15.5,5.199999999999999,-21.77777777777778,2.8275862068965516,42.89473684210526,18.91566265060241,6.875,1.59493670886076
2023-03-25,-83.02564102564111,3.5816326530612246,1.2162162162162176,-1.174603174603174,28.538461538461533,109.77777777777777,17.693877551020407,4.8235294117647065,0.33720930232558155,6.291666666666666,45.3636363636364,7.63636363636364,5.666666666666667,10.878048780487806,5.8442622950819665,2.7307692307692335,26.93877551020408,8.5,11.53846153846154,1.5555555555555607,14.446808510638299,8.44927536231884,3.197916666666667,31.242424242424242,15.722222222222221,16.38709677419355,7.63636363636364,7.011494252873563,29.583333333333336,5.950495049504951,8.285714285714285,5.467889908256881,-7.771428571428572,5.389312977099237,5.245614035087719,22.5,15.757575757575758,9.837209302325583,10.554347826086955,43.53999999999999,1.34375,1.272727272727277,-5.416666666666666,3.8461538461538467,16.363636363636374,5.025,-3.2692307692307665,0.7282608695652177,26.922077922077925,15.7,-1.5517241379310338,3.4597701149425286
2023-04-01,-262.3434343434344,4.571428571428571,-6.333333333333332,-10.13888888888889,29.44642857142857,105.73529411764707,18.11764705882353,5.9117647058823515,-6.525,4.12,34.099999999999994,10.615384615384613,-1.2571428571428571,14.56923076923077,5.118279569892474,10.711111111111109,10.23255813953488,5.536585365853661,8.229166666666668,-3.6999999999999993,-0.7142857142857135,14.044444444444444,2.5373134328358207,35.44186046511628,10.34210526315789,20.741935483870968,-3.806451612903226,6.388888888888889,37.61111111111112,4.825688073394495,5.01923076923077,4.090225563909774,-5.161290322580648,0.4204545454545432,7.294117647058824,21.254901960784323,3.3908045977011483,12.653333333333336,6.59722222222222,56.0,3.333333333333333,2.3333333333333286,6.122448979591841,-9.666666666666664,-16.285714285714278,4.627659574468085,-11.75,4.885057471264368,9.924528301886802,21.95890410958904,11.63888888888889,2.641509433962264
2023-04-08,-78.5,2.3780487804878048,4.27586206896552,3.0253164556962027,8.775862068965523,88.84615384615384,17.76271186440678,-4.183908045977013,0.992481203007519,6.388235294117648,4.8799999999999955,27.307692307692307,4.24074074074074,13.466666666666669,4.595588235294118,19.913043478260867,26.629629629629626,8.575757575757576,11.23076923076923,9.571428571428573,17.15,11.32530120481928,5.0,27.0,10.13636363636364,11.720930232558139,-8.0,5.441860465116279,24.6875,-3.261363636363636,12.4,5.743119266055048,-4.952380952380949,11.264150943396226,7.333333333333334,24.24137931034484,32.11764705882353,11.085106382978722,6.975206611570249,32.3846153846154,3.55,-4.0,4.188235294117646,18.411764705882362,-4.454545454545439,1.6896551724137927,-15.243243243243242,4.336283185840708,38.400000000000006,15.2,6.1410256410256405,1.8452380952380953
2023-04-15,604.8800000000001,2.218181818181818,4.40909090909091,-0.6363636363636367,14.311688311688322,100.9375,5.944444444444443,9.104477611940297,1.333333333333333,5.639175257731959,59.85714285714289,29.5,5.2615384615384615,9.27027027027027,8.67123287671233,2.2698412698412724,23.23809523809524,4.7368421052631575,15.0,8.083333333333329,12.0,10.084745762711865,5.109090909090909,36.395833333333336,8.25531914893617,26.892857142857146,6.551724137931039,5.470588235294118,26.0,-0.833333333333333,2.428571428571429,9.8989898989899,-5.333333333333343,5.944444444444445,1.9761904761904763,34.0625,12.688524590163937,14.727272727272727,10.77777777777778,6.0,2.3529411764705883,-1.0,9.875,10.53846153846154,9.083333333333314,5.162162162162161,13.608695652173921,2.814432989690722,27.0,14.042857142857144,4.25,0.6043956043956049
2023-04-22,163.91304347826076,3.2857142857142856,-2.1869158878504678,8.533333333333335,29.05405405405405,92.52941176470588,10.591836734693882,10.21686746987952,0.9743589743589753,5.753846153846154,-44.830769230769235,-2.9545454545454533,3.9298245614035086,17.267857142857142,3.6962025316455698,17.852941176470587,31.216216216216218,10.31578947368421,12.73170731707317,-8.166666666666668,1.4155844155844157,14.762711864406779,0.14285714285714324,43.48571428571429,11.649999999999999,20.65,-17.694444444444443,2.75,34.294117647058826,1.6428571428571432,0.5714285714285712,8.3828125,-0.3809523809523796,0.03703703703703631,10.455882352941176,45.51219512195122,19.971014492753625,18.57142857142857,15.4375,-17.24242424242425,2.88,-0.45454545454545325,4.975609756097562,10.813953488372093,33.68965517241378,1.6923076923076925,-7.227272727272727,3.391304347826087,36.8235294117647,16.864406779661017,7.776119402985074,3.695121951219512
2023-04-29,104.44827586206895,5.103896103896104,5.785714285714285,0.19512195121951237,15.115942028985508,116.87096774193549,14.670731707317078,8.344827586206897,2.757575757575758,4.174603174603175,53.16071428571428,1.4736842105263221,5.616438356164384,2.8461538461538485,1.9510869565217384,26.42,21.256410256410255,11.86111111111111,26.177777777777777,0.1999999999999993,29.43478260869565,13.294117647058822,4.763636363636364,42.97916666666666,9.53846153846154,16.708860759493668,12.78125,7.764705882352941,38.53333333333333,-0.3378378378378377,6.4399999999999995,8.177777777777775,30.555555555555557,9.627118644067796,8.072289156626503,33.95454545454545,19.48148148148148,5.307692307692307,6.076923076923077,4.9375,2.5357142857142856,-7.441860465116282,3.3571428571428568,15.159999999999997,11.571428571428555,7.923076923076923,4.631578947368418,1.9680851063829783,44.1,22.95522388059701,5.884615384615383,2.781609195402299
2023-05-06,706.3333333333333,-0.6164383561643838,12.38095238095238,4.495652173913044,33.94666666666667,130.05882352941177,15.47058823529412,10.555555555555557,3.389610389610389,5.402439024390244,-29.228070175438603,5.266666666666666,5.26,12.114285714285714,4.668674698795179,11.5,15.3125,10.16,7.60377358490566,11.764705882352946,23.4,6.078431372549019,2.4186046511627914,34.06578947368421,1.481481481481481,11.185185185185183,-5.7619047619047645,7.391304347826087,34.78260869565217,-2.7234042553191493,9.0,7.632911392405065,7.5,5.518987341772152,2.9523809523809526,19.272727272727266,21.627906976744185,26.814814814814817,9.959183673469388,38.46666666666667,3.631578947368421,5.71875,-0.43478260869565233,7.199999999999999,7.16326530612244,4.024390243902438,-18.666666666666664,4.7560975609756095,35.95121951219512,15.682926829268293,6.961538461538462,1.6124999999999998
2023-05-13,74.95000000000005,5.8053097345132745,3.1929824561403493,1.0476190476190474,4.289473684210527,87.30555555555556,16.23728813559322,11.920634920634921,1.049382716049383,6.0,-48.65789473684211,-10.9375,5.035714285714286,8.352941176470589,0.8227848101265849,7.615384615384613,21.307692307692307,10.566666666666666,9.81081081081081,-0.5454545454545467,28.612244897959187,8.525641025641026,2.5593220338983054,33.85294117647059,7.62280701754386,19.296296296296298,-4.981132075471699,7.518518518518518,29.46153846153846,2.4916666666666663,2.352941176470588,7.398230088495575,15.944444444444443,8.181818181818182,5.35,30.07692307692308,15.619999999999997,17.94736842105263,11.0188679245283,6.8799999999999955,-0.7241379310344827,-4.293103448275861,-0.7804878048780486,17.15942028985507,13.369565217391298,1.6428571428571432,-5.863636363636367,3.965116279069768,20.61290322580645,4.6969696969696955,5.602941176470589,2.5454545454545454
2023-05-20,578.2307692307693,4.695652173913044,7.3043478260869605,7.174311926605505,15.4368932038835,104.48275862068965,12.689655172413797,8.578947368421051,1.333333333333333,4.984375,2.8115942028985614,17.363636363636367,2.659574468085107,13.432835820895523,7.476470588235294,7.222222222222221,18.970588235294123,6.85,12.384615384615383,3.291666666666668,3.229166666666668,16.476190476190474,-0.6037735849056602,35.08695652173913,12.586956521739129,13.735294117647058,-3.7407407407407405,5.28,31.096774193548384,0.6956521739130439,4.592592592592593,9.465909090909092,17.964285714285715,7.0,8.795454545454543,46.827586206896555,30.698412698412696,11.71875,8.258823529411766,13.319999999999993,4.266666666666667,-2.0,3.612244897959184,14.542857142857144,17.684210526315795,4.030303030303031,-0.3333333333333357,2.2222222222222223,12.21875,19.264150943396228,1.708333333333334,2.690476190476191
2023-05-27,3.6764705882352473,4.258620689655173,7.288888888888888,-1.4347826086956523,0.4470588235294173,112.04347826086956,12.12280701754386,4.960526315789473,-2.295081967213115,4.716981132075472,44.576271186440636,5.268656716417908,5.6,10.266666666666667,8.146666666666668,13.807692307692307,21.258064516129032,9.483870967741936,11.322580645161288,7.5,1.1315789473684195,13.653846153846157,4.905405405405405,34.54545454545455,16.22222222222222,31.21666666666667,-1.129032258064516,4.428571428571429,38.95555555555556,1.4716981132075473,0.05263157894736814,5.057692307692308,11.857142857142858,6.037037037037036,6.653061224489797,37.63333333333334,27.31111111111111,12.186046511627907,5.863636363636363,7.027027027027032,0.4482758620689653,3.306451612903224,4.386363636363637,4.944444444444443,31.92307692307692,2.375,-14.785714285714285,4.509090909090909,5.378378378378379,15.981132075471699,0.09803921568627416,3.50561797752809
2023-06-03,85.03061224489795,1.0735294117647056,-5.94736842105263,8.803571428571429,7.0340909090909065,78.85365853658536,17.617021276595743,13.238805970149254,1.4897959183673466,2.114754098360656,16.24000000000001,-8.444444444444443,2.1034482758620694,12.227272727272728,6.490384615384615,23.29032258064516,21.405405405405403,8.11111111111111,24.68888888888889,2.1999999999999993,31.672727272727272,12.54237288135593,4.824742268041237,39.12820512820513,17.08823529411765,25.826086956521742,7.46875,7.192982456140351,27.954545454545453,3.304347826086956,4.6923076923076925,8.142857142857142,4.795698924731184,5.254545454545455,6.142857142857142,55.86206896551724,26.801980198019805,20.80952380952381,8.01388888888889,-2.0806451612903203,2.909090909090909,-8.923076923076923,2.838709677419355,12.391891891891895,27.799999999999997,7.375,2.575757575757578,3.6666666666666665,4.085714285714285,15.196721311475411,5.745098039215684,2.610169491525424
2023-06-10,134.9333333333334,2.2448979591836737,5.407407407407408,13.076923076923077,9.047619047619051,80.17142857142858,17.714285714285715,12.172413793103448,3.377777777777778,5.465753424657534,31.47619047619048,-15.857142857142854,-0.24615384615384617,10.527027027027026,4.303225806451613,10.533333333333331,25.161290322580648,8.2,14.205882352941178,3.1428571428571423,27.351851851851855,12.983050847457626,2.4657534246575343,32.46153846153846,13.976190476190474,27.93103448275862,-2.7391304347826093,5.39622641509434,31.61764705882353,1.6475409836065573,6.588235294117647,8.430769230769231,23.47826086956522,9.186440677966102,1.2156862745098032,59.205128205128204,30.224489795918366,24.75,6.404255319148936,0.38888888888888573,2.372093023255814,-1.3846153846153832,4.232142857142857,3.387096774193548,24.25,6.361702127659575,8.0,4.155339805825243,2.6190476190476204,8.96,1.6938775510204085,2.1790123456790123
2023-06-17,336.1495327102805,-1.5,14.041666666666668,8.903225806451612,15.034482758620683,83.8846153846154,16.078125,11.202898550724637,2.5609756097560976,4.9,27.833333333333343,8.10526315789474,-1.967741935483871,11.17142857142857,2.858585858585858,14.416666666666664,23.675675675675677,9.862068965517242,16.49074074074074,7.23076923076923,8.464285714285715,18.48076923076923,4.907692307692308,38.80952380952381,10.0,26.159999999999997,0.6470588235294112,2.803921568627451,23.32,2.3076923076923084,6.0,6.671232876712329,24.774193548387096,4.438356164383562,2.790322580645162,23.423728813559322,25.1875,18.6875,9.411764705882351,6.399999999999999,1.692307692307693,-4.100000000000001,3.742857142857143,9.386363636363633,7.666666666666686,3.7777777777777777,4.111111111111111,3.809523809523809,13.137931034482762,13.51063829787234,4.560975609756095,2.348314606741573
2023-06-24,370.1851851851852,6.303370786516854,4.617977528089888,0.0,13.955223880597018,104.0,19.907692307692308,11.21,1.0869565217391304,5.25,18.4390243902439,2.724137931034477,-1.666666666666667,12.271186440677964,6.672413793103448,10.394736842105264,28.5,10.862068965517242,15.125,7.307692307692308,15.137254901960784,12.5,4.015625,37.19444444444444,14.432432432432432,25.0625,1.333333333333334,2.313725490196078,29.542857142857137,3.177083333333333,5.333333333333333,8.472727272727273,14.828125,8.679245283018869,3.380000000000001,47.733333333333334,23.657894736842103,25.725490196078432,7.863636363636363,19.91666666666667,3.3448275862068964,-2.6909090909090914,5.9245283018867925,18.257142857142856,-6.0,4.4411764705882355,8.814814814814813,3.548780487804878,11.474358974358971,17.86206896551724,8.263157894736842,2.1911764705882355
2023-07-01,541.0714285714289,0.44444444444444464,6.548387096774192,8.413793103448276,31.873015873015873,72.52,14.232142857142858,10.870967741935484,2.0434782608695654,5.920634920634921,24.05555555555557,3.2954545454545467,-2.769230769230769,12.194029850746269,2.545454545454543,17.06451612903226,30.256410256410255,9.038461538461538,18.21951219512195,-0.76923076923077,26.584615384615383,19.65853658536585,2.8085106382978724,41.7,17.71698113207547,31.03448275862069,-1.3181818181818183,1.9574468085106385,23.838709677419352,3.2631578947368425,6.333333333333333,8.741935483870968,25.869565217391305,9.043478260869565,5.296296296296296,64.4074074074074,26.409090909090907,20.840909090909093,11.205479452054794,12.25,2.411764705882353,-0.7272727272727231,3.980392156862745,6.76923076923077,15.818181818181799,4.511627906976744,-6.125,3.01980198019802,25.766666666666666,15.74418604651163,6.090909090909092,3.6794871794871793
2023-07-08,508.20000000000005,3.155172413793103,15.946666666666665,8.23913043478261,18.184210526315788,98.6923076923077,17.789473684210527,15.710526315789473,2.0808080808080804,5.39344262295082,31.155844155844164,9.473684210526315,-1.3461538461538458,12.387755102040815,9.261682242990654,16.37037037037037,35.03703703703704,11.416666666666666,14.614035087719294,5.0,35.84745762711864,17.78688524590164,2.7294117647058824,44.9,17.03030303030303,35.6,0.0625,7.1,30.166666666666657,1.9836065573770494,5.761904761904762,8.489583333333334,13.9375,5.8431372549019605,5.482142857142858,75.2051282051282,27.717391304347828,21.137500000000003,9.10909090909091,14.57692307692308,1.1388888888888888,5.0,2.6904761904761907,10.973684210526315,19.666666666666686,6.324324324324325,-5.846153846153847,3.978494623655914,19.717948717948723,14.44927536231884,10.63157894736842,2.5416666666666665
2023-07-15,305.661971830986,2.292307692307692,2.9565217391304337,4.862068965517242,25.25925925925926,82.39285714285714,12.239999999999998,14.5,1.3644067796610169,5.032258064516129,27.47826086956522,10.75,1.4827586206896548,14.073529411764708,4.982905982905983,24.479999999999997,35.255319148936174,7.25,17.67441860465116,9.846153846153848,6.33898305084746,12.94736842105263,3.5132743362831858,46.595238095238095,17.82608695652174,25.653846153846153,-2.4090909090909083,2.9130434782608696,25.346938775510203,3.2624113475177303,6.391304347826087,7.394736842105264,18.79591836734694,7.407407407407407,1.625,80.72727272727272,25.060606060606062,25.133333333333333,7.7924528301886795,17.1875,3.5,0.9223300970873787,5.826923076923077,7.0,6.099999999999994,4.324324324324325,4.828571428571429,3.857142857142857,16.25,13.45,8.28813559322034,3.6049382716049374
2023-07-22,374.3473684210526,3.014084507042254,2.1499999999999986,9.2,38.306666666666665,100.41379310344828,17.044117647058822,12.662162162162161,2.5892857142857144,2.629032258064516,-31.948717948717942,11.153846153846157,2.0,11.836065573770492,6.906832298136646,6.786516853932586,32.39473684210526,13.095238095238097,24.127659574468087,7.875,27.310344827586206,16.29230769230769,4.849056603773585,46.5,18.1875,12.733333333333334,4.25,3.6666666666666665,38.77272727272727,3.6022727272727284,6.05,8.15,11.135135135135137,7.3235294117647065,7.585365853658535,61.151515151515156,33.73333333333333,19.409090909090907,6.692307692307692,25.153846153846153,3.615384615384616,0.8333333333333321,5.504132231404959,10.585365853658537,17.400000000000006,7.869565217391305,9.176470588235293,3.7547169811320753,4.27586206896552,10.904761904761905,8.655737704918034,3.354651162790698
2023-07-29,658.2941176470588,6.269230769230769,-15.08609271523179,8.808510638297872,33.142857142857146,89.58064516129032,16.86567164179105,11.432432432432432,2.8190476190476192,4.970588235294118,-57.170212765957444,11.90909090909091,1.5769230769230766,14.563636363636364,0.6753246753246751,17.6,33.65625,10.961538461538462,15.558823529411764,3.5,29.14754098360656,2.0277777777777786,1.1685393258426968,49.3125,15.085714285714285,11.100000000000001,-3.6363636363636367,3.466666666666667,30.833333333333336,3.3690476190476186,5.615384615384615,8.9,24.032258064516128,9.847826086956522,7.409836065573771,59.565217391304344,30.71578947368421,19.1,12.254901960784316,24.6,2.8846153846153846,-2.4761904761904745,5.525,13.21875,17.0,7.142857142857142,11.794117647058822,4.366666666666666,20.444444444444443,19.476190476190474,6.617647058823527,1.7901234567901234
2023-08-05,271.2549019607844,1.983870967741936,6.074999999999999,3.013698630136986,37.47945205479452,83.46428571428572,17.058823529411764,11.630434782608695,3.265957446808511,4.828571428571428,-51.43181818181819,8.588235294117649,-0.22222222222222232,17.33333333333333,6.6060606060606055,17.869565217391305,30.91891891891892,10.941176470588236,13.627906976744185,2.5,23.185714285714287,12.261904761904763,4.025316455696203,42.82758620689656,16.34210526315789,31.4,5.666666666666666,4.084745762711864,30.479999999999997,3.9583333333333335,5.796610169491525,8.641509433962264,17.714285714285715,7.950413223140496,4.478260869565217,56.526315789473685,31.57142857142857,27.244897959183675,7.806451612903226,10.25,3.433333333333333,2.291262135922331,3.7301587301587302,7.8125,-2.0,5.954545454545454,3.030303030303031,3.643835616438356,16.16883116883117,18.97826086956522,8.267857142857142,3.3764044943820224
2023-08-12,345.2469135802469,3.3611111111111107,9.428571428571427,2.548672566371682,37.61224489795919,95.33333333333334,18.107692307692307,9.976470588235294,2.3513513513513518,4.375,-63.05555555555556,0.9552238805970106,2.384615384615385,17.258064516129032,6.485714285714286,15.40909090909091,28.72222222222222,10.886363636363637,19.28787878787879,6.617021276595745,26.05357142857143,11.399999999999999,5.780487804878049,38.74074074074074,17.285714285714285,27.1,-14.346153846153848,3.8666666666666663,29.1,3.2126436781609193,5.931818181818182,7.3164556962025316,25.26923076923077,11.0,6.5,73.83333333333331,26.68181818181818,19.261904761904763,6.911111111111111,24.916666666666657,3.2580645161290325,9.454545454545453,4.865384615384615,3.3684210526315788,-24.700000000000003,6.733333333333333,1.7894736842105274,3.935897435897436,15.677419354838712,18.43103448275862,8.94,2.552083333333333
2023-08-19,224.7011494252872,1.830769230769231,7.4761904761904745,6.7333333333333325,42.76623376623377,98.19444444444446,20.216216216216218,13.158536585365855,2.737864077669903,6.294117647058823,-70.76923076923077,8.84210526315789,-0.054794520547945424,11.875,5.187096774193549,14.794117647058822,33.03333333333333,10.633333333333333,13.516129032258064,2.7142857142857135,16.264367816091955,10.614035087719298,5.494623655913978,33.70967741935484,17.84,23.875,-5.48571428571428,3.5454545454545454,27.200000000000003,4.046153846153846,5.36,8.461538461538462,23.57142857142857,6.521739130434783,6.7142857142857135,71.80555555555556,21.77922077922078,13.70634920634921,6.771604938271604,22.136363636363633,3.25,1.5454545454545467,2.644444444444445,6.666666666666664,-22.0,7.096153846153846,-4.074074074074073,3.945652173913044,-5.071428571428573,21.8125,-0.1999999999999993,3.642857142857143
2023-08-26,379.03883495145624,4.142857142857143,5.933333333333334,4.655172413793103,31.471698113207545,97.625,16.59090909090909,8.63095238095238,0.7922077922077921,5.173076923076923,24.854545454545445,2.7941176470588225,0.038461538461538325,12.607142857142858,9.00909090909091,15.421052631578949,27.888888888888886,9.526315789473683,13.540983606557376,4.1875,27.93333333333333,15.896551724137929,4.745454545454545,28.454545454545453,13.059999999999999,29.769230769230766,-11.7,3.9918032786885247,31.192307692307693,3.192857142857143,4.088235294117647,9.3375,18.607142857142854,6.779661016949152,6.987804878048779,71.3076923076923,19.403846153846153,20.846153846153847,7.76595744680851,15.227272727272727,3.297872340425532,-2.9411764705882355,5.260869565217392,7.239130434782609,-4.400000000000006,7.333333333333333,4.739130434782609,4.170731707317073,14.861111111111114,24.8641975308642,7.964912280701755,3.450980392156863
2023-09-02,287.3619047619047,2.164179104477612,7.103448275862068,7.382352941176473,35.43396226415094,88.96875,18.686567164179102,11.535211267605632,3.127906976744186,5.921875,20.046875,-3.6000000000000014,-0.9705882352941178,10.754098360655735,8.115789473684211,19.875,30.48275862068966,8.625,12.638297872340427,1.0,18.975,13.243243243243239,3.699029126213592,38.810810810810814,18.75609756097561,30.72222222222222,-9.074074074074076,3.7291666666666665,23.0,3.8876404494382015,4.964285714285714,4.916666666666666,23.225806451612904,8.126984126984128,9.025641025641026,63.666666666666686,25.50943396226416,18.979999999999997,8.857142857142858,20.25,3.232558139534884,9.46153846153846,5.017857142857143,3.7468354430379733,-20.066666666666663,6.53125,1.5,4.133333333333334,-8.857142857142854,18.163636363636364,9.16,3.5978835978835977
2023-09-09,148.53846153846155,1.9680851063829783,12.155844155844157,4.802325581395349,39.40298507462686,83.07317073170732,14.783333333333331,15.935064935064936,2.5851063829787235,5.983050847457627,54.80851063829783,10.964285714285715,1.34375,16.075757575757574,7.04040404040404,13.711111111111112,36.36363636363637,5.235294117647058,6.606060606060609,4.2857142857142865,28.78846153846154,12.528571428571428,5.504504504504505,45.4,18.5,29.285714285714285,21.549999999999997,4.236363636363636,37.11764705882353,4.0546875,5.2727272727272725,7.455555555555556,13.513513513513512,2.637931034482759,7.564102564102564,76.33333333333331,25.549999999999997,17.666666666666664,8.945945945945946,20.755102040816325,3.413793103448276,-4.882352941176471,2.625,-12.804878048780488,18.599999999999994,5.833333333333333,-6.75,3.390476190476191,5.057142857142857,26.3875,8.318181818181818,3.6774193548387095
2023-09-16,406.8800000000001,3.370588235294118,-2.0799999999999983,5.298507462686567,38.34146341463415,88.14285714285714,19.7948717948718,8.563829787234042,3.0588235294117645,5.549295774647887,43.61904761904759,-2.413793103448281,-2.344827586206897,16.11111111111111,8.922077922077921,20.625,28.23255813953488,9.028571428571428,19.046511627906977,2.571428571428571,17.5,16.46153846153846,4.615384615384615,40.32432432432432,17.732142857142858,26.407407407407405,-2.589041095890412,2.4130434782608696,38.03225806451613,4.043478260869565,6.647058823529412,8.658333333333333,24.96551724137931,-0.8545454545454554,8.75,90.65217391304348,31.54761904761905,20.25,3.59,11.200000000000003,1.5172413793103448,-7.0,5.283018867924528,9.416666666666657,-16.428571428571445,4.681818181818182,5.92307692307692,3.841463414634146,24.192307692307693,25.27906976744186,4.523809523809524,3.4414414414414414
2023-09-23,85.37037037037044,1.7981651376146788,10.74074074074074,6.398648648648649,39.76543209876543,83.71111111111111,13.142857142857142,3.517647058823531,2.1294117647058823,4.844827586206897,25.765625,-0.2142857142857153,1.8775510204081636,18.153846153846157,1.4871794871794872,1.8854166666666679,22.31707317073171,7.933333333333334,9.100000000000001,-2.1999999999999993,27.916666666666657,15.375,4.79245283018868,35.54347826086956,17.10810810810811,23.806451612903217,4.90625,0.5238095238095242,32.45161290322581,3.1448275862068966,1.4400000000000004,6.1891891891891895,-0.11333333333333329,4.52112676056338,6.571428571428571,79.44444444444444,30.57142857142857,18.18181818181818,3.891304347826088,14.5,2.34375,-6.7058823529411775,5.814814814814815,13.287671232876711,1.8000000000000114,6.0,-6.80952380952381,3.132075471698113,25.17948717948718,28.313253012048197,5.948717948717947,3.5232558139534884
2023-09-30,-8.5,2.0363636363636353,-4.93069306930693,3.1136363636363633,28.36764705882353,87.34883720930233,10.277777777777779,11.68867924528302,2.7127659574468086,4.742857142857143,26.725490196078454,-3.411764705882355,-3.242424242424242,15.049689440993788,8.47222222222222,12.863636363636363,23.174999999999997,5.592592592592592,14.318181818181817,3.928571428571427,23.841269841269842,17.47826086956522,8.285714285714286,41.94285714285714,18.84057971014493,24.242424242424242,-4.5,3.168674698795181,32.81818181818182,0.7666666666666666,6.785714285714286,6.833333333333333,22.073170731707314,4.271186440677964,3.288135593220341,50.195121951219505,24.357142857142847,9.018518518518519,7.800000000000001,3.095238095238095,3.5161290322580645,3.5714285714285694,3.5074626865671643,-11.06896551724138,17.400000000000006,3.8571428571428568,-22.909090909090907,2.5294117647058822,32.34920634920635,20.194805194805195,5.112676056338028,1.4299065420560746
2023-10-07,216.3103448275865,-1.8540145985401466,2.0344827586206904,-3.5232558139534884,30.756756756756758,84.47999999999999,11.574468085106385,14.011494252873565,1.174757281553398,3.405063291139241,-38.44,-1.6315789473684177,-2.378378378378378,13.59375,6.71527777777778,-3.4391891891891895,28.125,-3.0256410256410255,11.0,0.3999999999999986,14.537037037037042,20.417910447761194,2.4421052631578943,34.64705882352941,18.45,11.333333333333336,-12.25925925925926,7.611111111111111,9.31818181818182,4.023529411764706,2.1333333333333337,6.08235294117647,20.206896551724135,5.611111111111111,7.538461538461538,64.80645161290325,22.265306122448976,19.528571428571432,6.581395348837209,26.599999999999994,2.6,12.666666666666664,6.042253521126761,19.136363636363633,44.28571428571428,4.790697674418604,-3.5238095238095184,4.340909090909091,23.44736842105263,18.0,10.824324324324325,-2.2
2023-10-14,219.75757575757575,-5.344632768361581,2.65625,2.3456790123456805,26.340425531914896,66.08,7.0338983050847474,15.589041095890408,1.5,5.985294117647059,-12.102941176470551,-5.161290322580648,-7.32183908045977,12.19672131147541,8.9009009009009,13.526315789473685,17.191176470588232,10.96551724137931,5.571428571428573,-3.727272727272723,16.46153846153846,15.40909090909091,-0.05633802816901401,37.145833333333336,15.057142857142857,-0.17021276595744794,11.806451612903224,7.584905660377358,28.67857142857143,3.2027027027027026,-0.8000000000000007,7.6,21.857142857142854,8.384615384615383,4.514285714285714,67.97619047619048,24.162790697674417,-6.17307692307692,5.5,21.0,2.636363636363636,5.142857142857142,5.753424657534247,3.536585365853661,-18.0,5.44186046511628,-12.028571428571432,3.940476190476191,14.82857142857143,25.614285714285717,7.929577464788732,0.6319999999999997
2023-10-21,-499.82352941176475,-8.4,-0.5,-2.67175572519084,-3.03125,84.71052631578948,5.7843137254902,18.44943820224719,0.0439560439560438,4.738636363636363,-78.07272727272724,6.708333333333336,0.014388489208631228,11.903225806451612,3.1288343558282206,-4.8560606060606055,11.166666666666657,8.16216216216216,5.212598425196848,-1.2941176470588225,19.36144578313253,8.34090909090909,2.4074074074074074,32.698113207547166,16.88095238095238,21.102564102564102,3.840707964601769,5.428571428571429,32.65384615384615,2.916030534351145,0.3214285714285712,8.655172413793103,0.5333333333333314,9.68627450980392,5.040816326530612,52.41176470588235,13.145833333333336,17.264150943396224,1.416666666666666,21.36363636363636,4.172413793103448,-2.9444444444444393,4.393939393939394,-7.547619047619051,-38.38461538461539,-0.3076923076923084,-22.864864864864863,1.5873015873015874,9.333333333333329,26.85507246376812,10.205128205128204,-0.5546218487394956
2023-10-28,-316.5,-12.796296296296298,-8.65432098765432,2.3170731707317085,10.878048780487802,55.599999999999994,2.0,11.695121951219512,4.353535353535354,4.37037037037037,72.5,-4.5625,1.341614906832298,12.738095238095237,3.862244897959184,20.888888888888886,6.463414634146339,7.5,6.833333333333329,-12.263157894736842,0.19298245614034926,14.109756097560972,5.695652173913045,38.19230769230769,16.8125,24.844827586206897,4.149999999999999,6.6,25.823529411764703,3.4345238095238093,1.135135135135135,7.827586206896552,-6.039999999999999,3.7346938775510203,4.551724137931034,45.296296296296276,20.475,29.60377358490566,-3.0506329113924036,8.357142857142847,2.6666666666666665,11.0,2.8235294117647056,-7.901960784313722,-6.3125,4.054054054054054,25.799999999999997,4.301587301587301,11.46153846153846,22.76388888888889,7.704225352112676,4.086021505376344
2023-11-04,-872.4639999999999,-3.8051948051948052,-3.971428571428568,-3.521739130434783,19.349999999999994,33.02272727272728,-7.755555555555556,7.316326530612244,4.676258992805756,4.866666666666666,-118.9230769230769,-24.5,0.46575342465753167,7.32,6.022388059701491,6.9375,5.708333333333336,6.369565217391305,14.145454545454548,7.428571428571431,2.881355932203391,12.86567164179105,5.785714285714286,17.42857142857143,12.42222222222222,18.0,-11.318181818181817,5.67741935483871,13.277777777777779,4.195652173913044,3.4642857142857135,6.382716049382717,4.777777777777779,-1.541666666666666,-1.3653846153846168,50.07692307692308,17.483333333333327,19.877551020408163,8.297297297297296,23.319148936170215,4.096774193548387,-9.200000000000003,4.933333333333334,-3.020833333333343,-31.367346938775484,-0.24615384615384528,0.4571428571428555,4.392156862745098,5.545454545454547,15.161290322580644,4.163636363636364,2.177570093457944
2023-11-11,-250.73076923076906,-7.69047619047619,-4.555555555555557,-9.884615384615383,-63.36263736263736,-81.26315789473685,-26.672727272727272,14.154639175257731,4.229357798165138,5.6,12.399999999999977,-55.18181818181818,0.3125,6.079365079365079,7.283783783783784,-8.953488372093027,-2.2142857142857153,2.6999999999999993,-3.477876106194689,-19.451612903225808,-9.309999999999999,6.728571428571428,2.885416666666667,22.174999999999997,3.1000000000000014,-2.0869565217391326,-1.6153846153846132,0.10416666666666696,29.61904761904762,1.900900900900901,2.9393939393939394,6.608108108108109,-8.200000000000003,3.3809523809523796,-10.392857142857142,19.441176470588246,21.078947368421055,1.0612244897959187,-1.5288461538461515,-15.150000000000006,2.230769230769231,-6.399999999999999,4.173913043478261,-8.342857142857142,12.899999999999977,4.35483870967742,-47.791666666666664,2.0776699029126213,10.62962962962963,8.044444444444444,0.5294117647058822,-1.3430232558139537
2023-11-18,-433.89473684210543,20.5,-21.5,-0.13461538461538325,-88.51428571428572,-128.42857142857144,-74.72881355932203,-2.0631578947368396,-0.403225806451613,5.578947368421052,-193.55172413793105,-11.84375,-11.177215189873419,4.416666666666668,-0.23577235772357774,-14.272727272727273,-43.85365853658536,-3.96875,35.85507246376812,-25.049999999999997,-6.631578947368421,-0.34883720930232087,2.15929203539823,0.9428571428571431,13.951612903225808,-1.9500000000000028,-5.515151515151523,4.2073170731707314,-18.625,-2.925531914893617,4.318181818181818,7.081395348837209,7.142857142857146,1.2985074626865671,-11.666666666666671,-24.543478260869563,-14.388888888888879,4.51063829787234,-2.6829268292682915,-1.9772727272727337,4.264705882352941,-11.355555555555554,4.919354838709677,11.714285714285708,42.10526315789474,1.7931034482758612,13.785714285714278,-0.3245614035087723,18.142857142857146,16.458823529411763,7.6440677966101696,-4.692307692307692
2023-11-25,-1068.045454545455,-0.8217821782178216,31.222222222222243,-11.144927536231885,-25.75,-120.34042553191489,-53.71428571428571,-9.763157894736839,-3.304347826086956,5.012658227848101,-27.714285714285666,-10.116883116883116,-2.5769230769230766,-7.48571428571428,4.244604316546765,-27.78048780487805,-4.266666666666666,-13.512195121951219,-5.867924528301888,37.5,-14.783333333333331,10.285714285714285,-3.1914893617021276,-31.548387096774192,2.4074074074074083,-4.75,-2.75,2.0,-43.11666666666666,0.78494623655914,-0.6296296296296298,10.052287581699346,-37.71052631578947,-8.661290322580646,1.5714285714285694,-63.70454545454544,-27.54255319148936,13.560439560439562,1.0222222222222221,-28.466666666666683,1.3243243243243246,-5.466666666666669,4.314814814814815,-1.6730769230769198,-48.190476190476204,-0.9743589743589745,4.5,2.057377049180328,-1.6388888888888857,-3.611940298507463,0.23076923076922995,-17.60377358490566
2023-12-02,-1110.5,-0.9493670886075964,12.735294117647058,0.8192771084337309,-90.14285714285711,-114.18918918918916,-4.492753623188406,-29.36241610738255,-4.824324324324325,4.833333333333333,61.571428571428555,-47.55238095238096,0.11494252873563227,-1.1578947368421026,-7.7857142857142865,-47.117647058823536,-49.705882352941174,-2.6000000000000014,2.3838383838383805,4.526315789473685,-31.729729729729726,-27.299999999999997,2.7222222222222197,-6.51136363636364,-4.431034482758619,-10.5,-29.454545454545453,-9.375,-36.69444444444446,-12.119047619047619,4.7924528301886795,4.137681159420289,-30.452380952380963,-16.848484848484848,0.49230769230769056,-121.77215189873417,-84.31764705882352,-26.799999999999997,-4.9393939393939394,-97.86666666666666,-1.4000000000000004,-33.701149425287355,-0.9285714285714288,-18.88095238095238,27.66666666666663,-7.5,-20.5,2.598591549295775,-20.0,-6.92307692307692,-0.8507462686567173,-9.56122448979592
2023-12-09,-1237.864864864865,-0.4222222222222225,-3.1363636363636402,-15.54444444444444,-174.4459459459459,-159.8367346938776,-31.416666666666686,-32.395348837209305,-7.013245033112582,-2.769230769230769,19.450000000000045,-35.59154929577468,-7.138297872340427,5.523076923076921,-30.291139240506325,-3.7721518987341653,28.40677966101694,10.208333333333336,24.370689655172413,-24.818181818181813,21.876106194690294,-13.515151515151516,-5.111111111111111,-55.745454545454564,-4.536585365853661,-31.629629629629633,10.5,-3.1960784313725483,-99.18181818181819,1.4499999999999993,-1.9545454545454568,-2.3007518796992485,-4.369747899159677,-38.50793650793651,-25.4313725490196,-49.65094339622641,-31.610169491525454,27.41269841269842,-31.642857142857142,-37.02857142857144,-0.46875,-40.2340425531915,0.30303030303030276,-46.78947368421052,34.90909090909088,0.20634920634920562,19.614285714285728,-2.718181818181818,13.25,-40.53030303030303,7.494505494505493,-31.66187050359712
2023-12-16,-2518.6623376623374,10.484536082474229,-33.755102040816325,-15.256410256410248,-229.74074074074082,-172.12173913043478,-30.0,-47.43617021276596,-6.055045871559631,-0.8732394366197198,-113.25641025641028,-164.9495798319328,0.11111111111111072,-3.9508196721311535,-14.736842105263158,-30.861111111111114,-43.383177570093494,2.5833333333333357,12.125,12.297872340425556,-63.28346456692914,-15.827272727272714,-3.6400000000000006,-60.41772151898735,-24.934426229508198,-14.38095238095238,-7.079207920792072,-19.069444444444443,0.013888888888914153,-4.084507042253522,4.402439024390244,-12.086666666666666,-111.875,-87.70833333333333,-31.150000000000006,-158.02777777777783,-74.5929203539823,-24.96,0.35185185185185475,-84.09722222222223,-17.34375,-92.24778761061947,-4.720000000000001,-14.809523809523796,-134.66666666666663,-12.7875,-58.018518518518505,-0.3138297872340434,54.57894736842104,-24.759493670886087,-6.441860465116282,-17.92307692307692
2023-12-23,-4587.39393939394,3.416666666666666,-106.24657534246575,-40.08333333333334,-354.71428571428567,-438.090909090909,-35.97297297297297,26.863636363636374,-30.29824561403509,-6.806451612903224,-113.9375,-290.46666666666664,2.450980392156861,-39.28225806451613,-58.83333333333334,-163.18461538461537,-79.70469798657717,-45.32258064516129,-32.36,-112.91764705882352,-103.51764705882351,-64.56756756756758,7.492537313432841,-1.8695652173913118,-24.766666666666666,-78.375,-79.83673469387756,-55.86503067484663,-319.9302325581395,-10.543859649122806,-32.95945945945946,-18.401315789473685,-195.3943661971831,-71.96666666666667,-74.51162790697674,-181.8163265306123,-249.6448598130841,-64.62264150943396,-42.56363636363636,-300.9,3.4406779661016955,-180.2608695652174,-21.980582524271846,-63.44444444444443,-180.58823529411757,-34.6875,-176.95454545454547,-4.827380952380952,34.88461538461539,-47.769230769230774,-45.705882352941174,13.857142857142847
2023-12-30,-8514.01923076923,1.666666666666667,-48.116666666666674,-76.34210526315788,-523.1818181818181,10.610389610389575,-98.0845070422535,-56.241935483870975,-16.555555555555557,-33.87234042553192,-350.04444444444437,-404.5,-2.331288343558281,-22.897260273972606,-35.76470588235294,-84.984375,-171.2716049382716,-3.268041237113408,-124.19736842105263,-104.0,-199.3692307692308,-118.86111111111111,-29.225225225225227,-286.5967741935484,-62.340206185567,-134.6363636363636,-81.86885245901641,-54.89473684210526,-437.0882352941177,-30.814285714285713,-7.8548387096774235,-19.82905982905983,-196.0,-51.33333333333337,5.550000000000011,54.55555555555566,-242.35714285714278,28.555555555555543,-18.879310344827587,-159.71428571428567,-28.535211267605632,-310.3703703703704,-25.572649572649578,-180.0,-274.391304347826,-33.36206896551724,-313.1219512195122,-7.944444444444445,-51.63313609467457,-113.31034482758625,-77.38461538461539,-30.80952380952381
2024-01-06,1808.2439024390223,0.7972972972972974,-75.5,-26.913043478260846,-333.3636363636364,-86.21428571428578,-28.347826086956502,-3.694444444444457,-11.357142857142854,-18.81896551724138,-127.44444444444434,-44.09090909090912,-11.61111111111111,-11.349999999999994,9.666666666666657,-17.041666666666686,-109.41666666666669,-6.240506329113927,-39.18518518518516,-141.0,-248.5,-81.88461538461539,-16.75510204081632,93.36000000000001,-21.708333333333343,33.28440366972478,-8.199999999999989,-45.10526315789474,-317.7058823529411,-20.58064516129032,-9.044247787610622,-8.454545454545453,-47.0,-44.580645161290306,9.966666666666669,15.6875,42.24000000000001,-13.34782608695653,-25.628571428571433,229.89583333333337,-3.4711538461538467,-226.975,2.4090909090909065,17.285714285714278,-300.0689655172414,10.5,90.0,2.541666666666668,0.8220338983050794,51.94117647058823,-18.621212121212125,-35.64
2024-01-13,1945.0,0.22222222222222232,66.21052631578948,3.8888888888888857,-119.20000000000005,135.56097560975604,23.0,-43.340425531914875,6.333333333333336,-9.15789473684211,-151.79999999999995,70.73529411764707,5.222222222222221,-27.97692307692308,36.0,82.21538461538461,-6.888888888888914,-15.941176470588232,32.0,-4.0,-230.42857142857144,-6.424242424242408,1.5454545454545467,33.19565217391306,-10.142857142857139,36.790697674418595,-110.22641509433964,-42.28571428571429,-66.0263157894737,11.296296296296298,-13.932432432432435,-8.96551724137931,-193.5,24.866666666666674,-30.15384615384616,-224.5,-96.50877192982455,-53.5344827586207,1.7142857142857224,131.5,14.21951219512195,-46.78125,1.6842105263157876,92.66666666666669,-196.20000000000005,-7.776923076923069,125.5,-8.974358974358974,31.910714285714278,-17.294117647058812,22.285714285714278,-31.6
2024-01-20,559.4117647058847,-2.813559322033898,37.28571428571428,-7.823529411764696,-79.10869565217388,-32.60000000000002,26.30769230769232,-25.904761904761898,-4.0,-4.255813953488371,-31.89285714285711,140.15789473684208,7.986666666666668,-34.5625,19.0,-13.513157894736821,63.24096385542168,13.92156862745098,-0.5675675675676075,112.03571428571428,-150.4090909090909,32.02702702702703,2.613636363636367,62.13084112149534,38.065573770491795,85.26470588235293,-23.0,15.200000000000003,137.73333333333335,-18.34285714285714,21.92156862745098,5.2592592592592595,4.288135593220318,-43.16666666666667,51.71428571428572,65.48275862068965,-146.96153846153845,-86.49253731343285,24.13333333333334,-62.4871794871795,1.0487804878048834,27.97619047619048,4.739130434782609,-146.24096385542168,-71.73913043478251,31.789473684210527,75.5,-6.941558441558438,-4.099999999999994,22.680000000000007,3.5326086956521863,27.847826086956523
2024-01-27,-2463.6607142857138,0.11805555555555536,29.5,-59.4375,-36.57446808510633,285.0,-51.400000000000006,-44.666666666666686,-2.0,-3.9411764705882355,53.803571428571445,-10.431372549019613,-2.8125,-5.5,2.285714285714292,-48.5,14.387096774193537,9.639344262295083,-62.83333333333337,17.7709923664122,-44.34482758620692,13.555555555555571,-0.5244755244755268,-54.21153846153845,6.610738255033567,-41.463414634146346,-24.333333333333343,-19.16666666666667,5.716814159292028,-13.606060606060609,-7.670731707317074,6.684210526315791,34.48333333333335,-15.325581395348834,3.7065217391304373,-117.14285714285711,-216.79120879120882,-150.05172413793107,-32.0,19.142857142857224,-5.543689320388349,-15.684210526315752,-3.758620689655171,-9.0,-134.8571428571429,-3.1558441558441572,86.63380281690144,-2.0479999999999983,16.172727272727286,22.301075268817186,9.155555555555566,-23.511111111111113
2024-02-03,-638.4230769230762,1.2058823529411757,26.28301886792454,-13.724137931034477,260.30357142857144,171.28421052631575,-4.878787878787932,5.938775510204081,2.4126984126984112,1.5555555555555607,145.09302325581393,100.0,16.60606060606061,-38.54716981132076,-8.619718309859152,48.716216216216196,-107.03750000000002,-78.45454545454545,-31.69696969696969,18.0,-104.0,79.3636363636364,-31.147058823529413,-36.468085106383,21.860759493670884,-75.09375,25.327272727272714,5.5,39.338345864661676,-6.541666666666664,-1.7586206896551744,-11.853333333333332,-36.840909090909065,6.207317073170728,12.956989247311824,20.53947368421052,-49.633333333333326,-89.25,32.58015267175573,-83.11111111111109,15.2890625,19.30534351145039,2.0212765957446805,25.596774193548413,-6.720930232558203,11.043103448275865,102.13725490196077,1.2857142857142847,12.870056497175142,-21.97222222222223,12.265625,-10.41958041958042
2024-02-10,-720.3600000000006,-4.0576923076923075,-5.504854368932044,-46.08333333333337,70.21428571428572,150.97916666666663,-29.36486486486487,-2.5614035087719174,6.944444444444443,-1.1190476190476204,-60.94202898550725,133.2926829268293,-7.068965517241381,-10.694915254237273,13.904761904761898,62.45454545454544,-15.206349206349216,-47.86363636363636,-74.34782608695653,38.69078947368422,-12.04000000000002,12.018181818181816,-32.46153846153846,-202.3,-11.826086956521749,-32.12857142857143,29.0,15.666666666666686,129.0689655172414,7.575000000000003,-11.765151515151523,-14.887096774193552,-40.895348837209326,-17.142857142857153,27.85526315789474,-206.2173913043478,-57.10000000000002,-90.78260869565219,-12.862745098039213,-17.94999999999999,-3.3464052287581687,32.413793103448285,4.204081632653061,9.967741935483872,166.16666666666674,12.079999999999998,10.583333333333314,-1.9681528662420398,61.6046511627907,-18.649122807017534,-5.430379746835442,7.607142857142847
2024-02-17,-355.83333333333394,6.3910256410256405,-22.025641025641022,-6.260869565217405,12.658536585365852,128.07407407407408,50.18367346938771,-2.406779661016955,-5.045045045045043,-11.5,67.18644067796606,45.917808219178085,4.981818181818182,-26.77272727272728,15.439999999999998,30.09836065573768,12.142857142857224,-16.64705882352942,-69.99029126213591,31.39285714285714,-113.35714285714278,-11.534653465346537,-27.28813559322034,-197.50505050505052,-25.046153846153857,-41.34146341463412,-12.854545454545459,33.69565217391305,2.789473684210492,2.4400000000000013,-11.399999999999999,-3.75,-84.61176470588236,-14.507042253521128,-5.104166666666664,-150.7682926829268,-22.33333333333337,60.60000000000002,10.111111111111114,-98.79166666666669,-6.0625,-0.2965517241379416,-5.208955223880597,5.81967213114757,289.25,-6.888888888888889,3.9074074074074474,0.6078431372549034,28.45945945945944,-38.33333333333334,-39.36274509803923,-1.3680555555555571
2024-02-24,-366.782608695652,5.31764705882353,18.33,-10.366666666666674,-18.19999999999999,0.0,-15.930232558139537,-56.434782608695656,-2.203125,3.8764044943820224,69.34545454545457,102.89855072463769,-1.9357142857142833,-56.3953488372093,-26.82692307692308,-3.4795918367346985,11.795454545454561,89.0,-44.06,-8.82352941176471,11.219512195121979,12.264150943396231,-16.191489361702118,-252.07407407407402,3.3799999999999955,-140.16666666666669,33.428571428571445,-4.7804878048780495,16.900000000000006,2.225806451612904,-39.67515923566879,4.969696969696969,6.963768115942003,4.942857142857136,9.96551724137931,-39.26984126984132,-104.47222222222217,205.28571428571428,-19.29166666666667,-80.7058823529411,-10.40880503144654,26.40196078431373,-16.678571428571427,-4.223214285714306,168.7105263157896,3.2340425531914896,20.434210526315752,-7.102040816326532,-15.951612903225808,7.0,-17.110000000000014,12.436363636363637
2024-03-02,67.81443298969134,-6.220588235294118,14.979020979020959,-16.714285714285722,10.544303797468388,14.0,22.531914893617042,-101.6891891891892,1.1066666666666656,-5.3164556962025316,128.1134020618557,-15.156626506024082,-4.670886075949369,-70.62962962962963,11.409090909090907,-68.56,20.2957746478873,31.121212121212125,-61.80000000000001,24.22448979591836,-108.16666666666669,-41.919354838709694,-2.360465116279073,-289.9074074074074,-32.0,-78.09473684210519,-6.058823529411768,-4.067307692307693,8.940677966101703,-3.4890510948905096,-31.75,-5.307692307692307,-21.891566265060305,0.8292682926829258,-5.103448275862071,35.39130434782612,-22.403508771929864,-8.388888888888886,2.180722891566262,-112.42857142857144,2.4333333333333336,22.214285714285722,-0.5384615384615401,-34.4375,48.0,-5.563636363636364,11.811111111111103,-10.727272727272723,52.2967032967033,9.0,-18.637037037037032,3.511278195488721
2024-03-09,1235.0,2.222972972972973,6.078431372549019,12.393939393939377,61.02631578947367,81.15584415584414,8.432432432432435,-5.111111111111114,-20.5625,0.617647058823529,-22.71794871794873,44.64835164835165,9.410714285714285,-67.97058823529412,-1.6944444444444429,34.53658536585368,-56.60377358490558,-1.3097345132743357,66.91666666666669,16.444444444444443,64.0,-29.404255319148945,7.0,-146.5857142857143,-19.5,-24.613636363636374,13.945454545454552,-6.06451612903226,29.125,-4.0476190476190474,-31.733333333333334,3.0,26.347826086956502,-23.887500000000003,8.102564102564102,-79.30769230769226,-39.89473684210532,-12.118644067796623,3.882352941176464,-46.166666666666686,0.5207100591715985,22.03125,12.705882352941167,15.78048780487805,168.28125,-2.421875,20.306250000000006,-5.640776699029125,31.237499999999997,-8.274193548387103,28.858407079646014,24.03030303030303
2024-03-16,2410.3766233766237,0.282178217821782,-2.8773584905660385,63.44,-33.12765957446808,81.8095238095238,-3.0,19.68595041322314,5.056000000000001,7.583333333333329,-8.666666666666629,52.80434782608697,-7.6869565217391305,-7.235294117647058,-2.8599999999999994,36.18181818181819,85.54464285714283,0.40869565217391823,57.85714285714289,6.759999999999998,93.46153846153845,29.909090909090907,8.707865168539328,203.35000000000002,-14.0,61.046875,4.696969696969703,-11.74418604651163,36.63513513513513,-14.76056338028169,0.5,-7.076923076923077,19.928057553956847,17.043010752688176,9.804878048780488,67.60000000000002,120.38095238095241,19.531645569620252,6.347826086956516,37.83018867924528,0.9549549549549567,20.688888888888883,-11.315789473684209,64.90769230769232,40.730769230769226,-5.894736842105264,62.324675324675326,-1.92436974789916,-16.307692307692307,-0.6860465116278931,39.42553191489361,2.1799999999999997
2024-03-23,1452.5138888888887,-2.422535211267606,26.815789473684205,92.83636363636364,6.453125,96.54545454545456,-0.46376811594204526,25.76923076923076,-4.0,-0.566037735849056,98.54999999999995,34.19230769230769,6.511627906976743,11.333333333333314,11.69047619047619,35.38297872340425,107.40322580645159,11.719999999999999,38.19999999999999,11.517241379310342,104.8222222222222,61.65753424657535,13.424999999999997,-38.925925925925924,17.125,70.19230769230768,14.96875,5.922077922077921,-4.648148148148152,6.902439024390244,2.525179856115109,9.910714285714285,42.870000000000005,-2.5714285714285694,1.0,14.126984126984155,77.39130434782606,51.36734693877551,-31.2542372881356,-4.944444444444457,9.286956521739128,25.200000000000003,-15.379310344827587,-13.823529411764724,161.38461538461536,-1.4259259259259256,33.103448275862064,4.220930232558139,17.61643835616438,34.888888888888886,-1.3157894736842053,7.5
2024-03-30,925.9464285714284,2.4672131147541005,-11.07692307692308,12.060810810810807,-3.1973684210526443,57.98181818181817,14.263157894736835,-11.461538461538467,-1.2210526315789458,-0.3829787234042552,-3.5862068965517437,15.117647058823536,2.938053097345133,-15.9578313253012,7.225806451612897,-31.223880597014926,8.441176470588232,3.5238095238095184,-7.599999999999994,-8.07692307692308,-21.61904761904762,-3.2931034482758577,-0.9883720930232549,10.909090909090878,19.15384615384616,9.714285714285694,-1.585365853658537,-6.1969696969696955,-3.9024390243902474,-15.28888888888889,17.55319148936171,11.6283185840708,2.4024390243902474,19.677966101694913,16.088235294117645,-8.47540983606558,-1.5636363636363626,8.625,10.730769230769226,71.04225352112678,0.5,14.78125,2.2250000000000014,33.7,41.666666666666686,0.27450980392156943,57.80582524271844,2.71875,35.17543859649123,-2.3805309734513145,-0.5581395348837219,-4.688888888888889
2024-04-06,1101.7799999999997,3.290909090909093,9.528571428571432,14.09375,18.651162790697683,61.47272727272727,28.130434782608702,-7.647058823529406,-6.221153846153847,-4.34351145038168,90.69444444444446,12.234042553191486,-2.632911392405063,-11.61363636363636,14.524999999999999,-2.967741935483872,10.25,30.148936170212764,11.090909090909093,13.75,-37.111999999999995,-13.5,-4.2564102564102555,27.235294117647072,24.30985915492957,42.086956521739154,-9.714285714285715,18.902439024390244,-4.709090909090904,7.800000000000001,-3.474576271186443,0.031645569620252445,38.0192307692308,4.435483870967744,-2.2739726027397253,-44.3617021276595,-11.326923076923094,37.0919540229885,15.5,7.742857142857133,-1.2946428571428577,25.35849056603773,-15.1358024691358,-18.24786324786325,92.10000000000002,5.134615384615383,-38.739999999999995,8.933333333333334,24.92857142857143,-3.4436090225564016,-7.350000000000001,5.479166666666666
2024-04-13,1127.2307692307695,0.6666666666666661,29.815789473684212,11.43333333333333,-4.226190476190482,16.613636363636402,-21.647887323943664,13.65306122448979,5.033333333333331,9.964285714285715,-32.22000000000003,0.0,-5.505882352941176,15.15789473684211,13.127167630057805,-21.25,58.55000000000001,24.49122807017544,27.66129032258064,11.0,12.882352941176492,30.186274509803923,4.33644859813084,47.738461538461536,49.19444444444446,24.98809523809524,28.147727272727266,-0.2631578947368425,5.958333333333336,-1.885416666666666,18.48571428571428,3.3469387755102034,61.66666666666663,30.491525423728817,17.945945945945937,-6.0,74.62962962962962,27.421052631578952,36.03703703703704,54.0625,1.2761904761904752,-20.956521739130437,10.75,27.953125,-10.666666666666686,9.39344262295082,52.69607843137254,-4.741935483870968,12.872340425531917,46.973684210526315,37.77777777777778,0.7826086956521738
2024-04-20,1189.5882352941176,4.186991869918699,3.280000000000001,24.14,11.028571428571425,87.47826086956519,28.333333333333336,1.191489361702125,1.447058823529412,-1.3720930232558137,80.37931034482762,12.142857142857146,8.41958041958042,14.21621621621621,7.6127167630057855,49.037499999999994,44.157894736842124,-11.86,24.30927835051547,10.666666666666664,17.85227272727272,8.752293577981654,3.6914285714285704,117.74509803921569,28.755319148936167,33.875,13.271186440677965,1.6190476190476186,30.43333333333333,0.5151515151515156,14.36190476190476,1.2531645569620231,24.188235294117646,11.52,-3.7719298245614006,152.58441558441558,83.12087912087912,16.392156862745097,0.32727272727272805,86.38461538461539,3.2857142857142865,31.35849056603773,-5.56451612903226,14.041666666666671,-25.921875,5.866666666666667,34.11904761904762,3.991596638655462,25.01075268817204,-2.71875,8.923076923076923,3.9387755102040813
2024-04-27,747.6363636363635,2.22093023255814,2.407894736842106,-32.225352112676056,-23.552447552447546,54.43396226415092,3.5471698113207566,-8.888888888888879,7.3815789473684195,4.366666666666666,-58.648648648648674,14.392857142857146,-6.506666666666667,17.233333333333327,1.6857142857142868,50.23684210526315,19.05128205128205,14.424999999999997,36.734177215189874,7.0,53.306451612903246,22.73913043478261,2.3383458646616546,54.493975903614455,24.352112676056336,38.32051282051282,5.846153846153847,5.1891891891891895,31.94736842105263,6.953271028037385,8.03448275862069,9.664516129032258,23.965517241379317,-6.699999999999999,8.814285714285717,90.93181818181819,47.811320754717,9.142857142857146,-6.419354838709676,38.08333333333334,5.2857142857142865,11.966666666666669,5.9787234042553195,25.5,-12.125,3.9047619047619033,43.292134831460686,5.77777777777778,15.05263157894737,11.992647058823529,-6.0,1.788732394366197
