date,Alabama,Alaska,Arizona,Arkansas,California,Colorado,Connecticut,Delaware,District of Columbia,Florida,Georgia,Hawaii,Idaho,Illinois,Indiana,Iowa,Kansas,Kentucky,Louisiana,Maine,Maryland,Massachusetts,Michigan,Minnesota,Mississippi,Missouri,Montana,Nebraska,Nevada,New Hampshire,New Jersey,New Mexico,New York,North Carolina,North Dakota,Ohio,Oklahoma,Oregon,Pennsylvania,Rhode Island,South Carolina,South Dakota,Tennessee,Texas,US,Utah,Vermont,Virginia,Washington,West Virginia,Wisconsin,Wyoming
2022-10-22,-101.9074860963475,-2.02661417490952,-16.70197756848717,-30.8272500012242,-57.4599246965697,-5.633160346613909,-13.07217307494316,3.1318194581499297,-4.019230769230769,-9.604934887197999,-74.3819330095492,0.13996572605412982,4.49455007884726,-21.0881545691453,-34.3276962458228,-3.3036713505275,-10.05964833103829,-7.64691759736158,-66.3411890471859,3.03960189957786,-31.858524527390898,-6.80346926561776,-9.05902195047261,-15.25554105290894,-53.7165400305027,-5.5347076252642005,2.85051651425806,-3.1744079775022005,4.381428227348,-1.708554310318437,-19.738170576785002,-9.999842127159202,-14.797819033293099,-53.4247154185431,2.59892506194081,-10.1306106121584,-22.42436881309838,-6.188813678973035,-44.2163594581691,-1.588702553799152,-53.9886405011318,-6.3190699012574,-55.4882161155594,-316.146948750257,-1369.138670492874,1.6704788098391097,-1.0468504681872262,-47.1720334483077,-7.0174591297004,-10.404488652397639,-7.05118769912948,-0.2486924490753799
2022-10-29,-199.6429325187848,-10.998171370681424,-27.28127349436665,-50.3984556990736,-114.9959393533933,-15.2139647247704,-36.32509626435759,0.040532552286170365,-11.0,-113.647239251151,-113.310756278626,-3.24352040046672,4.24009547867339,-81.6456365815385,-63.2645550530474,-10.951277128791439,-14.92334325580756,-53.711856683591904,-134.7086173223935,0.1178912196495201,-88.486520016188,-11.32944040693786,-45.33438080780384,-35.71953871322737,-100.7535482315579,-30.6769005685191,0.6869170147959398,-1.8422903067116998,7.052018504515001,-1.38687264488138,-44.945753694035204,-35.0208970531922,-69.3902548013731,-156.8058555546182,3.5993000002409197,-78.8663481827025,-43.1968995809113,-3.8935374289842697,-107.4602588154888,0.24057088746596,-132.703989625162,-1.8686643370022002,-86.35086289018369,-481.427858972143,-2949.32299460765,-3.591144368118229,-1.0377634652165038,-132.26891116759668,-18.509496235703,-46.92915826551062,-11.644545327206739,-1.91750255005531
2022-11-05,-268.2919618544292,-14.932361738532471,-83.3330789527572,-99.63897109292111,-311.112812432351,-13.275096896248701,-33.50561015813596,-5.81248246453396,-31.95192307692308,-148.585778553867,-128.05624086882142,-3.5012296999425,-10.90381989463069,-131.7336585553979,-96.2254683128505,-11.81280263368063,-26.90582368872009,-111.3772870794983,-120.6521116645761,-0.2829621860385898,-132.118609949153,-23.09393987427137,-51.29355466867037,-77.18860308221001,-202.8755720886522,-45.9126393634239,-0.9481588925905999,-20.262057406368,-10.355676309494498,-3.496556505982178,-136.4826391139566,-70.1243959144236,-150.23225181032439,-234.9708979430447,1.6487720130948302,-152.8068071439587,-24.7886149289791,-29.11325013476455,-156.5088825836052,-2.319411512994289,-208.3514629942846,-1.4231952069169704,-188.621631221599,-615.244185192155,-4709.13814593379,3.8523200585551702,-0.0297127615299193,-252.1466180183834,-25.0239018519214,-76.1071119108685,-29.23501494835779,-5.60822672478687
2022-11-12,-170.260367719772,-11.14060521751584,-134.9854078223422,-151.989165779784,-700.608703728592,-24.135520101459,-32.378128962138604,-8.417007007353,-42.83653846153846,-223.08812169364,-126.047017861541,-16.77021623210961,-5.90326992659137,-214.1513588527103,-78.85508926221189,-11.27801206204384,-33.166714691046096,-190.4107028884912,-62.628487809593,-4.40252663269894,-169.93128104352598,-19.5740672581206,-66.8315842239534,-149.6651549092318,-160.8918502194985,-72.8525936813621,-5.39693185715597,-11.9341672292484,-58.8838825872771,-3.175398290341009,-250.05752622117,-120.8939681416986,-210.47680691265708,-243.167547920873,-1.0923633847911498,-203.0488693380189,-36.7682374416651,-47.34711488640572,-236.362815873381,-5.629746021792912,-180.7834361662363,-5.35091642964631,-256.5074849423123,-594.360932693238,-5889.61648443282,0.8616894052912993,-0.7317168885031711,-238.769286709904,-65.3807293332527,-101.692321112068,-40.54130554730959,-8.25266699506761
2022-11-19,105.86973012034599,-32.54905441560269,-289.846290513272,-136.7585896471943,-1213.487950427607,-65.357130825557,-72.9217079750101,-47.79784617951129,-35.519230769230774,-241.04821873406797,-62.033352895706,-10.37106063576801,-48.64029976912544,-312.9672524749936,-158.9592414921369,-26.4780370375736,-45.2083811691795,-221.2086368231569,-42.148903811070994,-10.06764969830933,-131.2781124842768,-46.699694823875404,-131.1242385346887,-209.499400248855,-103.334636435232,-140.6397689143105,-6.20357816823964,-12.8232219318384,-116.44403773635119,-8.380221699809915,-228.7138560064567,-123.0283441759108,-375.9723977354,-190.162010059919,-2.85602881775967,-211.358846767469,-115.1237423250096,-95.8557632835623,-250.682776273758,-1.97539776825494,-69.965722546222,-16.09234160632999,-195.675448664284,-418.65764153232897,-6835.924145247271,4.3356620121251,-2.12855203395204,-80.551049583625,-213.9170951600638,-93.61603522338541,-79.30269517302736,-39.54228527422351
2022-11-26,78.05534844856197,-61.62819023887703,-507.6070669572665,-267.47587062474804,-2115.268492774197,-91.9926504088445,-138.2991591898246,-33.21270380006433,-15.0833789780012,-332.272833595362,-32.57839359064599,-4.44016435405418,-132.56649397433088,-707.773214524724,-370.3400667643154,-92.163423817052,-128.1740734933006,-383.099610566548,-82.87625088731599,-26.11486906873023,-163.145576576377,-159.2387247413857,-231.14543493279768,-318.4712357756198,-74.23299320561799,-422.0362349129931,-34.63134257080648,-40.4030132345438,-198.1251941080461,-7.6930801733082905,-351.274023803285,-101.4639564064667,-598.222009177455,-163.987393817983,-11.2417789567563,-398.1844699244,-312.293297804903,-331.7497157534598,-465.345301640224,-11.50712971368476,8.815687910704014,-49.32455627671483,-258.85091789818796,-851.439172073525,-11810.5239481551,-15.3914393467337,-12.905216737026041,-104.298864563873,-492.8000154338249,-98.2428635001873,-219.0866512222048,-33.72792795538414
2022-12-03,-129.830233576071,-39.7692233969344,-645.497267405236,-275.387815917686,-2049.9348608954497,-73.9752779246006,-347.9554964200672,-78.85991385594423,-41.690879065644395,-441.505492175492,-94.39274160663601,-0.45050489098689006,-179.7044172259952,-892.858354565725,-715.029138180691,-192.2329635574359,-265.171460490431,-591.7079262131319,-153.569693568838,-89.5411704167037,-231.750959883495,-354.648422369299,-371.5196266080978,-292.64085055261603,-37.876201414744,-748.96259011708,-56.7925559765267,-81.353932038526,-348.0239386973656,-31.214031230883272,-638.643745014934,-231.307855385052,-1006.61626289166,-328.596031617451,-42.4827219880242,-725.826108818319,-714.6218096936922,-466.7055116993334,-973.6415423986609,-19.3511735023933,-30.61799097082499,-62.973954038543596,-428.951762919248,-1155.54178823081,-17540.33271799485,-21.057074430582,-30.504522238319463,-235.28539240475698,-615.953548144772,-195.432958309633,-422.84963449909253,-74.05141790222089
2022-12-10,-25.121971894517003,-43.3226062668926,-345.251892713493,-51.78987291385903,421.48676241838984,-110.499377284728,-259.604748036567,-19.8774571599443,11.155128757337899,-119.60834637707103,19.528272863772997,-4.15135794162406,-172.1866966533742,-599.267703833312,-689.922731264763,-196.76479015337338,-208.2773635487405,-234.98168476790198,-111.191783091442,-98.6988652758939,-62.113807447216004,-447.226847547712,-419.876944660309,-31.585846510544002,75.29674016100901,-687.475681608666,-85.69189025117831,-91.04595756103029,-266.931851932892,-66.11370926627146,-338.268644911333,-251.810689104365,-920.608301807129,-36.254947684711,-40.148796408638404,-576.6163790641269,-728.560171672429,-545.404673744315,-647.112371684682,-48.43018301903424,45.31976026571601,-73.1969998299173,-130.187666562539,-365.7171299521699,-10311.0992888928,-40.5407620329478,-41.09332347270263,-38.50454869399101,-400.124872001716,-71.89782553767901,-408.4495914183087,-38.8403807143418
2022-12-17,110.83200583444898,-16.251158027670797,231.82675185437802,229.60393202876003,2052.38431971995,-103.24770825866,-219.08081098053,-16.04102305628815,47.561135369819695,19.782006411658017,101.257293290463,-5.4269219738503,-110.08061494293699,464.30016814491,-113.44752730835398,-253.4529172856127,-41.31951430234599,546.763428221883,95.76368202048499,-149.8219370632668,111.33342832854402,-385.224798707519,-551.547730953816,214.062313395552,114.846540887851,-369.789813144842,-70.1832604625341,-118.2688844564492,60.137117430226,-74.35232170787835,235.11594064693998,-117.741857540961,-477.53523815527,185.15385533268199,-65.4962128209871,-134.44312141369699,-294.684007228879,-95.38057531888296,49.45697827166009,-28.8177494442064,77.1005711277,-73.112782830069,379.18332270809697,469.88766547503997,3480.656477652101,-14.466962359893401,-46.65416246932982,126.25208532642199,25.975648163181972,85.51655898302198,-175.88454549212298,-28.5581397333377
2022-12-24,63.640727693580004,10.252255265440503,244.90687206803898,136.78040256775301,689.5397525551398,-146.763020622413,52.59604785363803,-18.5004223968042,16.1456466400984,-269.664820894641,64.24668620037599,-19.828099925382332,-47.481374638994,297.29943478468397,225.41460406175997,-122.97238356353199,-3.3191146668540057,378.011326426554,104.31078831475799,-118.1982433237217,101.07913697724399,-238.602508769912,-519.62762325789,190.679002773052,112.82717641873899,153.26034818898995,6.365825878100694,-62.026041384556606,98.37585868365602,-101.0461701627708,371.48726842597,39.46354884648298,128.82781388083004,103.04504895285999,-37.9344985075056,157.41129644224202,114.548896317978,341.788936679127,98.62833564984999,-39.8144647756734,60.941986923258014,-28.962581437150902,240.91539473970698,583.17791884096,5153.254383268901,-25.1092800923986,-24.216783745235198,106.83083598372298,275.561702983464,83.142513520802,-33.633694422687995,-28.9819590263697
2022-12-31,16.740761102536,3.0062436314291006,-64.44013371300503,79.23548685052202,-5.338421391049906,-87.78114034603101,135.68252489173,-33.33256058180221,-0.09853624451950083,-492.46976128614597,0.8673548460139955,-24.52623260750494,35.23575908654698,265.67795260944297,65.91510243596201,15.205848174641972,-2.9905316738430088,174.85924775825703,22.54166112629099,-12.676193433428011,71.87553012981698,-78.92255281584903,-191.946189987637,77.18144227388501,27.02782742275801,112.53331026615501,-3.5840031696512966,-10.479111617255995,56.410049601379,-95.00917801730421,227.17180010859204,67.28343944934699,596.44699832522,39.255508922080026,-39.9573096580708,324.07248143793004,52.39477197720805,404.14143416174295,63.24562321697999,-20.3131690669736,-7.9968876940440055,18.839992758584202,-24.11252333981699,233.0946255476199,4592.948723012501,-43.062897551461,-22.4177696527495,43.58141400560203,366.652032127588,13.073288485858,8.531791967337995,-28.4833918708266
2023-01-07,12.883551073831,8.251951912666897,137.92511226195597,32.212422700454994,570.88539626037,126.34729017825401,96.259618718208,-38.31925293770762,5.435369571414899,-449.751941309445,-13.527189293072013,2.080472758136599,104.50762958964401,142.342399668432,311.451497890111,127.46528053950999,57.41676399067799,203.651711470784,-1.303439160466013,102.522209517922,96.236257559459,285.673985981039,592.19887071208,54.32684783897,-14.3053744612167,138.52334870314905,-0.2999128953441996,26.082237020446996,66.98932328179,-16.438888943544,245.96475890084196,210.958797082312,781.20753743979,73.39905571963999,-27.899947108825202,412.051544603347,169.20010414786998,303.776856384526,260.84870931307,10.2744510170578,-29.867975877134,7.117421589016004,103.46838843696099,18.39445046446008,7337.627083666601,-19.782395834053197,16.238446909343295,32.72683654627099,211.112333363098,8.662599768169997,131.107759570494,-3.433075495109101
2023-01-14,17.856198780818005,29.781515824828503,407.925183559537,56.41654759596199,886.6107016727401,191.088261728816,180.682678202435,-2.337099795820601,18.5967991530252,371.69496445964,67.11969677547,6.6383870743991,163.86696956567,298.324578199278,414.15380216939,233.021105884824,109.501722645929,127.974426154491,79.55639529955101,157.786426974307,105.448969992251,494.67329574958603,1000.11647121996,114.371758938894,23.395364159055305,362.820169946746,25.292866462350005,67.124969117224,117.086164090256,87.990899082899,312.32024672899,264.731948138388,809.2956922369899,130.692383175739,-5.352562495403497,516.280478042214,449.11535649381506,195.245478707723,615.61692400119,40.6583080031004,49.862889951661,49.5899231513158,129.390448206459,371.74718353285994,12180.702346687998,36.9723410896708,73.2436270638898,100.95038908922001,166.39929935897197,94.97888779067799,305.875700470199,15.3747330457645
2023-01-21,36.561441704895,23.2825855242086,278.482285580067,58.308804671882,652.334288130023,159.211037021141,139.680816544629,7.550337741804199,9.651600649633199,668.1357375043201,96.48116198062499,13.3370238816198,73.344000541898,256.702832242712,259.91821154495,166.713336143764,85.530493133648,56.3529597555425,75.84317810210001,118.15947444449199,68.240377589572,302.708261539147,746.658995247071,73.057730347099,14.537945107787607,234.375757820675,40.0506835399319,45.980652651778,77.2719149720652,86.497109879133,228.44807298401798,189.599048621275,423.23047679333604,140.705301922755,17.618464509789398,275.032791300875,323.160288358934,3.055361861936497,550.78552316612,25.062258353458503,68.930848723749,61.9361799409952,101.67174071787699,498.224037113952,9469.1809783391,38.5871490062916,51.7760109580772,97.816661097283,100.701187926783,104.723293591349,208.85459528246201,12.581659239615401
2023-01-28,35.8055401682534,13.0271543884333,57.22663015081601,35.3762180692207,255.73399587436597,66.4124714382612,48.90589945636469,4.3706073257827995,0.3869118733428003,393.24077320065,68.054349156585,3.207509776009701,-34.9164739624836,-10.053549413595803,53.856822951059996,-10.296951002642203,33.6876640396634,-24.451843893388713,67.290719358623,-0.5422233987459997,43.877694798965706,-22.4642781747908,37.992909048548995,46.558193642305,8.265958067659703,5.689253441744299,36.1367416762103,45.231347256949505,31.1742091890141,49.5002007015937,71.37185976993601,-6.5623574847446005,-23.682365906975008,79.47622418497,10.259381284222897,-69.90668482508276,71.92932553305599,-36.7331262592282,208.41636404330802,14.101889267896901,39.4261738574433,22.2885650347539,58.63572450087899,282.70678729716496,3473.3989326442297,40.6719394815635,7.8676398617761,46.3785472931,28.331780118202403,20.027047236073003,35.29393642054001,13.4787358076828
2023-02-04,10.174228526951303,7.082433528712199,0.4852075878665971,11.79071980007,66.85351596073599,-20.4485962042739,6.3972614832659005,-4.37661022557843,-3.60599558552273,231.62636914648795,16.218702198629998,1.7536202342103504,-16.9206584413464,-33.64157289745941,-13.7922613948172,-40.8246854781894,17.2751325245627,-20.55351317360591,56.619719529375104,-16.41095982752056,-20.5509118799385,-133.38047474206428,-119.8862840106856,32.3150706529903,5.648889610072899,-56.78361687016911,14.5367387786334,39.6338894962642,9.1929853848313,15.198192681783699,3.673790572877003,-25.81955356097,-198.7886008593951,6.112802367451501,7.184702184633899,-145.08638939487048,-6.8392196069283955,-3.08186133985863,12.53017683595499,13.715311203681502,14.724207289889897,8.754897985944101,17.8143701742052,93.86986969471002,-95.83997347161994,30.558184819793603,2.54949169603879,5.9917278259391935,-10.669995556147398,-21.044841511681682,17.3230902746281,7.2918386549903005
2023-02-11,-0.9392617713510987,6.0817907775841,-57.90161354079442,-33.70079508563683,-46.0764297068559,-26.437476853792724,-3.4634904047688,6.524311223224171,-2.9006281002232,99.62007224569697,-4.420781434258501,-0.19824545467231935,-33.0642247327552,-42.6254520676336,-25.3503959114188,-9.470573453041979,2.9369113029448,-28.863383507098167,7.6759970239617985,-16.743958724145102,-48.25159292302825,-136.7527266036236,-145.1255664805135,29.2088105569891,-5.8960707713185005,-77.1300591186513,7.53404056059755,17.0541857592594,-10.16008215152749,2.4642462734425,-24.71748162321833,-43.4625267033048,-144.3905242153634,-50.01081679356665,-5.324673517284401,-136.8117731656005,-16.728873700141897,30.6651854145981,-151.1402355131728,13.982853426383,-13.482299062008103,11.838426558654898,-12.6400125456901,-74.550976827896,-2140.332465984844,14.863484863900698,-0.543758747194999,-29.791606252701698,-6.907522657165401,-43.5372405186737,-26.88037281610459,5.32283592013723
2023-02-18,-20.75963817887305,4.40372355556694,-11.0125590677175,-41.0811440694996,-94.1352456385104,-17.817719411743084,-12.9170688090525,7.20062618382042,-1.6633915532533101,51.665105341393996,-6.4751822062006,5.02270265650883,-29.4159377357771,-49.3290970510686,3.064927942076203,-3.6812149854152203,-3.108377789917632,-25.52904810128035,7.049473750432902,3.72626882473421,-29.46899475220619,-30.15344914429927,-73.0847542167123,20.4241756573092,-22.83287512870527,-64.92758634571331,2.0852385274651706,-0.005305537094359991,-26.0572530388161,1.7401928440534897,-75.7081805569608,-53.7037586096333,-63.0742403454421,-56.2320452758383,-7.45255427396454,-78.4106826459854,51.6457960409096,41.4729103762282,-206.86676439703825,8.3278873664408,-19.1496438062038,4.151714380258198,-49.905695816445316,-182.14081447389,-1987.7029760551745,9.4548043334374,0.27442109582112995,-42.5073825069664,4.049773817421901,-38.9940646872369,-19.65862209755028,0.7426866122964699
2023-02-25,-31.381315267970585,0.4112127417593303,9.104287727220203,-37.91654158001638,-45.2744057441647,-10.39337119072649,-11.90692275361603,7.62254917725077,-3.151104558882416,17.451765594737992,3.8886695033221983,3.2040830207164905,-13.3622624675005,-49.207480504384,26.5455919945111,7.0080480453909,-10.53820556408812,7.4647295043168,5.8856244356366005,8.78383765894917,-20.69429326056748,49.255154215370496,-43.5668223875624,17.0222357710551,-28.22625408775292,-36.677546836826785,1.90841784207152,-5.14006484755784,-17.5304567613212,10.3426890855003,-52.6098317778372,-39.6273626869785,22.824522154565898,-27.85715262836832,-6.369166349885139,15.1134273322863,51.2068039673174,19.1408488305276,-153.8196526200676,6.38051861609091,-13.1528917823636,12.3662677330748,-51.31785410898601,-170.3584395572017,-703.660346117499,9.4418104943547,2.2520907336005003,-37.1783931696688,-9.3659236368321,-41.724926799683104,11.855209887325898,0.838555750866485
2023-03-04,-20.63864539436917,2.95320077527479,-15.101379856923401,-39.58938046689115,-122.6471385726978,-11.174136346434551,-0.4735159879172901,2.09532740015288,-2.57830181433921,31.96599848482299,9.547658099789402,5.98219804987612,3.52546094247624,-14.94734183103839,8.470393500359997,5.470472634756799,-7.13145607002592,0.5585161318572993,-9.9118953484925,4.797642348051131,-7.38026681775212,41.1823734861469,-36.5182588732349,19.5472846564193,-22.2887174384985,-16.4258462526564,0.6957353827796098,2.6988696009846898,-17.6423134446959,10.5117813506404,-5.8968295970848,-8.90000619118387,23.9438549095305,-20.4345807748191,-4.098313567999871,47.688702764193096,67.2782473505215,-0.3599752540469501,-73.6318526732865,6.23074358314699,1.529681874752601,11.4117124029368,-32.44878415005512,-90.4919774930205,629.7819360087001,9.2589490287498,5.2972858934561,-16.0168551174877,-56.2617958030437,-17.754332591732258,27.452391412482598,-1.8830442507347889
2023-03-11,-17.78047892574367,1.9598422673579199,-32.4589666386845,-26.5734845959767,-102.3628814458452,5.9604171909284,-3.8283713515334004,5.80489551117999,-1.579024930185356,46.797149731454,6.622780858855201,3.3337621344558697,-8.68927805986484,2.681434681022999,16.086117799425402,-13.29190025809312,-3.59175600932564,-18.88000812027903,-12.63543204941617,2.33011889973277,-7.169180839680109,-7.3889637594999,-52.2288429098419,16.7620898609646,-10.336308904745199,-9.8598239401643,4.60819007359302,0.8123484638588003,-29.1463093305543,6.6759298247591,15.246110087677998,12.443879703645901,-29.2358280251556,-4.687989814366301,-2.74764709016496,1.9677408465770014,30.799780360799602,-12.829985836230211,-54.692893812947005,5.52587612436128,1.019804861238299,-3.9294218552050992,-8.5627001911168,-52.825713346862,677.3189977061902,6.1466605638178,0.9755178550166104,14.7016289035572,-52.09158946998061,-3.040265492056543,18.9454837035452,-4.14853643167375
2023-03-18,-26.75853880853055,4.46885634639721,-71.10805375921049,-12.87470179022514,-232.385191184214,10.801232314522501,1.8182777486938004,6.8709383471901,-2.422932885288082,-11.879352388285014,-0.7593817647415975,1.9652150350209796,-20.389198548096502,-4.95712463766713,-5.358522399565299,-19.791121643893398,-8.931830574037841,-41.8076426477204,-12.06391625567279,-4.674788122839391,-10.487074283810879,-42.7057686912766,-57.8052935254953,20.1797863646202,7.8364887171031015,-11.3863745168577,6.765966785182259,2.7328610873742,-43.5924963131319,-0.9548746035872,5.2210974999322985,17.3101736769577,-67.38111632494407,11.590270909696002,-9.69184107248984,-34.772516731277456,-15.5453017831635,-22.536144094243,-25.703247231766994,3.6497140774465002,3.0915370819726995,-4.4029282554849,-4.4401606594745004,-49.409143813851,137.33016112435007,9.3704316694945,1.8040350958791702,0.8451970214248021,-14.1173600473422,-6.37567909497841,16.9405825188307,-4.91872835046542
2023-03-25,-23.81876902446693,3.28873203662216,-88.5332785065927,-18.740058736247686,-303.632155787356,12.4770463264034,-0.3730177850698997,5.24038461538461,-8.44379235650355,58.045484383369,-12.3686341766169,4.60581233808942,-15.3997191697435,-45.6766107032853,-20.05405244756567,-15.04109468955131,-5.04033052137045,-33.3825087410935,-15.53169094413027,-3.8220015442823,-19.85472271323392,-37.8410012597189,-72.1980277120675,26.5026777032708,14.9991139980342,-34.15962228162644,5.0315362645803,7.836238022331099,-53.4690447069584,1.1552940619158,-38.27016318934506,7.6118284268419,-67.33214572253996,12.060725662920603,0.890338287388062,-52.8419475805053,-45.563432359826095,-14.5048030247595,-22.13464344145501,1.3505005411741,-2.3411811384966015,-3.7924984524645,-22.81949257564376,-10.246306482902995,-443.384762107729,10.3956746538643,0.5904657355563696,-0.5966754672565031,-24.120492001649,-20.911270253509308,4.9820093171368,-1.97147091592146
2023-04-01,-24.93054835617778,4.49687859449829,-69.3330372688786,-36.69242546759054,-352.558228130186,18.3731487129169,-10.24547385521088,4.26015565121026,-9.121929984312198,64.85058232499799,-2.7633791457031975,-1.9415008735721004,-13.4548852136334,-60.5413832203529,-44.91750265454003,-12.99162034012261,-7.26357114838282,-28.254554576626298,-18.130808459492847,-2.1049257146039997,-12.174711913186,-20.56790576318417,-70.99311841447721,21.2604579952888,0.31729245332860145,-40.1081111830878,2.52551393163468,4.408858969932,-50.1065403285828,3.6774175471150006,-50.6805697303203,-11.78079579995349,-46.6420756770319,15.8493184842632,3.19467707804523,-66.7470687018,-15.643944483302999,-11.86191311852722,-4.676656507873005,3.28567887841216,-4.2769752167225,7.925595428788501,-43.30207820905117,-29.147575419595995,-1007.262116039636,9.3951932012724,2.0965471131034,0.9610167424032028,-55.0872257001945,-14.11226754244918,-4.847238526215098,-3.10104964105568
2023-04-08,-13.89375946839096,3.6425234713191896,-103.0973578634513,-28.691258659170302,-421.56633430828,16.5285334092943,-26.72480649382237,6.90957567865213,0.7322093801914198,31.83579054989201,9.037208289576498,0.9795403843011998,-17.937784090222998,-49.759059437778504,-34.7854842663305,-6.49458759773667,-2.80048936260505,-43.5289535124109,-8.77836682458245,-4.78935438816119,-10.70173935062305,-31.9311040243856,-87.50270431357251,15.1155565545473,-16.43367166453157,-28.82388395501979,1.96543929746752,5.6946364172044195,-49.1157951920878,7.271796075188,-50.4723057839782,-20.26463222992,-39.2856378995496,-3.9694915882838018,-6.9660323515230775,-68.7291322978001,-22.44645206595392,-23.9959663756662,4.946530889722695,3.26724700953283,-5.003267936843098,10.3460297976251,-28.44590310225555,-55.382609425790704,-1408.799541770095,5.399445750840901,2.38112273160899,-9.9444252308028,-58.0775571266795,-10.66883953030562,-9.729376899237216,-3.99205918428658
2023-04-15,-9.18101683115125,2.02652056152188,-120.7388424300582,-26.66254287003501,-327.82257662625,1.7870059672750003,-19.30981972957707,6.32955335286204,13.852715994435702,83.45158820589,32.6128147190075,3.57625624220628,-14.6513364780799,-72.7610315930105,-20.78242606609269,-14.60259039663435,-4.55968466621833,-45.5606446660846,-1.5878484925479004,0.202910733384114,-21.11769189191847,-60.3195661695433,-78.1524730100194,16.3500771082865,-10.52865117840309,-19.66078988091704,-0.881441784865684,-0.6889019435505999,-54.4033015045222,12.6142963316437,-69.6038479767811,-35.1799850764033,-27.5446942681536,-6.8784665472747015,-7.78810464340898,-85.63252138559301,-7.468082801142399,-25.841964392848,-54.8757395445939,1.59150163705347,-0.1853792621128001,16.5056478047214,-19.79183944207873,-60.3226233602101,-1456.353628784651,7.5998887577855,-1.499989848917675,10.342199038654002,-55.1451765921571,-17.8343582418476,-24.4307430069282,-3.832552071021393
2023-04-22,-16.133794854748402,3.4528722633508098,-101.3656726322358,-23.349704347792,-311.149980169205,9.9712518416111,-16.37973911836236,6.88461538461539,9.9578450405562,75.513520866937,13.702763813170698,2.45695781606696,-12.76607591746603,-80.3186307575816,-40.0400828787296,-14.3709292336003,-1.696688672605648,-46.3773261169849,-11.2954418670557,-7.19449770985786,-19.02196031241596,-78.016548818232,-54.966298007096,21.5820001625442,-22.3503744282185,-25.418429451506462,-6.03810879715134,-8.51844344662941,-47.8442780033423,9.4812497987151,-62.9885792246579,-51.1278054203747,-27.0448870300228,14.819192207743601,-4.24793290509497,-98.7291794154112,10.146933508844999,-25.9254635293083,-127.7323927676847,1.1970650596754102,6.103900971702501,15.3449911400153,-33.5120241125596,-66.1310233445211,-1380.341692868956,3.456937581122199,-1.11339043443226,0.7769135361001034,-42.8121894579229,-20.2468886130798,-20.5565665106866,-0.934781575796867
2023-04-29,-9.03431232014035,4.50652013749078,-119.699749159865,-30.4095012069181,-194.990809044281,17.0059375878294,-31.8972001845503,5.68852301637312,22.7776647431117,70.91631930669001,5.0975223415032005,3.17032088032333,-20.5166674194339,-78.0927417031902,-59.9971434673711,-25.9457182381385,-3.55522712857736,-45.5164942724649,-6.6680428398928004,-8.47032249534971,-19.968169866776392,-80.319811748233,-67.3459022317225,13.726964720812699,-8.15983077159963,-46.627575444761,-4.8223813273563,-6.59561560664826,-45.5149736976372,2.43486580859007,-37.647611180326905,-51.0907843101194,-33.50633416112678,18.4143232966414,-5.115519735980994,-100.0061971700954,2.8937847035390014,-36.1266150038254,-154.65751186104052,1.1872075197953902,0.4384755151615991,5.58173689057999,-30.6146732738823,-92.4257012508346,-1265.1761519331,8.39078946304067,-2.010701472584067,0.22477618903830177,-23.24754525929854,-21.3080495277295,-17.8777602323113,-0.9823336119075396
2023-05-06,2.0872291774675302,-0.9635367032966,-143.232006452762,-36.3878746269875,-32.3315648804783,17.0184487925032,-48.6073581322041,5.52172807107527,21.0322431276617,97.107952337359,14.24447378731,3.47682737904928,-19.5598329751452,-97.8905106301502,-64.4617320663814,-24.5221429987606,-8.40021955824821,-49.5954031652083,6.0054349241865985,-9.06948320978762,-28.305026112728598,-74.2381986933053,-112.3234066694823,-3.054814148174801,5.1531511192481005,-55.8359799012612,-3.09073140737785,-1.75516905753429,-47.6288855435212,0.5301894162446401,-60.9324417512338,-46.9712796888996,-92.0038654805238,12.5140608869591,-7.125420848485655,-94.0430587071081,22.352967687878703,-41.8397205404027,-114.9657167210739,2.29582992318271,7.452400885860101,-4.59696567816823,-29.54867878074071,-114.47767717670261,-1296.463214533425,3.4318700192944,0.144254839157692,-18.583765423367197,-18.39626021801425,-24.6070833971463,-29.2295577420464,-1.879990597305892
2023-05-13,-10.23939531813185,3.0094021362486103,-172.446128872094,-38.8659245388299,87.719145347564,8.9754832354912,-55.0333135498064,5.79807692307692,19.7023099458778,89.19794211445199,-5.4429489488504,2.72888104545574,-19.4332594509296,-120.4815823690636,-58.2937639490669,-14.62186291615053,-9.3315991298822,-80.5869979669815,-4.2004605466445,-16.177710232768398,-21.7529993794519,-66.7088441068024,-113.2503015616287,-0.5730250173266,-4.3078434841404984,-46.2539854514426,-4.49097233538189,-2.11041408919445,-30.5702395205289,3.10779752606204,-84.3800179622171,-33.6158190305945,-129.7030426105532,7.9447797399704,-1.23971340149803,-86.0944647447619,-11.582742778039961,-45.0773700664906,-137.0476067100265,-1.69881968208063,4.48965784912,-7.999640234210412,-20.9445108787421,-108.87981292667226,-1296.0943231383471,-1.3117901063512898,1.61112546724684,-15.3257952473028,-13.72697349834805,-29.3984890009154,-40.293320793868,-0.41084272248893505
2023-05-20,-12.74786335120967,5.62625753277291,-149.95633339336132,-38.5357119871847,282.719131693911,-3.7680997619625103,-62.4638840437524,5.78777583248987,18.4139724367975,100.649844777201,8.748106132540599,0.5165861481099201,-11.0236460083758,-109.0344134608387,-69.0250318744855,-10.0943654755159,-15.3857713529998,-69.70461491958551,-6.5169198771559,-24.5698811534333,-5.1652157639223,-63.6472242870537,-119.65939968394,7.5392725795017,-2.2445511667319984,-45.715238645427505,-8.556884589344069,-1.064296552892415,0.83195090395049,4.99358420425512,-76.14175325608281,-15.5273178686977,-135.0705962734144,18.3628280124512,-2.5166347494602297,-79.6033162119452,-60.5362904124972,-48.9171586992198,-157.439952823455,1.9631747994776,3.080424947664099,-3.476077632890943,-9.689983438482809,-96.72572597542481,-1078.018086638076,1.1442572263665598,-0.83206496760174,4.402187268311103,-10.12014739000863,-34.2961488013796,-38.8770139433251,0.10044701769308007
2023-05-27,-9.09236923565391,5.1019659206479,-96.0762030576192,-44.8757967506915,399.699355205782,-8.27656599072516,-68.24907491617671,4.91102617740152,11.978670862052699,136.994628737688,5.128732625046901,3.37351314933204,-7.11237810003311,-99.1711625448945,-90.0558997386252,-6.90346618696699,-18.102129415898602,-66.6086479780069,3.5782032309552996,-24.9897827318185,2.796351681916679,-55.6911480421332,-142.88930403404498,4.43522147786615,4.2422961073040995,-38.291958386715805,-10.1142072701369,-3.59012781897098,23.9271028466406,-1.08559586636544,-66.6455003236004,0.84211421110132,-155.90321513510838,24.329627433502,-2.9193896105592367,-77.33700249486179,-61.9821531201672,-45.4573736393402,-147.6368887522171,-0.024198499341339996,8.5221942129827,-1.53610680697982,-36.35984407404628,-97.8995994779599,-821.84335790032,0.9609752288803897,1.16801763751652,-13.308375820616298,-8.50269858608523,-29.1722493066077,-49.0859332579508,1.18036113964238
2023-06-03,-20.37280815277534,4.57052296389439,5.523925672948707,-37.3260403030028,392.875421899727,-3.69130850719975,-41.2372410104489,2.95848579864304,8.303876960916,192.628232284915,-8.437042162678999,-0.4587465409630198,-14.8113163558149,-78.3401631307282,-91.4291480003439,-4.164215508593,-20.3892388067315,-49.7324578339251,1.3940700538131008,-28.3426354884318,2.3366435310766,-66.1166810301691,-168.020820142875,0.41479621827275004,12.1212002205007,-44.4910321306454,-5.73517646027763,-0.44406064902410014,37.4893548273254,-2.26399107299311,-58.223749713551,24.3416604271463,-156.841656507449,2.5690460420063985,-1.5866354662270101,-71.311689628235,-56.542975171276,-27.1851188296661,-148.32786292601048,1.7727914194993302,-2.063602453907901,-4.580982657658466,-27.17203287009528,-107.1004742873834,-509.027460882738,5.72167272355455,2.02582149096908,-0.04579209277780194,-3.1985151598215005,-15.8421449927566,-58.5078233094938,0.48088374207445006
2023-06-10,-6.41625183175186,5.10718181434273,82.823201054978,-24.7938523470736,308.494221863765,8.5925809394801,-35.737185749622,6.75961538461538,15.755454804578498,197.068246139017,-16.465938403760603,-2.65067449150361,-12.6303419253849,-34.449936928866904,-85.6882743485488,-4.739836657157248,-24.3873322508048,-53.0837386099911,-1.950729323628,-32.5925447758896,9.014753177452,-96.8948063180311,-160.960804769916,-1.02755000373218,-1.6488422941968999,-64.5026370049352,-5.01997117047658,3.70212937872064,34.8771493869315,-2.78482413048678,-18.23010191274587,51.5590691055728,-140.487013475747,-3.72633695931256,-4.55238127655652,-53.3331273849278,-60.3079875368645,-4.38716504410573,-117.7692373743821,1.3865716238151502,-3.2053671888197997,-2.739135682370209,-22.89275228548705,-104.928493847301,-120.97127399916099,6.21988691593108,0.917250128356705,20.468606243189498,-5.962486981591201,-11.47743361711036,-61.7471710482866,0.75576775690567
2023-06-17,11.159950774511199,2.0094779803985396,137.660634870937,-25.5284872327227,234.49177120666099,7.5620713596357,-10.74641729534968,6.27740900838121,15.990156089983099,250.49014159627598,0.8653946531439018,-4.5759654243711605,-12.12829949928083,16.903700325330597,-77.2453950381863,-8.45118193590721,-23.4535393126637,-21.7657360345648,3.7300776856491,-27.7277395482667,16.1864489917636,-105.9403874918753,-152.613750707671,0.9601539468634304,-6.61245298227067,-65.7088935638414,-2.882486969895992,0.66718812392269,32.775727012616,-7.94427021896722,19.5648619092969,75.2457943821427,-140.440990399924,-6.738067360978199,-4.74353605450838,-33.383787276273296,-77.1374690163104,19.0423059310678,-55.90522014713316,0.5391126745235,-2.2359287453157,-1.683197829525062,-14.10107363085704,-87.63602627868613,319.5211786954701,2.7269346928739298,0.08466284978833,12.690505707289802,14.651653246284702,-2.50986361704772,-45.1165741234017,1.44291473601782
2023-06-24,3.5984484395089993,9.69564847845671,150.170031391198,-28.0020766523099,141.68356747185,21.1393311023249,21.8824584226613,6.28964003059951,13.0215968988705,268.070551661849,8.401072750500802,-5.17293028326577,-5.56548734733651,50.8389787142119,-60.5037410833957,-8.39998582717004,-21.5151233469163,12.382831787392998,7.837279019740899,-19.2023095351521,12.426899598145699,-82.3797690240458,-125.26013674302,13.4756919240262,-4.917134831888619,-60.4262016221525,-0.418028944568819,-2.7402232441758,33.3450572028425,-6.94559952129696,42.5951108775069,90.4040308127289,-93.2608338397875,-1.8238628537426003,-3.75633741368909,-3.1659641742612994,-70.1521789128875,28.1743852753566,31.165360135454804,2.49744958637686,-3.011587476879299,1.8892246141622,6.228988232015599,-61.0459868570603,670.49386478836,3.7895216308379904,-1.69762565995842,9.439327104284299,30.317983175029703,15.721597276341399,-31.0998933105192,1.5511392922749598
2023-07-01,-2.9514467897577994,5.38605534462326,171.333955720758,-2.21037578386545,-9.415850192971298,30.7501844575647,55.6926880560765,6.30280298129403,15.809519103486,251.05706871629502,5.149492346745802,-5.90081342609374,-5.89480615201677,72.8454820874917,-47.5014749089274,-13.4491860572969,-20.6648592034267,46.89327226525,0.5446398990339993,-8.60205533691596,19.243912000561,-51.7693826948055,-67.9637869112163,24.5004955587309,-5.919701055016869,-36.7067169024317,0.39851558017589994,-5.95842608322493,32.8999089504951,-8.23874028072388,75.8842945779011,85.0340974576085,-3.7511493846454016,-4.4277360327939,-3.79251884162562,29.255485707703002,-65.21728229454129,26.7273215642961,77.763904819309,1.9357656274296802,-1.4071989862831984,0.8552400917669201,-2.7191175559793983,12.1210432987707,843.2900850255401,4.34147129843574,-4.0213275356893,-11.741601365654699,18.5713995246118,25.8792653463337,-25.6784528768007,2.62244286697689
2023-07-08,6.361216233902789,4.88101110223796,134.339940063088,25.4088727475549,-35.710817726553486,46.9808903650066,72.225924585486,6.49129795169106,19.7247869253681,218.340747290587,19.555242475636497,-3.77617962294814,-2.6568567732257478,70.2946619709554,-24.537449377526,-22.4722139564141,-13.4100823202001,74.2331687443402,2.2606585932937993,4.47619664329834,17.5828917328195,-2.2394095688874343,12.0182620363755,17.7207453712387,-4.76943655343883,-8.71024514715273,2.56406259906761,-7.40786175154337,25.9119554659154,0.453667498914979,91.020396035027,76.594366418858,99.049781263927,2.3337325065276993,-4.5583259836444405,55.6394986249268,-71.254597329886,20.2775575893118,106.13714802203,1.04665978432946,5.100902818626601,2.03193433048704,-0.20486424788079916,82.57711842856,960.3311055157701,6.9093778916566,-4.45047063483638,-17.1950871757942,5.284352913582499,34.6838597810448,-10.61116501515661,1.29840281759365
2023-07-15,-10.64432958537771,4.72899031374058,71.6480933882586,31.942893933995002,-88.1936674425267,61.6255908453211,75.0887353673432,6.74244273569523,13.4660161448436,133.507129156168,23.838764247602903,-1.3562764576996296,3.9281228969662196,59.4201761412796,0.45062167018273014,-18.9427872444433,-9.30245846591663,92.854445847796,13.052831107257202,26.7719725017925,5.743793849271,73.6410483663395,89.661371282119,10.4349719616098,-0.06196828106640062,-14.71877992649965,2.91165745722826,-9.66525442897795,40.8403619431018,-3.82137976470941,108.021663575789,71.0475038509096,182.400412254062,-0.06478579603409962,-4.04247021590296,66.4506592473638,-61.0095990108134,3.9553578002434993,151.574248011338,3.76690661918382,-0.11452406335390108,6.71604475498948,0.9093814861221006,128.045853092854,940.4096739121701,4.79738770869456,-4.31408713203287,-2.8501220489198005,-1.616337515535399,37.4796782394328,7.580394755298,2.28343357665522
2023-07-22,-20.28322445843473,4.70069225239335,60.174547185552996,50.1913987407413,-128.73230563339962,77.4860316230368,65.266624770328,4.7503407724928,13.4252631675248,74.70199326843999,18.768181264630996,0.9526289107455304,12.2367381017662,62.290232560019504,12.376801327637999,-19.4274368711642,-0.524731461967881,92.8122303306307,13.2718369167074,34.1063080249556,1.3599081135873403,147.217098891346,137.881607463384,2.35741678044795,5.4849164251137985,-17.62683467398725,4.7632760320225,-10.75450161619827,63.8605902368908,0.103020252091106,99.052573184324,52.2918819349273,222.692413160278,7.3186259993783995,-2.79028005551029,89.8813038213062,-44.8361573741914,-4.33038918886205,198.047470629724,4.57680619181943,-0.7519858517151992,8.53031843313329,-6.2558810238159985,180.595834232164,878.7956329983599,6.63377895785753,-3.34990920579091,5.447057173731501,-6.6577969325888,41.7552804349969,11.4868067205758,2.23617158790039
2023-07-29,-36.90198512378874,3.06032845143829,20.4088534284677,59.060782226787396,-114.2331438210872,86.915718603487,55.9270221295905,6.83095862504979,14.0401567402885,14.422653776080011,14.583692248020899,1.4808379154503104,9.6737401014076,68.0965478373266,40.9904384465263,-18.8823726050513,1.5865089733679398,71.503196022086,5.0905432476338,30.178468193348102,-7.74605305303753,213.108410542186,165.356302084877,-8.45591428853786,-1.8713865934153997,9.2524588180064,3.9542663292831,-11.9268854588629,80.7011526230004,4.31839553495228,92.446464015609,30.5897337018151,234.167938181904,4.0296774454477,-3.59196295305228,89.8002958126438,-10.33428604497716,-3.3459388559329497,196.60760827599,4.64707717919057,-2.714914393438601,4.50683266005385,-7.786063258894361,197.71744094806098,912.3119352555,6.76965557807902,-1.00731440701836,5.093199858074399,-11.28276249614529,38.0891305888506,29.6394590922236,0.36374348506046017
2023-08-05,-12.984444878684368,0.31581745147131013,18.0184270527928,51.886279047913,-120.9077965890221,87.1305128245205,46.6269100533834,6.91049016025901,10.2470765765196,-51.1958530824605,7.8007517166530995,-1.08522759647074,12.7438554605134,57.010985600476204,80.2353199454669,-19.3756346517342,5.48139749803187,38.7187791060824,3.9961852055419005,27.5547260936911,-5.57903922490774,230.762094622862,166.752623295147,-11.68916231329258,0.057057868587200744,35.3006253975079,5.12370696005314,-9.30986543406579,61.728453711551595,10.657655652918,72.4668745766187,15.157918266927801,193.66441557286,-2.45001188046621,-2.47639677888325,66.4492955428013,55.6315968284652,-6.97417087728737,138.749046662032,4.73708781731539,-1.5350832090747986,-2.990378467588647,-13.26234865964245,166.81953501111002,725.34755614955,5.59586423893363,2.48611744264701,-10.119567469307999,-13.05453085362884,35.3854938479719,31.716629734499598,2.12524691786116
2023-08-12,-0.2914168596539408,-0.41153724840709205,36.2751908593417,43.5909089623522,-100.3581852821036,78.733878559833,30.8228351075145,5.899872854825,1.88420565875448,-79.64718884426989,0.1594063805255992,1.1044903702574898,19.8940385613434,44.8987175431662,100.262663201828,-20.9585054992544,9.1975972996524,18.4697799569003,10.6749229176385,25.5905092225685,-1.8892390503381198,194.015442278124,139.285970973687,-6.0889186017971,-18.57115533874149,30.737177604894,7.57662253267507,-3.30322546438547,44.7808822109197,17.802089990801,51.9187069542569,8.87635957504449,131.880898395613,-13.980323654408249,-3.28993905761846,38.2699258651144,131.655692833757,1.8163812426753196,95.84598855825001,4.80097412213472,9.518468167597302,-1.903150102630636,-16.555991648562888,153.314169430008,583.1164154097801,6.15368743822053,5.2156459777631,-12.3504659666974,-12.05387735982295,24.9020136433052,20.5995024784434,1.68991295060114
2023-08-19,-2.78514771314146,-1.3495255877717192,43.2720036190475,33.8278626665596,-94.481498654535,65.7641328726854,21.2259009147097,6.91348716555731,-0.599062963131944,-129.2136166757353,5.8058869582642,-0.6223611722991604,24.0438113608733,25.441206765020297,122.102508396065,-22.8305092994265,15.320816290711,23.6292453129047,7.3740263229639,15.4965824182892,-7.69621723027355,139.963690057172,108.093377829869,-12.4656023728375,-31.75307463658039,24.103588423446702,9.70662608935068,-0.89311637373452,22.4295835070975,22.9600232525288,-1.3856993491548995,2.35409604779432,65.88489021382,-22.17010826527494,-3.23211126762541,26.273199861549998,190.979673218576,12.5508908159749,67.799205578309,4.54996166095794,-0.3246391368156001,-2.912726620755796,-20.924962280239768,144.144961148079,465.08008278369994,7.0558557747202,8.94196708774914,-11.9384866910198,-18.9221823085389,8.742262830885299,15.106720792513698,2.25908112568323
2023-08-26,-2.66107296249022,0.306123800976584,27.878205921795598,16.92987240633,-109.4474549080953,37.0889397628775,8.568819853702799,6.83673151797852,-1.458706005746591,-155.2570317527085,1.5351395578641984,-1.31900323978814,26.0501698381848,-9.42669795840437,108.182550599596,-13.1829563255842,15.5714722986638,-19.001524760067298,5.2988282035931,3.95951663205247,-4.98078657792049,74.7968112366993,105.80548410857,-22.024013231123,-23.2929505788626,36.1722473146851,9.71197434745029,3.68572964054089,7.3564647267333,22.8648679720044,-19.90414727125112,-13.9280612495445,-10.78262658859657,-22.124174252076898,-3.58180917156474,6.252226909414599,228.335905572384,17.6936965094403,22.236659919349904,4.65163003816745,-10.19120937026911,2.03375368808156,-17.68173369066812,86.85598277470899,205.23742097174102,7.70979695360411,10.8927902302383,-2.7342613641413998,-16.2735780032291,3.82997905119411,17.3912134377932,2.3896679121405
2023-09-02,1.9011826452648997,-1.353610014454212,29.690825237919,4.468326809252799,-119.6115621352684,17.2153567497547,-1.0761567537457504,6.48740716191845,1.3571410517276,-127.62806048799061,-3.842377397699,-2.6322149874928398,20.238309208537,-20.4869711209201,72.6546257259293,-3.652176846712564,17.4486680597844,-2.8941202372935004,3.7617807442561,-0.170467710635728,-5.21413696098268,-14.2290229361889,115.622199530583,-20.5661868290698,-11.174390042205498,38.9318692337044,9.69265117131977,10.4392715232631,-13.2162918675365,13.5918840110992,-29.3196847793498,-24.6548773919494,-88.6691281572785,-15.25537290103775,-2.88484553485966,-14.02575714076352,188.826445944456,9.9371261802541,-20.070481947447,4.20926381407389,6.898267328798701,8.14411508729031,-9.599430355256501,-0.1539921051959965,-179.72461396906704,5.9205799595363,11.2934749205916,3.6878405056015,-34.67712153368462,-1.640483739705662,16.4517921781277,2.09871343725836
2023-09-09,14.4055455485957,-1.948029692403466,39.3167015043137,-8.120830241757446,-101.4268190369978,-4.63288301276605,-0.09537047338745097,6.49178806691595,-1.861803513916883,-47.764590151814005,14.6501646668478,-0.6623888053416698,6.798225257527459,-33.622891108714896,29.391983388429402,16.7409285162602,13.369593471113099,-23.41352008886274,7.404169106563501,-7.47039303013098,-7.0817493937904,-65.9563240470079,128.912792979068,-18.1238505776707,28.547180295450097,25.120145588860602,8.3538976115988,20.8174771171141,-17.156519445826298,8.79386550151559,-30.7884540556963,-25.6629010936534,-69.8960461589111,4.9801332540678995,-2.34578723223133,-26.2060916817728,145.698439254399,-2.215829254736939,-47.57856410474713,3.64212276432558,4.1960530980752,10.1789504195583,-24.8131355545751,-56.0689571757463,-363.453345894759,5.55618050939948,7.183842948144161,0.3750086732083986,-34.16741912507431,-6.62608938455571,17.6380140662152,1.00053068282089
2023-09-16,1.6761071123166005,-4.112320279269483,15.377442997037999,-14.06870684242657,-101.4832335478306,1.2254561937025001,-13.87201132736416,6.48960494392233,-5.17346369979982,13.452397763487,7.340559288281298,-3.4786999006581203,-4.88992083742701,-40.1221855488741,-11.76540883651576,39.2886868090422,17.5134410037835,-1.10411393341694,7.921560314939299,-9.4656349367158,-3.3239734677748,-78.5384897483708,119.32657376217301,-11.6528459727764,38.4306606102135,14.608738049926401,6.85453906241488,27.3891930380967,-23.3874150304505,5.77101990090675,-33.4145754751506,-34.2583253153621,-30.4114750789592,19.3701902658337,-2.11987123822305,-26.4685581662299,92.404328406447,-14.81591081833789,-59.9970590243249,0.5333787572545798,2.5034196647557003,14.6008130610122,-16.4226143696291,-54.601911236798,-382.140611205426,4.22317077935716,5.29357256863086,16.4079905502033,7.297264723912701,-22.1588161064333,15.2109133141877,0.723049422316387
2023-09-23,7.805429182601699,-4.41888521650357,-38.6377135517171,-10.22077371163546,-67.4304905996221,1.81164556595275,-29.6248172170613,6.52641831859431,-5.07140267797287,23.471464747877008,5.2882303866405,-0.7490101761441199,-14.8149750264048,-44.7342735758267,-34.7491618400636,49.1820520671092,12.8017879551475,7.0815110924371005,2.8234434678102005,-10.40545176417195,-7.68281375033776,-81.9527431312038,65.4966076119368,-4.7824743200462,34.4885588783363,-2.4268368548076005,3.7586077314612503,18.0756858612503,-24.7638151035702,-0.9435896515064499,-47.418033817138905,-36.7036056010252,-38.464080334836495,36.4250296001207,-3.47810457373992,-29.0509897106789,40.8404517144189,-18.8210616222105,-58.00809457092513,1.50194502474322,4.193760243160099,17.8355029467307,14.7866222357247,-73.7317618344754,-617.9180989799361,5.67546390648357,0.98428244982118,8.149320165549398,15.0144084329626,-18.225003298769,14.2305440917932,0.656611824609928
2023-09-30,2.205894019849101,-2.4658341616792203,-68.87327849872861,-6.78657429325172,-42.12160079207455,6.4868322805732,-19.2134338337749,6.02320928821321,-2.40216123133052,44.53902242076799,6.196216899631203,-5.72152984704434,-20.2109647215036,-43.4249434583063,-55.1127174979024,49.4159069787956,-0.7041741945427198,-4.0952519156458305,4.890872937530801,-3.75832362196194,-4.375584879916793,-72.7486273017519,10.080137155595299,19.4342641469429,23.6716093239394,-25.627955502806,2.0755482423135696,17.243265472354,-24.2704149837757,-0.814188938937509,-23.6720555354992,-28.427734139747,-78.0613335232281,62.5120920207455,-4.81682461738776,-51.4973426247027,-16.60819031810236,-11.78903869669942,-68.24737258724026,2.68969730421987,10.6040045913727,11.8818966305434,1.1010598300030026,-100.309804271891,-601.279047996688,3.91665096735895,-2.75382766505614,-9.325705843463098,-11.653495394351381,-14.064015660011439,2.7255333134250996,-1.487452086044039
2023-10-07,3.520090610766701,-1.3010503580094,-73.67719943859069,-4.861301234060599,23.475718231630594,11.621399381927901,-6.632633817998951,4.45491841033862,-1.260387377455546,7.497718698446988,11.809130066532298,-5.91163166427364,-21.20626124479,-39.9619590675075,-69.7346201993807,38.3408134031615,-23.42955182556838,2.9180195028647002,4.263154181582301,-2.44084053651669,0.92505192426355,-43.0040957838807,-52.4980015937932,48.0015057255277,0.5647677789029011,-26.74492335042283,5.27327891688082,10.3097197814143,-12.65922181300976,1.4305285104477998,-5.729461805533701,-19.5241672709552,-68.12675862462041,54.772392275410496,0.39020335336028,-49.2171315672129,-69.10502566305959,-12.07035802307701,-53.8367593797691,1.79334436866072,17.861563459025597,12.1171868795197,34.8429238900974,-101.9720539940129,-356.447706591313,4.084629078287479,-1.66170018254076,10.059611628818203,-18.3254890145712,-4.03171279219138,-20.002985854282798,-2.78546358116084
2023-10-14,-3.1198366919627993,-3.9146695310453996,-50.2525543430703,1.7924766108809997,55.797033401348,14.9975903393704,-10.519735995472171,5.86506189645407,-1.7485947873945609,13.706241274076007,6.738629294718997,-10.674230634148401,-12.2277505027095,-13.43464870945196,-85.38604142073581,29.7455357585622,-10.19707951507033,-1.089552388482801,-6.140405061208199,2.1629052155129598,3.6113347213396096,-3.1797828006342996,-94.938409896035,71.0849421913314,-1.2423931446056997,-38.646680888363804,6.44447873661531,-3.4366760136026304,-6.965149309739495,3.66211893626968,-3.4553511288045904,-13.33489006718953,-26.91882190640089,72.4734170138795,3.10653690729381,-49.0286377381482,-106.3474980638989,-9.28901084195997,-41.239010664581045,1.4333905381803702,6.949506429112098,11.1988057712393,45.66225751534979,-127.19090866085361,19.050843778959916,5.3774972540718,-1.67593212959946,15.383833004778694,-20.83062730934455,5.022401682947541,-37.1210867471994,0.6140020405518696
2023-10-21,-15.8248429336869,-8.783897626132,-53.84171460610337,10.786624051076,34.3825285153071,11.4693920499477,-10.9973655109758,5.39136523924614,-2.7596354167756703,-41.19786081896399,13.168770685825997,-8.52244046263661,-4.88560164581847,-12.3542954189425,-80.6619463060122,1.2227103830240997,4.2806835310452005,-9.2321452082065,-9.544667842164198,10.1181912810056,1.4849957955155002,17.8195744854013,-100.0570046257125,89.6832747044721,-5.020489899698401,-1.7903515093943998,5.47511426712753,-3.50540738851569,-3.5457805587809,5.49011372395749,-9.4596421366785,-13.0747972666458,-46.27372826908974,72.4303512219554,7.152187627386301,-42.691687087636296,-64.289171935843,-12.29989727712327,-36.07068377405341,2.47900577266552,-10.579747933753701,9.3482982917597,22.8908784030517,-169.9491879094436,285.7140152013401,-0.3816838221903893,-3.5357594374156003,-6.8829147789069935,-18.8120397575564,6.10219741072196,-45.732552054169,3.1574537392944606
2023-10-28,-20.7587495640705,-14.0751671917068,4.907772087972802,23.0404603372482,-31.8347164868419,12.850252358123502,-18.1249457064741,5.83732852633231,2.70128607007866,-84.29775708533401,4.545311011240997,-7.97433623053983,-4.905171348127006,-2.1880220326208004,-45.8916249091367,-16.0444405594221,15.1660575399071,-14.52561362863503,-21.4308093801846,5.214011319548501,-3.08908167671591,3.0985251912248017,-76.7094104641111,92.7145214773431,-14.47316876723691,37.2616226921315,6.40059159461188,-2.0317993703395896,-6.47205122835801,3.1122712913707398,-10.779874579188103,-17.5259345345656,-66.7460139516643,56.4467503478248,11.8001981327976,1.4395498032221,108.237294892624,-16.62239029870904,-28.4084723102434,1.4742408147592099,-4.197461185503101,15.4988188505856,17.1053867419213,-109.432286706106,706.9984966462098,3.4221246256582294,-1.06117286720547,0.37512145630319793,-8.621144709760879,3.7119387205651,-18.5486250149441,10.5687744749997
2023-11-04,-26.7630017408459,-15.178559212078099,35.6765495830812,6.592671457715799,-17.670618781993497,4.615550272033602,-18.20579255680999,5.9256037091416,6.10448674059321,-197.0429667808,-19.049021652551197,-8.58798217937452,-3.98528630369613,-6.522726218140701,17.178711796482,-28.8412481513386,24.9866220914197,-24.01492590962854,-13.4675202661217,-0.536062695202757,-10.196049138494999,-2.093146396737101,-81.4150749375824,66.2471607654615,-29.084728697534803,72.8471802988495,8.13773301657147,2.2801200909425097,-8.633259253136181,1.26274214961746,30.774825201025003,-30.6274436224137,-58.85045199374422,20.2648899979866,20.0941357292414,68.0388246928377,195.970117928953,-6.529372367366774,0.9314148960734983,2.32451726680935,-25.0764926774736,26.2522870239829,17.1109056020278,-97.842250484088,476.76352771817983,0.4834634967993505,1.1643384572706,13.6062856104992,-24.51641639054903,2.1680334283887195,32.6600057829873,9.522981286328
2023-11-11,-43.2068107311955,-17.1032409053591,-25.981415075287003,-13.3059816866132,-209.5220448619652,-11.1304022498962,0.8857928264778803,6.14854172486359,1.25846975291387,-198.961209626671,-74.2376392433037,-10.4081364060632,-3.679880741198697,-40.4201007242429,60.479674420185006,-22.368294869900808,19.3352196358752,-37.92340743046424,-31.679477384453598,-7.05599214199926,-11.49453747054299,24.593673662327603,-61.9500049836674,26.191315063402,-35.95241743224052,77.608075370877,6.4747344383937,6.7687479896558,-21.43171585648639,0.83155591692827,15.254845317115397,-35.6508817361345,-49.6076683047805,-10.483508625757501,25.3646516077454,112.541728310325,209.261951872129,-7.165734022518119,-17.609702785866503,0.4279797502101501,-34.3912528603514,30.769537925769498,0.3102549422061003,-136.781612347629,-236.31050063498014,4.2905498279579,-2.000879753933264,-37.67770339002,-26.455210735360538,-2.3833524199449005,60.750635657433904,4.22210183884766
2023-11-18,-48.1835990288678,7.337324339176099,-100.181939831305,-8.78847575789617,-418.9727497140487,-51.7419063078456,-9.596473920814,5.04028600144338,-4.275758751871916,-312.231033915981,-84.56228524890341,-22.95008822447087,-11.572041663529934,-58.9692628914636,40.618341246046,-3.206892433060201,9.471952349019102,-27.85175337355402,-60.5452024534124,-8.04974745371716,-13.9256918687875,33.631696370122796,-28.6814769936028,6.8992720949795014,-32.1737658969276,63.754750796721,8.0854994925078,10.5233969299998,-33.42195306073433,2.98496771599019,17.1403088198157,-32.690000596153396,-52.9738280244576,-62.4094430655275,26.3997791739518,77.87790556220801,148.086963652616,-24.56230177246496,-24.272978234162096,2.26687615252947,-34.1355308558866,30.1197173272394,-34.366157661400905,-74.799413898061,-1119.0510986070199,2.7941040822016294,-6.04171648709138,-53.3280385447935,-50.703216267144896,4.685965311480199,65.3507831472607,-1.9903053049734796
2023-11-25,-29.4441514396852,10.329522389288101,-70.62507534819599,-15.661567788954,-488.1256165281367,-72.9349495815703,-19.520520163654,5.72115384615385,-7.218635428323148,-316.502730392892,-85.4276278649507,-19.00065577536392,-15.23163712221902,-84.81410581542019,5.964890113908197,-0.6576757508628006,-4.555693811691,-41.44237308733225,-71.4319174806781,-12.56363216420065,-8.0015847182222,10.394886985201403,-36.2989396391626,-5.980300276139399,-20.651036013721,25.8021007235847,7.1312440874066,11.3904454350854,-39.87638195684328,4.56744128317011,-12.775645088236097,-33.7621274994775,-70.170373163436,-123.6305017319288,35.3051683009449,23.995941591195802,115.152193115015,-26.874981772673998,-28.5617835162316,0.015050647585200139,-41.4610078007521,23.2923047945515,-37.5738185935777,-104.82401317488097,-1792.9361205302898,-0.4833095630184392,-3.400535416051043,-49.620192326246595,-65.1603308587649,-1.7389134835958,29.155908447479398,-15.78528993899565
2023-12-02,-29.614991575969803,0.8127836390726006,-83.15496870859201,-9.9097493794058,-562.0269591039815,-29.593935758553997,-41.1752848841116,4.79304131529075,-7.8190174596385,-216.90942037447803,-140.6367466743141,-11.7517504870441,-25.14751398225171,-141.9279061956797,-48.669153117373,-18.4824873885679,-13.031136200579699,-10.970205084979298,-56.5032664352877,-13.120268887577211,-46.6187763323351,-34.5630788678566,-6.9651903300621,-20.4095535516483,-38.0104504336858,-23.786801947754398,-5.971986626567899,11.847461018344202,-40.87006553915644,-1.59594535958475,-96.5093933379722,-51.29982712996002,-213.019877909246,-160.2909473380353,20.8278274428857,-64.7833789209143,29.142248811141002,-37.4454989445886,-118.5729692606062,-3.13573672409158,-84.117940120578,6.8621889677067,-49.1161197635645,-172.756558442031,-3058.48503589148,-7.604231330256839,-2.052608413670497,-72.7219100690324,-102.8849165295856,-11.95770264093851,-18.978314815096,-15.56873489440794
2023-12-09,-49.0908178882756,-2.500327548309601,-170.153916744136,-14.893852173292402,-528.651223565028,-19.633582381854012,-52.1397702882211,-3.14375541261023,-8.621867082869269,-149.23774305159702,-145.19783866820302,-19.339540539349898,-46.77452719669509,-134.9092783080868,-71.3865685817121,-9.9661445635423,-9.253349370048099,-37.5064913871659,-71.6137156903764,-12.33620252520332,-64.009271932374,-50.191259058026404,-10.202146747216005,-25.282450587074,-23.0659591166428,-71.2098530276804,-8.233810336132,10.7320639472279,-58.0901094807997,-10.36780288498789,-112.40692697760849,-91.32803078408817,-351.600148938397,-215.749146966822,17.550969085561,-92.4999444252446,37.16338795098601,-64.6676034825278,-171.06180158052,-2.57248440474233,-116.1540878356698,1.1924392458267103,-98.8672157750782,-147.97954475503502,-3866.578124736,-6.967041160179299,-7.234391257430872,-70.6079659613604,-88.88329103238851,-7.8865216340616,-54.7245166544446,-34.5157834616098
2023-12-16,-78.6456590986971,3.52200647527947,-334.551960579988,-22.6697351036428,-460.88689916332703,-80.796638593398,-70.0575530934554,-11.31474227826078,-11.14963547356878,-158.39579791855203,-269.82105703447803,-12.8965345221063,-56.3095177156461,-118.286234074486,-72.51699586051399,-0.33334267213810165,-5.068150194070299,-37.6365299957092,-76.011539694607,-13.95702256550118,-70.5535507603717,-89.026510721517,-50.90408328517,-42.7123517797346,-33.1554769687702,-61.484945527197794,-19.4657789249962,8.136425165320802,-77.2342712662673,-18.235228377243672,-201.457586668356,-123.71537780818579,-407.956161528224,-253.342532850247,12.9555433733807,-106.32963961657899,3.1337134847428985,-48.858866903068,-185.659977089481,-18.851742882030912,-167.5652409787299,-4.12270711721534,-105.6962424234965,-396.652144329679,-4825.47414687296,-12.0735489690235,-7.741227441779498,-109.235827764533,-68.21927738118009,-11.6931589348662,-59.8293176716026,-32.5403681614224
2023-12-23,-193.7272544660984,2.9060185253066004,-618.19004564513,-55.8178290387875,-941.324040393968,-103.28145431477401,-47.396198182777,-17.278936307853442,-35.6118277334155,-283.81274760247504,-532.805946375432,-10.955934522527802,-80.8473534870413,-272.528969513415,-136.66109087137,-44.9219981312925,-49.9394591961594,-78.2421458612013,-179.85110773780798,-5.8278961311869,-143.0129929034869,-167.982336545603,-19.90991291965301,-61.7722644164146,-132.1933520009672,-95.206727981102,-57.7292402516836,-31.2878660362881,-94.6487361055827,-24.0188498705107,-343.02108457683903,-152.4628530960427,-405.97515388497504,-521.596836377992,-5.921990404023301,-263.704753089807,-77.0572857876714,-66.9675681249202,-438.607843032902,-12.11321533419089,-290.01868342645196,-25.51962259827033,-183.62764118519,-691.303390759987,-8737.851777144111,-45.0836210447099,-8.26341546546389,-279.96171583048,-85.8017577715655,-58.7115692362289,-92.1911707373095,-3.5016783670775986
2023-12-30,-191.360834655545,-0.18038193648518996,-673.748528043566,-135.153294194685,-902.913095510931,-164.846730899839,-102.5231973620548,-53.14220240730374,-41.9074744147422,-588.652649520151,-815.275402860686,-12.106555482149801,-101.32632478543411,-349.339507748997,-247.061598422862,-54.1888993682631,-48.6692041881132,-181.40356570678432,-237.270105203408,-33.1338327913912,-228.24355947016778,-275.18906373760603,-237.87934712788802,-117.9452958053372,-220.36094647437892,-223.22422745331,-88.328321576454,-28.9021958820497,-64.1525283764796,-29.3746417467049,-500.229127671985,-107.28472404306001,-567.951545123078,-769.012466997268,-32.4295695857084,-413.596171825536,-46.15339040257891,-94.2689811819107,-673.1556641154971,-36.1892153285971,-448.936138208901,-35.9022437473226,-427.456949404321,-777.371769721301,-12506.16316971473,-65.079043254937,-13.42410673053571,-541.708864472933,-111.8314477314998,-122.91584805859989,-180.84040091110802,-41.7684718291627
2024-01-06,-184.756757314334,-1.96888791112523,-178.40658690006796,-155.6685647468961,-245.22186119932007,-97.639672382436,-64.362660655875,-41.16557414154506,-34.3136113511352,-555.419100712277,-136.61424745920795,-17.5874706114967,-70.3092020323103,-153.844113656574,-214.684079769269,-15.375302931202796,-30.206136555151303,-211.8407546774693,-85.32597422883799,-40.5684855467844,-164.913499175856,-287.367215237403,-193.391494184922,-63.522819357478,-144.299385524132,-158.661668825555,-86.36465032897931,-11.1219327753197,-10.155144735431008,-8.903400172306497,-305.184406158727,-23.463663518981008,-323.683674955765,-264.819745914849,-29.326759925511,-213.364378862548,-34.04062269423599,-47.4362236927835,-201.60492591052298,-34.7132689195973,-140.45534023744,-31.4499918999223,-315.798014599824,-570.62431928398,-6528.796977538699,-40.232289424107705,-6.21875199286521,-245.86079568524502,-89.701215224092,-116.4183248269166,-77.34287413387699,-57.8955091427235
2024-01-13,-21.89950958859501,-2.28114858194321,258.218406405943,-96.65143184288,414.93109075949997,-36.52599961116201,-27.03328468289999,-25.07373983349992,-1.953758258979498,19.40150331641007,719.5864247245399,-1.6584340709658996,26.949436229674006,78.97202791119298,-57.85891562048897,9.707476198167697,-27.7798529401922,-104.99844677608101,41.40816499613999,-5.334740557314298,12.922840701215023,-101.23696206859199,43.21338773096198,-5.65448224699,-13.838092593824001,-59.86073482620702,-43.087525252913494,-4.6023009936070025,-19.477067168340994,3.1421538518822985,-32.67179826418203,65.69781426709801,231.02254255267007,418.91201754056,2.299178272049403,-4.285611653314959,-66.29597786954099,19.788969638384998,249.01004038723897,-11.896947306286599,366.48850718665597,-0.8768700974904995,-94.23958306351102,-34.37324692079005,1918.9682659567989,-8.469067420051502,-14.14766543761869,83.56060116329797,7.30827713321699,-38.0805051045368,-9.723481036050998,-23.0974480083905
2024-01-20,92.82752640500098,-3.69041688441793,167.50245186145105,-45.15458764296699,221.86974890324996,67.28314040811898,8.927350710300004,-19.709346450530298,18.2055285198349,349.6124498476199,55.945659017913044,3.863383907320099,50.01216817865,108.71560469786903,51.112200484965,-4.257897792182803,9.831305883795807,-34.19016081172899,159.68365638148202,12.376357498757798,111.85764928660899,158.92905880464696,119.87887764283198,32.122407948589995,79.52676213611201,34.492441051562025,19.195053035133,18.925273018136302,37.789718265307,14.260006473072998,176.94744446200696,95.00162295377999,376.2548386405599,415.04494634074297,-1.1624557977701997,36.038210723451016,-83.16945582159201,53.40321853060101,292.203990252763,-6.2674575184563,227.67158926861998,24.1015745384557,-14.198243194815007,200.9679506412001,5031.231015913501,16.280433395449798,-13.1304281245116,150.631375116257,25.99581920821899,-16.709444847216986,69.341556130855,19.920901159405
2024-01-27,112.59681458647,-1.0385550060071003,34.06557920514501,-87.57433268567101,295.98376643913,18.964641422993992,-27.348815334205995,-13.2617028968849,16.508741618408003,215.6581134574701,116.66034507139398,-3.7573404674276993,37.424663786191005,97.11841584147197,33.531040209335,4.604105950014997,13.787569360820797,-49.40576791361701,150.054775030092,13.288141530799102,100.13282958512701,130.37669480542797,0.8223861982439757,9.001770824065005,70.05112238670301,-2.837313728466995,-4.825771396357993,6.7575929335239024,55.094745212571,12.799207108956303,200.84315929589104,55.50365094681999,77.56743982898001,252.003305326803,-14.793626678752702,-89.15363159490698,-153.994612707257,15.289651948859998,226.13874476758394,0.6327853730530002,100.62145719963098,7.636229497257702,65.25155040925603,-4.486792026000103,3214.507624067801,-0.010994953782301309,-8.0353664731249,161.79245775713503,34.07846187146501,-5.925596480599012,96.59666695786899,2.698494700796097
2024-02-03,96.942286578096,-0.8078362812153799,204.27708800854498,-46.862756948401,352.55893974149603,-1.3675876004350016,1.295840427120993,-9.4047524731242,9.4461123037905,201.00788632929505,245.79286162646304,18.9327945969916,4.4964583104816995,38.68022382951699,-52.57109337582699,-26.405991306633,-88.6658628775939,-59.307883007727014,92.355972052878,-26.657025502908503,103.71742131281499,-64.79411024699402,-144.35392170398598,-25.548559381721006,63.912939464998004,-52.591387539935994,-10.213674265908097,-3.2954201980608033,32.4348078270032,-8.635532496617,95.10843717518298,33.121337865315,-30.177768968072996,120.05308344412202,-8.041609467251,-145.08273763453298,-203.2885678028,-3.4745843635335945,40.69624090438498,8.9571311871835,38.771276617523995,0.3484860242258989,112.51703507285202,-34.20231758389991,1276.4078723894,2.8076590371973005,-0.23643733698470015,154.705348243728,27.183608734957005,5.2420603612929995,4.365308759497992,-8.3166198052824
2024-02-10,48.54865169225499,-3.42577752442192,283.364743871989,-69.99488259193501,208.44265501272798,-14.038784156637007,-30.861530368603,-8.913705665280698,5.405506667049298,-24.562452306435944,212.947569348589,7.835704850950499,-9.881610508943503,-9.957427295897986,-88.96371745898301,-42.399907048219404,-113.3036045994343,-96.81445197204101,64.374031176134,-46.8848860590361,54.936676868670986,-113.85057926430898,-319.552845276696,-43.346995919776006,59.26926394180899,-117.58804807185601,-6.955977758484707,-15.7597496743535,31.763676682765706,-24.0452777070251,-29.27876415262199,3.154134267471804,-24.61810306625,83.98059274570198,1.3709794729689975,-154.66807963168998,-202.65707059193602,-7.862114296838001,-50.36989121418702,-0.16861758530090043,66.04617672325301,3.5492448412448994,63.867953279592996,123.4233794147899,-722.1183711863996,11.933629385604998,-4.8427987950706,96.29244138259997,29.968863417728002,-4.964021853359,-52.56305324546901,-3.6068228374378
2024-02-17,-9.970931950956,5.89487684101232,49.521102195981996,-45.41300710463199,62.944450889744985,21.464203098219997,-22.8080939609396,-20.7863278802344,-4.6410067102506005,-15.163016926916043,141.38654450734703,8.6689532518491,-14.400756045500103,-60.63547703874099,-69.952716437714,-41.025865107476804,-89.9431872837227,-104.47370216440899,43.03217879760001,-40.1224384345878,-23.906726536135594,-206.768460279843,-350.394607980964,-48.851106210542994,8.357846261622,-130.521011777605,38.7790091498194,-15.536964172883799,1.9675280664753032,-16.1087485770739,-139.014238103147,-13.761151895104703,-198.05886311799304,-11.799992817093994,1.4033952999517005,-146.87535567533,-55.568395755031986,12.346855685330297,-152.459297500052,-15.1014889495549,26.50169023574901,-5.6636251063548,2.0916957484990064,298.12134437375994,-2224.8608694271006,3.0343006220723012,-6.777831587413999,-6.61990898210999,23.9697429098714,-74.484766549189,-91.071195210519,-19.5612115567066
2024-02-24,4.6246787394889,4.571292912546779,-120.7226466784072,-49.72095942913299,-3.8459892818759727,14.84238905359399,-74.2191111193565,-9.9940673698579,-7.1389052904471,8.71033686000601,41.850975571399005,3.3476063455747997,-48.2716489059259,-115.654695657574,-64.19188980099801,-63.440452280174995,29.835615379247997,-84.600537654296,-19.4120504325534,-8.2791468269252,-39.336140008453896,-145.313611617094,-390.789048401264,-24.038547536056,21.259408087115503,-209.246946479102,34.1356825574383,-39.9810780953154,-3.270385278526298,-1.3421015643659011,-76.998934915679,-0.17568025629550021,-248.587847822066,-68.057801259805,1.1732047891597013,-178.452797930156,212.27654672806602,-6.253555151975306,-167.97424251341,-21.655652950173902,6.0370535381569965,-23.3840510791553,-48.08273486686099,235.01792897189,-2450.27477980849,6.0597367838735,-11.8591145815265,-60.051564259797004,-16.610516405738295,-61.933742379893005,-88.852144500864,-6.167307411094299
2024-03-02,6.206372705051507,-4.51053891333695,-94.458442101128,-62.684643292393986,-13.64018683325699,17.794644351705998,-117.412087440904,-18.8505101292722,-1.7998133473191,0.9698772724859737,20.97182160046401,-1.8656525641944004,-17.134785064572696,-136.180842616867,-38.327204788598976,-74.803375929641,40.598982241062004,-90.426163556147,-22.1424241619329,8.589293936332894,-90.733921883103,-108.42237388046198,-360.914918203037,-39.231176325476014,0.6165994248568012,-182.26948031170502,0.4823572858772991,-47.3001884057804,-5.4256162177775025,-5.182805133764397,-88.92337048195401,2.7394490095877018,-165.35023057786304,-88.529883785317,1.4062365664319003,-138.07988445423803,179.76295693546,-5.573504736818094,-161.42827797984,-11.1410035057698,-7.574413047373099,-25.1845418584359,-99.130830979841,150.35829228925604,-2360.76311813768,-3.2165729268148002,-16.1833817932407,-76.441197281878,0.8453513874601981,-57.271045127449995,-45.11832462002599,-3.457591267588601
2024-03-09,-2.628607969731405,0.8497142377672002,-30.567852539932105,-30.26047752682601,40.478293309109006,10.377326478326395,-49.954721342480994,-11.9815807219116,-22.5599021145613,-62.62860650599703,-0.11180566568199879,3.1705497534999996,-6.866865252082903,-44.763739399917995,-48.835853409599,-49.75997111121501,5.081386712631996,21.008559735353003,1.7181434846991976,11.8884041244373,-83.5168376018188,6.363089794716984,-123.591170672987,-36.18613503022601,-14.588172125014097,-75.32945868309099,-13.2755098161051,-25.120531549478002,1.6767487209230012,-4.352539384034799,-34.754235681398,-18.990026489351898,62.85735801455701,-62.04425886137081,-0.22700730933189917,-79.929866179579,43.27036023553799,0.6432373533892957,-96.75949024700202,-3.6331423257266984,-20.3308940650694,-7.525046606821299,-49.613056211990994,198.22907709638298,-678.6832283818203,-3.7881286639301006,-12.7850976971745,-66.13791134043399,31.575875770616193,-20.439723626909995,-26.362645846647013,3.7849723571126006
2024-03-16,-13.370766049585,-2.1371843310332403,-29.664189098205,25.746363653185995,60.81370855028101,-26.8787371099244,48.503028083337995,-3.7889714315492,-2.2204867654112004,-120.27226757124998,17.266315971365998,-6.302694368523101,-11.050026585591802,-8.785594889905013,18.223426880857005,32.93628005972201,-20.331101480203998,76.083611469978,11.251076255459601,19.593126893377203,21.27645957291199,102.02141956645102,171.43667478092596,-14.154272537905001,-10.744661538390801,63.716030296457006,-26.58745794981786,11.971724780371702,10.143642532362698,-8.140026830555101,40.22613103464198,10.537380811669898,244.318005471074,-18.399200295826006,-10.929467433793299,181.669456050985,20.645044343947006,7.865465970801907,101.62536777999702,-2.3715710840538016,-12.629099218741302,-7.334162154771697,29.138650394401992,92.45852595541999,1495.5204417250297,-6.7798307331882,-4.686021695888499,-20.130781021860003,0.4883743575997954,31.598043082474987,-11.153339321690993,5.8339207235957
2024-03-23,2.430878100492599,-3.72385552043556,-32.6692628253097,99.917347498644,51.53260583551,-47.1902880203656,57.07891991610299,-1.7696357375761007,1.7619943315225015,-34.85518411301098,23.827194459758005,3.23867357820143,-0.014879474231598522,17.742784732523006,123.55042936807598,57.211635650424,7.435253123342804,46.537019630276006,4.012952008328497,14.8228781190613,73.240077186142,73.43531628445697,168.31005826783098,15.397659692356001,0.7119297201370998,149.84218120391898,-12.33337554301576,20.7204748668577,6.010624097507197,2.514270744050801,49.122903314111,6.733508320740299,181.297497866546,-13.066408136002096,-3.7029115325754987,256.49334420918797,43.040053593969986,-21.446499397452698,112.032961668354,3.8787489620338,-7.403317960332501,-25.307234279652498,24.25132415281999,63.504518971823984,2053.5221525096204,-3.4046364990929305,-2.7649091510074992,1.7603701508510028,-7.311581280145504,44.710829837697005,31.50804490213099,8.5115515272418
2024-03-30,-0.3168547997203035,-0.9689381207359702,-25.676778408387307,99.85213740313401,27.438223028638987,-21.862682834784998,15.358229413819998,-1.2925663133916991,-2.1760624218287,-16.78611196888602,6.137085726197995,2.6833703562143096,6.748014507765902,19.276142357839007,70.12860112206599,19.328466422755994,0.21084794340480073,12.999939503190006,-23.9758995672889,4.7814665347335,35.737532332223,29.019412073528002,-28.075960154458983,9.228724345339998,-2.2941519221389015,71.33736745582002,-15.4596708496589,16.2685539214948,16.684620371597,12.598331428180899,0.3016824128829967,16.2678459253325,-32.266025070794,-40.9072455857614,-13.2271825421555,109.93144129629599,20.760952696101995,3.870754281834607,105.68041898582902,1.3905270795412008,-10.2233606017748,1.4466738291024015,37.982380881876,30.943778096638027,1065.1930326231704,-2.2844898333664094,3.7000189120794005,19.11318074405301,23.714462693767302,30.844049231864005,22.717720712441007,-1.08941801192924
2024-04-06,13.193070937006503,0.7740117026955202,-37.6034713245478,61.99708129238,39.34927116992699,-4.502704195232397,-11.451068252539102,-6.3298807662187,-7.283899430867599,22.461922203651,-15.047757529181602,-0.17495394612880055,13.1261793196011,7.40656638669401,-1.5312333649160053,-5.2564008809881955,12.219081029429702,4.502671057490005,-15.317061017487902,-3.037761834419399,-20.031177136444597,-40.78298968556601,-42.87234306782102,3.2329741942210006,-17.743206590474003,24.981307875118006,3.6974100779794004,-1.2695060743875004,5.430850327662199,6.908353743335098,-19.44102144466899,10.979001553475399,-144.78015047853302,-42.1775896465925,-2.5942594889059016,-45.198503134498,26.9601396238357,33.4461733853484,57.69934122358302,-4.323468438341401,5.902220569166097,3.6575758086222976,6.798019865710003,6.063042663546014,104.16314812646033,2.7732952927058196,6.262817443330601,-38.082628840976994,40.556753708864505,10.146195058307697,-14.747701231573998,-0.7014112638461203
2024-04-13,32.5715143922536,0.4016404848755908,-62.8994908294779,36.189899216468405,4.928777981975998,-24.032587721268,4.855901373896799,4.8722367976487995,-3.1217407031109,-42.07691431940998,-34.7189488397762,-4.12673269579542,22.5493021818763,-19.861729660267002,20.295810404551005,-0.45403022992329767,22.6866598734384,27.3488626375282,-3.5868617012427,3.9690424806513,2.6947403577554,-24.44725368278199,68.07095755448199,21.321984723523002,4.142593822660103,30.491043738759004,4.7710148175341,-2.9754632240438994,9.3928984600361,0.41140816274270087,11.667912907127004,20.922935459928,-92.539553695628,-19.5355654406508,3.185239920049,-23.605513584476,54.1951441128368,37.1133957603258,52.287638177308,-4.343864701646741,-18.185827427309697,19.7077767497178,-1.9968264977955954,3.413860528190014,282.69884439623,6.06429510550476,-4.107061697933901,-14.765491160163606,31.6784517987698,40.0671753897925,16.1192291567979,-1.2908571365239103
2024-04-20,25.036216241387898,5.88934202129794,-80.30537182600212,16.429432026498397,6.094999912041004,-10.5311002519599,4.697735343176298,3.5662330868194,1.3010711275020999,-16.474347358865003,-28.880388224321358,2.5106709956640296,9.2806638831517,22.67512232071701,54.924654923251,6.080371266061803,-5.786268415390502,35.44260996993221,-0.8880028890595,4.329746503118301,26.627149873383104,27.43873427734499,182.39194756754102,34.662521524158805,23.306881154680703,29.530660880973997,-2.649311614344,14.444272993946598,6.046563488687802,-0.7977004939686001,19.793673882636,23.331605009170197,90.04471623766,5.0424232435838015,2.946931838108,61.617502532294,46.781976245946694,21.306630063420897,63.25566168277999,-1.2997482394778608,-10.354457944041101,6.957086747338501,16.5224139374927,-11.010711712433988,775.0472383475899,1.8371104671975003,-1.25585260713261,31.165884510279994,33.677258484866,39.2915202208505,23.652956153183,0.8724689282805298
2024-04-27,13.096165787687799,5.08047961723703,-106.85169498519511,-37.8686088293502,23.438446440106986,-12.7430800512096,-12.341066075078203,7.92514580389158,5.1468622938887005,-64.95231814395399,-25.04267590132703,-5.97105539277778,-1.6465526635435008,53.95771679581699,38.154591175496506,30.944736866085698,0.025908832922798553,39.7855134527486,3.200774785979501,1.6459056766216005,31.002881264440198,56.01081274528801,129.17831338486,27.083532307882294,20.2170591341903,26.877890686688403,-6.842003401157481,21.019715773669397,6.359942482608002,5.703359723829379,14.507211273378005,6.362462271261698,145.66462599641898,-1.4663525280683007,8.2926217674394,61.46660579487801,27.691219234657297,5.732680262688298,56.619241165272996,2.25853883478937,-2.0714385040215006,7.604799856984801,20.083915275911707,-17.999661910407013,540.52313186538,-3.30802279410172,3.398023980668871,31.373999307037593,18.260962518762497,7.175514696365099,25.932661389722398,-2.81653836786585
