date,Alabama,Alaska,Arizona,Arkansas,California,Colorado,Connecticut,Delaware,District of Columbia,Florida,Georgia,Hawaii,Idaho,Illinois,Indiana,Iowa,Kansas,Kentucky,Louisiana,Maine,Maryland,Massachusetts,Michigan,Minnesota,Mississippi,Missouri,Montana,Nebraska,Nevada,New Hampshire,New Jersey,New Mexico,New York,North Carolina,North Dakota,Ohio,Oklahoma,Oregon,Pennsylvania,Rhode Island,South Carolina,South Dakota,Tennessee,Texas,US,Utah,Vermont,Virginia,Washington,West Virginia,Wisconsin,Wyoming
2022-10-29,59.57087864281817,8.334720696601302,-30.32650471600168,24.27051828429275,-33.469597189986374,-14.59963583925169,-10.201492500365184,1.8359489501759034,-1.7750194463362892,68.54003470427168,5.458953588358995,-1.5983155810243073,0.9648545088761613,-20.26208683284092,7.460961278829387,-14.925282463023857,-7.23737756447661,5.321346597646038,-46.9496090594533,4.331842140532938,-59.31344895160245,16.33511326396153,55.2312113328873,-4.382417326329842,-12.126411163460943,-22.60247176224031,-3.215138906500496,-8.297001102371535,-0.9063970279489517,-2.8389930139021917,33.30870962534088,-13.448832271474608,21.48398480269958,14.495724910068503,-0.8124261960098469,-34.139805627033184,-2.4785917498908567,-31.44105869395185,8.784503708090085,-3.491057483306048,-17.98374145200831,-4.346614154507247,-130.12084338110463,-161.59445074945148,-250.99969380763036,2.5338931586209874,-1.8004450476407685,-15.196971527469657,35.01993325772367,0.4236848421540529,-26.019001769725996,-0.22347875564466158
2022-11-05,-122.17004400307567,-14.358185933507423,34.16718548189452,-29.11791359135212,-56.0298003779576,2.4973448228962667,-28.5680227946101,-2.170648496680215,-7.667447906712551,-25.855488465634096,-50.83324536646232,-4.109339242287854,-2.473611691587795,-60.31437806823763,-36.14704194395685,-5.347912118490363,-6.004982211178923,-49.97058679894444,-54.928342425290964,-6.229837921890692,-66.16894539665867,-34.43638540311023,-115.88202682565888,-0.7945178935260913,-58.00577371676977,-38.97016249023625,-0.797850376411271,-0.42696808736017644,23.622239714201747,0.3084793954361977,-37.65007927639856,-23.349240870266826,47.10574273065561,-109.20093333159949,-1.8814636487647614,-87.00604993867472,-28.692247889719816,10.19790058961698,-69.40662501506512,1.2612088536258232,-78.3997103045601,6.80850595363988,-80.60892014365699,-357.27099026697886,-1604.755836173616,-0.10383036754592467,-0.4049058338541922,-66.12692037212103,14.233678172259083,-25.27058831927481,10.412191329702079,0.372485810443707
2022-11-12,14.51248804887939,-5.417157394323578,-60.78965499566648,-78.13363252657189,-54.69893756594081,-8.191089202324449,-10.17142301270869,-6.61841999601778,-24.814219345012766,-111.78082143307208,-106.17147035327405,-0.9453928872336679,-12.223777648259368,-28.62145914544365,-71.09918827758631,2.893020330550023,-9.386846696388957,-137.403180906885,19.531599656399834,-6.694825801507161,23.223567957022112,-8.555503353474151,14.691523318064569,-18.70841921703149,-175.9967778152082,7.673358560102969,-1.3365081964010317,-17.6150121455886,-13.22230698397021,0.9357820023663002,-106.69086602394917,-36.06327678158899,-84.60316489251866,-41.93084706340855,-0.7333609886642236,-52.28015126802785,-34.20647925233055,-26.94919309687382,-23.510734545956268,-5.434322133867836,-129.49748971074456,1.4135389120307806,-130.32267999973425,-438.0935019798857,349.3757003523988,8.276868766726432,0.5193036065196059,-194.49745154735194,7.284367540914133,-33.83526613457408,-15.511886878446262,-8.954643276526792
2022-11-19,252.7421763289742,3.0606935281672527,-20.20942849842244,-41.04363427982048,-285.60349725320543,5.156081321054458,13.631747548054975,32.01519336768808,-3.747591401218152,-183.8200314120415,-188.17098842648994,-12.18830149501489,2.054672247090066,-71.98960748124543,36.99178794079501,-4.671116142150977,3.376529485543763,-352.72926302873134,-19.43273698116397,1.4286589123446234,-278.5167730168495,20.308663433903867,-55.32161212626974,-72.49174662299866,242.7929362486339,-23.261559554441618,-5.947904485896385,10.785392073627847,-41.44459432114751,4.019081389136368,-136.41715109493506,-39.37052452835384,-74.1120857022112,-62.09074294893787,-10.100840360199612,-64.85819753919,-7.33193424367262,-13.65414076775616,-107.16018870719057,-0.24646862526966018,48.75390395102028,8.92378413511178,-98.48238365531975,-422.1283506312259,-934.8394661461743,-21.690419242170663,0.03481248935947834,-133.68642645349945,15.989669455394875,-81.62253517443233,-4.8086301476051005,-3.255288668222101
2022-11-26,86.47673186547314,-23.17513639908229,-179.0949582498499,92.06597272874217,-558.4549715381444,-34.73518011868164,-44.31927847510477,-36.91835966152494,23.95220264483205,203.29009956994696,97.20618100321303,3.4819943556844386,-46.65112912224765,-82.12627560424767,-18.95303045426303,-13.714293927129045,17.05071107790468,-6.36188474265316,-29.1422667692176,6.5547050190993055,-92.47251716420044,-26.018607123553465,-63.9282311822933,-67.53114526839596,-18.09181861360284,-6.285591514622951,-0.9628075870176342,3.6084230812697697,-72.76463801335059,0.4891266863903816,24.136112418223206,18.180846730500093,-95.32056878399703,163.95386047725947,-3.63464774032804,-12.26537247518354,-13.245892310341787,-41.524788127052204,1.1967185249420709,9.141496853601264,62.320358658679595,-13.763085903952248,36.41549015411641,245.47187872452878,-657.3463233961484,33.20480077165813,-1.8810908139340117,213.1169028041803,-77.83303278141543,-24.019088359794836,-26.56976141984473,-31.79618393200642
2022-12-03,-31.28775258060375,-35.951193483616926,-241.65104455997522,-80.0847030075235,-1181.0233585898882,-45.97901848159256,-86.37694586267052,1.9471877299144325,-24.361792703389185,-180.3016367284837,-48.21486474150743,8.90290169026126,-89.9742925729371,-386.0997811713862,-197.8584833948637,-63.99366512939422,-92.00273247276402,-357.54661217793864,-50.158647669250456,-15.746379828296934,-96.1475645960625,-105.91325085818761,-70.45227868218751,-184.97089991351973,-61.1747289493382,-288.41709827286707,-31.041333507557816,-33.472113964120275,-165.07613677237632,-6.181334794033663,-139.8089317549552,27.17693511389365,-296.11672938969554,-101.44446656122165,-61.24288759959221,-106.01291415242218,-191.26121471001966,-239.99503402818186,-244.81634141190312,-18.962374835599725,-10.4845457374835,-45.26462890961987,-162.11217233321042,-633.752724860052,-3480.3534829001364,-24.471876282797993,-10.157803879799111,363.726432744465,-329.5984654762623,-29.010747144883993,-153.75438441340575,75.60148578368928
2022-12-10,-107.86118510788893,20.097280435464384,-248.6749119713669,-279.5743661501951,-1393.5594453275453,-20.75154429402943,-186.88772786039175,-49.52405433463858,2.941551128179256,-227.06431850523813,-43.871280378470715,1.7450339332506921,-32.71889179388256,-331.9270408207998,-344.0408569464395,-97.73907566304364,-106.35972923130561,-549.8635024000221,-11.245483262967127,-30.449513339002493,-98.69849938774792,-102.2842041550997,-83.73800643399369,18.1134408537564,3.9346287662892223,-498.68729063136453,-20.30579560416033,-43.13595156075965,-175.21453778965204,-15.366054621083698,-205.51993388599237,-119.574533163636,-430.6198834073251,-204.22550647999827,-47.493259809075376,-474.13427627870624,-321.60598537157034,-230.43064029004466,-611.4891084861113,-4.809417934447662,-5.49157840711257,-20.957045288315584,-112.22486278416864,-12.666112167903975,-6255.408602798179,-2.8767918878155285,-21.944342682096533,-216.32334856492548,-44.445813819745695,-81.905397679537,-238.25420317338313,-25.45964113458716
2022-12-17,183.78011850789858,-18.74597934755961,372.7758119642367,142.95155878197488,1753.6523584087481,-27.46111520796103,-306.9682843050534,51.1400727772517,42.53810968397677,330.5255891985987,70.00743771055883,-1.5876171215980914,97.14593174474783,740.7635211267718,488.2970248483491,39.640206240249086,95.4499310750142,587.2910338139241,41.607867874482054,-0.16468652456366328,137.71764853976532,-181.50641129842433,69.33608452841145,177.71353857844485,82.28755326779321,458.3014845899538,-16.11942111258874,-15.438747291076297,271.16452693686074,-36.11246534292025,589.8183467032691,-62.48344420442845,708.3438369668934,441.649981250755,-44.005672582198486,514.1412907472832,738.1021936104964,102.64317765577493,863.6837250041267,-30.808184239181532,112.67233359824115,-25.9261012959781,254.56132278223208,919.5370259416491,9033.313283252719,-9.07332203371616,-12.822196471593792,-430.6878765361926,206.49317737680633,76.51177083530001,293.72741906835086,24.309416184860027
2022-12-24,198.7965554207393,14.515795356308033,233.70274435474073,172.86613499993166,464.96984468886967,-44.741353543535155,166.73829395932353,7.544374969575841,14.325232691879854,-77.44250424863526,92.69277736590837,10.215904107337025,-105.55622027678584,77.34000968600105,-29.584156682754383,-157.22840543560753,134.3478466631438,292.070570430084,163.6480694685372,-68.65728112798074,199.6563726417064,203.6293755817161,-228.03461661751192,84.36415144744296,56.82805751935484,202.93411992815277,38.92739900916308,-72.9821785598626,169.2601414793807,-11.880928797563186,225.61805352523572,30.745478894348707,-130.39447887029883,-155.99811185806504,-30.980903342346416,-67.72302061558526,61.94707850294253,243.59625835902682,-34.82504920874919,6.415034466138238,-61.67454155782471,-27.865717969701464,208.95292254961385,444.9056349826981,-1346.352610809583,35.65475959402839,-11.05428781339809,141.49006769858602,-225.94020516633725,96.97313454795426,-63.17724533990531,14.618574111867837
2022-12-31,-73.32337857020958,13.799122020792623,-26.084347158615174,64.77852645202984,-404.2565881185951,-117.9027748598395,16.80063879250133,-30.58140615126229,-7.184469324065912,-72.65246412699958,-86.11349823227043,-23.117052639943307,102.07433294880167,43.3722700878385,59.165705761228764,42.49196156448727,77.30333276167141,309.13200805695055,-96.30145951743556,-89.19808336153946,-10.120054212904392,41.193758839087195,-497.2961133118298,53.466875407487635,42.65901021411702,184.05328234211163,371.8170387724253,7.853307460124796,-15.238507253167086,-62.1150871630074,48.905746270268764,128.9066040276984,487.16460697316893,-59.12961357796635,-10.80726793365585,171.16382231101045,8.316719512297482,418.62506540885465,75.23299748278419,-54.245420481958675,23.596462060335313,5.629611643965092,77.30281201333867,175.17149249627073,-1965.5876642190487,-25.980923216757333,-0.4563391518405453,180.53810046257922,514.4352862285616,50.677350307970045,-31.983289528980663,-12.440027563644684
2023-01-07,-24.721947967772834,0.4030173232131773,-36.88725798584983,-0.34780861686937214,374.6094771916737,92.57789155764459,119.98751531438108,-32.91364042417126,-34.072728445516795,-161.87141957315316,-37.391459364402465,-20.895333621687996,-48.90299021697348,-74.07432883674744,33.35873056908122,100.1591389463124,-46.81556759641023,138.77416971477118,35.568238707655325,-1.915821648128997,-68.99095669645502,29.844515013455066,225.91706585435145,-61.169973224467554,-54.68723169051448,-196.96354005470386,44.922796513815086,-9.336420552009372,46.21408306316573,-37.6299017382472,-53.90544590405477,-20.40233050760611,-15.620545508236091,38.177994672206125,12.576067824047684,124.22701259629889,-134.3033685772981,-91.06559851829928,-169.42008683655263,-5.263468362038736,-69.43853749035644,12.896925215717019,51.1536656071184,-443.87343874710405,-4182.175925994319,-47.153951438394074,-5.562034394720683,130.58128204985616,-118.93875322417063,64.76210822869217,-73.63588165265378,4.497829352073538
2023-01-14,45.198690566387086,11.045026872852993,255.93062268754818,-63.822497640085714,315.28041210157676,161.86033205196247,70.88649503529572,-16.972341713725395,3.7388933080787083,-12.680407084879107,23.40634579587453,18.761314834790173,98.37863163663192,79.94284636620603,173.16966281631267,133.78332563996452,59.820899425042086,-56.52757661872329,-30.747760038355665,75.38146069149872,127.53458490506841,391.499017476665,594.9932498402604,98.29257915184303,36.0793929710788,311.5963719539433,28.77625684688803,8.049170362805,20.203475666077622,59.3612388194143,117.0804907716074,118.81959855284492,275.6206764464523,81.70963463708551,28.072945782728596,16.428240571417746,306.1287584769059,179.87338792610888,385.18042176304675,9.01877501554052,22.86782139618788,-12.482486516277994,-15.980367562842503,405.1230565336657,6542.027995954468,37.541992895693596,37.42806111885491,26.06032463018971,107.88778379366119,-89.65544292107573,165.53410098073311,17.510962945156137
2023-01-21,17.552201896361964,25.11744599659295,135.11092990301188,36.990761657184834,244.4624121213617,51.14218759309483,52.5396058541406,25.759262063064014,20.14884164518171,737.5695515582602,75.39915462323691,5.7718560912696155,46.20381057231384,160.40393933068447,115.01712587401033,101.2348276493945,23.09926039282901,-44.0980479891292,113.47128229595495,36.83440529688376,0.2900722420285149,172.06177752525423,-89.6265591349036,-33.92370756113771,6.903023864859776,-29.705284593834932,2.633073346562462,57.194499233435636,91.20355368087559,57.2675950895448,188.99885053065378,-15.152947934069623,67.11869469615795,49.931232103324504,27.332015637790178,281.8133713816941,58.441063694301306,-21.58731369467592,209.29619887505555,29.627557344982215,54.449320975565286,51.834628581890314,62.184167677653136,447.5469109490359,6826.988307090824,51.29899659929086,18.856171722483857,31.11679765521606,39.06049673911133,111.22038746065326,103.99982315500279,-54.128059373054086
2023-01-28,34.32679496627205,0.8352340023188409,20.49953134812006,-20.782157884434312,121.82980590612715,45.00535034622021,-55.93520889338184,15.404820326327236,-80.82381921932861,26.498363749868645,-14.900279850982272,5.971147532312688,22.699839509406317,158.04190966390013,99.22361168360533,-107.26018053418156,-83.79481438701859,-10.944957197731,-94.38303739793062,26.735534741170788,54.420419776185994,-285.0774107856704,-516.1568128294957,25.443056972097757,-12.14952182854509,-136.76312350133682,6.849628647486401,8.390431916618724,-19.72857731994607,4.956629805326401,-63.49061631229427,-256.52597660707863,-252.70694266806083,24.404373139657736,12.809760874332369,-311.5909457497757,-68.53101485802108,-82.96298998156831,-130.6591162215639,-4.5472452740287,-9.885154987486239,19.229840640219443,127.3796132696801,-268.11027978589163,399.3000686669202,-26.217367769293276,-43.50997881483321,-82.73338308572153,51.489632289223664,-11.039495323475698,-195.8376851288198,25.421838693327402
2023-02-04,-4.057825512817317,-9.579970991870127,5.875456668702881,-60.197899692285844,-84.4228560922217,-33.93631146910644,0.07403514704701308,6.679868816630494,-16.01670360395827,132.2676567439612,16.741434226220946,-5.414804037198765,26.18487797572734,-91.25221062135343,3.159996672442958,-36.546224662743846,15.539503127255827,39.48483632818349,43.13330287744937,-23.103358993717045,40.12853493702451,12.72232102513206,76.25243233291602,-5.840861452003873,16.035196347874205,-85.24880425968973,-9.950893880212455,30.894258958058586,36.16262707512597,3.2573882427692915,64.375183924352,47.108656879492344,-40.65247852130307,-41.67554418347543,-25.781281276875788,-103.55627209164246,129.11249529554132,39.97782410780613,145.81701762741233,0.6550141416180484,-10.88373542797812,-2.7087312798487595,34.45563237270662,32.48657580061234,1080.5187349390935,4.3379631606318,15.512795954989592,-143.04326513941243,15.109395206371914,-33.78908375296821,3.16258407305844,9.509825193218273
2023-02-11,13.446828154006425,13.532341735134391,2.2785794648064552,14.460327290333794,125.5206630912468,35.34170976493215,-1.0393888013086858,11.962974733830244,-3.320706541075123,30.181345603392288,-25.619300479792678,-2.846339303299244,9.140982697085132,150.2432757578962,-19.846485216324,68.22465091347448,-43.52555825398976,-194.9392322066206,-16.600236899334526,21.328643846508328,-61.95298730126097,-102.81234283325415,-151.96409958253008,25.411783370752232,-0.23570088544088108,6.862876418363015,-10.414036623200383,13.224672209187496,-30.076106627184245,9.544649517418543,84.17943501548024,-1.728398913006993,-16.507366645908803,20.54758562361163,17.965333804960338,3.6586807730325006,-105.71091010923567,-29.633098638666823,-16.575458029280185,6.854831030982352,27.527398107295568,-2.1752634011213363,23.917537755903254,125.24006448908972,-374.3248464494379,2.637750451366296,-6.260512821982097,22.526192826642415,34.90767888192235,-6.722701167827708,-26.73605768339632,-8.746755941529281
2023-02-18,-7.605933634741973,0.2420953053576964,31.95500308441892,-57.45529214958365,102.4407115229589,-4.443869456804208,-5.854339991633704,4.725091012890531,3.421414246563973,3.849575670965919,4.60888953267191,-1.5122911940493697,-3.5893006186812215,-71.96674086229879,-4.228545836729424,-32.45938400504752,37.19498609410501,27.13393428886762,-0.5665782397565806,-3.414144150977819,1.7789412583802857,58.395159694641364,72.99939864338563,41.50257985503933,28.642463384229274,32.743696398256276,6.440722811238846,-9.066908468799614,21.88150866434131,-7.962738177501066,-107.10947493947668,-10.29029793642498,1.241989341492527,79.91020194993382,-26.58736043934914,-12.736491841542602,98.37763717277318,-14.749297814303475,-4.483924705794095,2.834461745109179,-37.87931126490115,7.609936206028422,15.201131042176577,-21.243308447397027,657.1562956719927,4.973281294088562,5.048751319541101,-11.791891040703106,-19.25871118803897,-11.226337773358637,-24.014643127071732,3.7668292821215434
2023-02-25,15.099428431665572,3.0552658744156247,51.484383401063596,-5.772308739459696,-88.07659583780179,31.249587494852136,-3.9684375860956145,6.587457443786437,5.398144981032059,52.561583808078694,-3.227433883966114,7.174425266942697,-2.1665524405469423,74.76140575825816,15.194304588355848,29.236559703396694,-0.4156495168919534,11.796876506986237,24.03296504824153,-10.149530233240124,6.868852980936893,4.100355026489233,-60.8281308191839,-25.213137944112347,-24.229428141816015,-92.63743148078728,-6.570696023513734,-5.673381011250169,-26.871823971845266,10.291522754573023,21.603397660658032,15.55586197717492,-103.50316723021047,31.360048885123902,2.5072628470033234,-72.81436493373971,-80.59358181737397,90.5514251443442,-18.34957816831178,1.1561700548759557,35.36123270537131,-6.583933770568091,-15.039898077285102,-15.658710656018712,428.247581894223,8.19687757733671,-5.083472761599134,6.620976973841977,62.19154399372336,22.09491811168749,14.303217593461007,296.4729253668043
2023-03-04,7.238149621306491,-0.28324015977800254,-48.09697678879233,24.560129818507797,136.83888535249883,-41.772646088940405,61.91484469565762,0.3832659854112084,8.153642885942157,-58.410391393856344,20.521200692487298,-1.4368295014582904,-1.4945006521218662,-47.416980437478465,-54.35010556631576,-51.68073035446301,-24.47898192951666,19.099346270335506,17.247606521678073,-6.68540020266237,4.218382256547915,-31.308422693518153,44.3861127099573,-5.053857408462946,23.06815541640161,87.42761407649331,3.062387529989798,-13.332045664116663,44.75725249799759,4.518921216630861,33.61163975290707,-27.5463683857842,240.99473889347883,-17.058517308039583,2.4569062255829994,188.13145664779245,73.55724611898508,5.793938617923439,77.08393927375744,-2.274438941566225,-2.8774355641497635,4.722521292260142,24.51441138447413,26.850832185042094,15.351382955806457,1.4117301306352363,2.660082970141456,-31.26493601984469,-94.99268038475817,-15.347895158190042,-16.224559462097744,-3.0137079514814524
2023-03-11,3.0108971374246813,3.0361036720284913,64.54698163976796,-28.034796061862803,-88.6062633734804,13.047635009306902,-112.6989455126564,-4.206534949672854,-5.0342253439229925,98.50669807804223,11.214819823759171,5.734472731760732,6.543621600219698,-22.926170582478715,29.931951819174117,46.91508271235675,-11.77927104048247,-40.151136674930285,-8.403434821233468,4.3520649119696735,9.930612899017738,-17.295317290535905,-9.138958002887797,35.65227904170763,-16.219687689081013,-63.00271863363477,-2.727455367373448,12.943034224072651,-29.15245147679217,2.984818716214912,24.58953596883272,12.926598488600035,-305.4976720459998,33.38702021035485,3.583846206657615,-16.536982511881618,-56.32882183927592,-57.2773026397448,-149.81459052978175,1.855955864656007,10.002217898643934,2.7709925404847375,-3.3009365005068503,-85.54541496786413,1962.0468656495627,5.939865545202885,-0.9515021621186933,51.1958475054149,54.456910800746684,9.325232125349629,13.025975632098199,0.05856535860757761
2023-03-18,0.1509245038437541,0.1152691315060359,30.026393323639468,26.843846347329567,-3.058269784560707,-6.968795952213753,37.10883671657948,8.744702141335695,-2.290239800989357,-116.66304965194132,12.569872504930501,11.285880267644954,-7.69573224136881,81.59518023142796,16.468921997878873,-16.86164451589337,46.34252701294545,12.009711465435583,2.856314021340907,5.819656812563436,-23.311733252187896,21.890864074183924,17.82920885058175,-25.945732958036924,43.48365626193939,79.99244773873298,2.068571865927269,-6.738998660259448,5.458781023279695,-1.2948594487319283,-19.270582005125416,17.974056199927844,-39.9177482245758,-23.809308071557453,-5.66530237417442,-5.092705122183883,1.875488729836249,100.16964765589412,83.71275646069864,0.9704299228265034,-18.94893710944492,-8.485053792385623,-2.3757306980085957,36.13731568344585,-1701.0295850551709,-0.092494478260301,-2.922850076923209,2.529830061896668,-17.25298651589924,-14.42875896268076,-21.918327382594835,-4.916738777077775
2023-03-25,-16.52136659148192,1.2104669209031709,-112.57565146941205,-5.55611125040623,-128.4256635623451,1.6893036525020033,-51.096617926241535,2.98462363119776,4.256648158870787,114.97502019468834,-12.026562797744681,-1.8529515227677802,0.9940001065766788,38.79168461313378,-13.49533491480144,0.3456920799986545,-19.003646270805888,-23.37436255100718,-3.3103040187101413,-5.0957706077547495,21.90400511837377,-3.94958504142528,-35.45824088065332,18.380725839152547,-20.192368444146723,-57.32176597573482,3.259617494769098,0.7184541639664577,9.81271924410687,-8.221668436214403,4.052994504920289,-22.18966789205991,98.72510409119798,56.13313019687513,-4.543121538014487,-14.108378323230525,2.0089404972239997,-65.76221356045917,16.405006055265716,2.837648677389603,23.163278311382122,-1.5413665047775247,-14.301116171577746,-106.30243062056803,947.6914870328374,2.6218229674734808,5.55247480831103,-81.48102335663114,-95.34019973156937,17.5492958773349,29.885570655516204,2.0263556233198416
2023-04-01,11.875295466846083,-3.221010766710217,66.87555749441104,-16.544209949204607,15.074868974142106,2.2053681113185917,44.613169815449325,-2.5224106049637847,-0.9310308666600768,-7.954510942963907,16.519755164517463,-1.8646474226583316,13.516719184394944,-20.34219214660407,21.143461353156425,6.251305287448581,-1.1745170404366396,64.6592181602026,1.9416550598400484,8.08708896309832,-39.8095637929294,-4.482428103746152,5.5221868712536235,-10.927186672620344,15.438448964089481,21.55754450510193,1.0606036246085413,-0.5502202619464569,-11.258487681936465,3.4165198687620997,-24.140671178867052,3.9544127369881927,-34.223123539664314,-22.464248366337017,14.683330071967566,-21.653436461646805,31.293282465998743,4.847943343974066,35.04968460356656,2.391882261058691,-7.483066896755577,-3.332903600779364,-18.204717505458035,89.36669757508159,-617.1366058736153,8.265224675399333,-5.099523911701328,53.478284030208485,186.52733398727912,-7.403484846547599,-19.616553259902282,3.754272840772059
2023-04-08,16.032889390125973,2.450774589093819,-94.54405815095353,-6.116719951158036,-16.71488153139194,0.10995635794881764,-13.700085258716733,1.3504326038749852,-15.201753953352881,1.7781861951361009,-19.377061840474617,-7.808907601937303,-4.953513882621225,16.893291608454312,-29.037756568605737,-29.92207872571034,4.537406859937123,-35.708326736636806,-12.24239289862047,-14.77152552659733,22.017763621683493,-22.892904162669957,-33.97010912513984,13.067324110122435,-22.897215727741028,-9.05441817432505,-8.482102870452913,0.6729261953116445,15.178192526799958,0.7083449574769514,25.0414160977937,-3.5618299155793203,-31.93805616859313,-13.253616480206134,-7.939618079381475,-7.0333792992070485,-37.894526333877394,43.08480419542036,1.0207810758075198,-4.773473887974338,11.609903111742145,4.093142851786574,14.534716590261162,-95.36687300838025,207.2263886473611,-2.9051901253824006,7.064653674367628,-14.880087239256355,-78.64054414407832,3.2857224419516005,9.66951945319423,-1.361434766113117
2023-04-15,-3.011406914854902,0.8158023550051103,4.033278864729866,20.175844865175613,68.22701706351172,6.693080074537193,-14.996463141750425,5.854675319812735,81.5176883089639,-70.96506326687924,19.225324060887672,3.3290312569101808,0.7822531970260327,-30.964778032295087,44.94382791193867,5.85950397403613,19.975321251711257,-4.338529114702126,13.337060963186904,16.46445428433208,-4.571743462812648,-7.382035502772641,36.58956195943243,-10.40924750534628,17.74677093352929,18.280601356340114,4.078650533702349,11.90640311731122,0.34518500263333607,7.468793311498612,-15.39262082301168,10.610143168519883,35.03608801348544,-7.294418906660772,-8.370309070869466,50.96443746986449,46.36096781133227,-64.2589401422594,-57.75442977297712,3.696948004044057,-7.405944018993871,-8.093293071784323,-19.107274760078013,21.01892626878464,344.6531817351613,-6.7201789629590785,-5.126936011676544,2.7609744690039904,5.842317878761492,11.088257001118624,-18.043253166521616,-2.2012800615654378
2023-04-22,-12.655071014546792,-1.7364533459481315,-47.461640534243685,-16.811093317688826,-141.35820562998117,-8.019907938974375,13.273215821818383,5.259618819639185,11.05383514861543,32.20628096257505,14.723478832479522,1.223467828148114,-5.705253331647018,18.838842255728842,-32.715560858902904,-16.402948535129404,-35.81051882471279,48.3836774556086,12.272650764058842,-12.411437535141696,1.3512501912814994,10.869248909005005,-18.723899438954938,7.11144999714957,-3.526895673778643,-49.2015892254996,1.2875558243411938,-11.291946253178722,-19.67732253444305,3.881999585179752,12.195049758339671,-17.414133672082514,-45.80514384841558,8.232929824605577,17.071639426075937,-67.04952970229243,-84.81236945095492,64.27295305263581,23.677817365901674,-0.89383145821696,9.89633078534527,15.158792951861042,-32.01244467319381,112.12955838714925,238.1582220148839,0.8516350035952311,0.3024824540786568,33.08615424353897,17.67103180793697,-9.545128658325716,3.071432530115864,0.8550172698486369
2023-04-29,-2.3919812327119274,-2.507986807798865,-22.162441784190044,13.696348514137892,60.13812407296447,11.507559454298843,-9.720522970180106,3.6900498381299514,-4.169199911873046,39.5020461515075,-6.192207853041509,3.295840046752975,2.1575200318102867,36.93754282371607,20.70109198234031,16.69971516012959,23.144264459377343,36.91152669672076,-5.389959037788859,-1.9023276440977135,-2.8694061545583054,27.966686715663037,52.27711683459737,5.222905265627569,-13.758485661645356,-1.6194913628211225,-6.994264718568599,-2.638587589710866,24.91160410111707,-2.7391094594469223,27.958533994319843,5.593974311627717,79.73892735900982,18.340396054702502,-10.54279397613153,25.698958355534742,62.69764255381767,-33.317567917139506,-1.4862543550735836,0.5381927037203305,-5.279538266361374,0.2937653365338484,48.83412923133275,-71.11024882225934,228.0806460145045,-5.625259660421877,0.9093657119686412,-52.65012824621853,-3.5422970566079197,2.602125329325581,11.75234294526301,1.7547267880868396
2023-05-06,10.977646432420968,4.965573185481874,-32.075351804620894,-9.80951654470606,-50.26994886840119,-9.685673105432016,1.9635532005099403,3.6994092704621,4.275423405383496,-0.07784833374932987,-22.73342310737548,0.6485175874861755,6.897033562529106,-40.41275831408846,-8.516585934572966,-9.515931823761601,-4.572437886771847,-200.77232174463256,10.87216696595025,18.48623855588552,-1.4071896280915528,-27.03581698027396,-13.662991369654023,-3.8496616612524797,36.3654676517201,66.28485920384742,11.99546614927943,7.102651717051485,-29.46915041607512,3.439790643556716,-33.410629053718225,6.056388276342574,-84.34220806279701,-9.008286579489344,2.7999635338561246,-56.834983721178354,-51.18423193717129,-7.617342716498821,-2.6928987736536243,-5.534068054005931,-5.822243505421589,1.0594335828278556,-49.40472887236817,-33.956713509837385,196.70025372757937,13.13254266711494,-2.036729314814953,5.558017870734481,10.362905755913289,2.477612548802007,-7.081810199188025,-9.166185453628135
2023-05-13,-5.89205786034735,-5.060309532262604,45.85229448156824,0.28564820408677605,74.536345821013,-11.277869287447302,-6.6331238722717245,-4.746580679478116,32.37960359015659,4.155432219019644,10.756737769696016,2.8535761993368283,-123.80548184490816,57.9925062009616,15.46619185340544,-10.51787865496064,-2.872755099008007,28.810188659412077,3.9910490192863506,-13.999539632628023,1.0767198817955546,22.444706397884552,-54.65823002041557,-2.764156698071549,-10.119139925324951,-23.454255949361283,-6.691494398661495,4.814414770080385,8.07539903967924,0.6953668331881642,9.396076260907662,-9.672564997653275,-49.107424435556936,7.489488305822611,-1.9635019551274526,-21.257420536093946,44.56414396312384,31.349926638521325,17.86148704685968,1.7468798925607123,2.822894946075589,-1.3042125635551063,20.20749939090291,-0.5595860661401559,949.3600470255351,5.31369709530237,4.2101593081689055,0.49859714241261344,-20.61031053577798,0.9047460306892532,-20.519123492253293,9.472160440805656
2023-05-20,3.414810598209172,3.59814445751982,-57.99651398969986,1.2362637517156365,-64.33192000178964,7.459379090199803,1.1281973336234223,-1.7015203397874163,0.22171792421897418,-42.93183733037496,-34.20786018967205,-2.349312083543973,-14.814745505228837,-2.4498293141683902,4.047687412900579,7.906725741824305,-0.3380426790730784,-30.829249043456066,5.104789070877452,8.288189802736673,-0.5232046178066785,22.00402635723005,32.27092231915837,7.822550423355658,-15.103359750852428,-22.969665784437836,1.7870634876119205,-8.545811688473645,18.77425160197448,3.756881676939482,-17.666934314992503,18.77301909147834,33.87933115531264,-6.294545716302361,2.385833723278383,120.90163655327788,-31.54669821935022,-4.696559609984213,-12.664764915234706,-4.285354022863248,-1.8436258875940155,-2.7859513018315782,4.385056831311147,71.14996224259235,-756.5403087211876,-6.953532994141035,-2.0474667746903528,1.6716445867341676,11.466459236672161,-0.9914045231924185,3.086423057461502,22.95019280658395
2023-05-27,-10.857295117962124,3.905767270684354,24.225553738813943,1.521827165786302,122.78782293351719,-5.467533619567263,-13.522935386230598,5.34990538104995,-5.173114157309637,-103.03711611494846,38.74346391426904,-0.3169855959240282,12.498675740719936,-71.96300106291443,-24.49140065465844,-5.08114079965241,-1.005397042862887,20.307003935320598,-12.052792256780977,-14.01702125730273,6.007463541428908,-62.65731340618389,1.1205914922069393,9.802746627641213,21.5498125614953,12.557908939423015,-3.9026703263982263,3.011391119663144,-15.423767653782122,0.6267565124889956,48.48897292898323,-18.989750088700706,-18.702844484896147,-1.8720792400742141,-0.48647901648753367,-147.26520273580033,31.034451769073293,-10.281651844737524,-67.05389340351138,6.195763507905623,4.9135076700753295,2.569439485533467,1.3462278583706109,-137.94004239727127,210.76737323981706,2.9134350410681016,-2.576975197899799,21.54806547310845,-25.617003088617437,-16.51546916583106,56.65972019354842,-13.385029827810367
2023-06-03,10.27607832520276,-0.1033660948852741,-28.613319427210897,-11.569594606338272,-199.63219092660265,3.870327852538196,3.7699854958834482,3.5481053746033613,0.27606076277849745,179.24561114661822,-6.124439088121271,5.325010915570631,2.68349082471536,74.89415711297032,22.505899052989818,9.926585963399589,-8.612514805864022,-9.454092027444268,7.658453881541959,6.831643828706515,-3.1586366052844017,46.96249025864715,-81.47018344790284,-6.360696458705114,-1.61393789006776,27.00278149081734,-1.1146729219447564,-0.48872297880526006,28.02128358306824,-0.0796252770361967,-66.64553371236812,13.55587896752764,-16.538807820442145,1.9631584769612553,-0.15946423333817172,65.43403115215843,-38.28486863673692,3.75130861635855,63.42005252318202,-2.975881425201729,1.8848813899854306,1.2893705722638176,-25.76149894675666,110.6396989073819,-1020.871703490647,-4.237901636625597,4.003578133546856,-42.18333495664739,17.041890470953383,27.834416579535805,-49.72983265451346,-0.8317027321769395
2023-06-10,-5.140661772814553,-5.3772157537068885,98.02377788011515,15.620771923072027,47.74276233487092,23.792288589273767,10.125123414467998,-2.112587249807496,0.7372927480476816,-10.401604350063906,-13.785111275244532,-6.788661984658578,1.7553798321209584,-32.79184284057516,-6.202266567896261,-9.161011351375883,19.379203705427507,10.856572623261236,1.3524063278844398,1.937815816371291,-1.4260040922753756,-38.65991822257348,151.7120882894041,-1.597348213784187,3.00994492082307,-43.13438935420888,8.832761197860949,-4.822043331272439,-12.07228620076288,4.589494497920967,64.83496676838499,-5.824174083335674,170.37498440854256,-30.753666063463747,0.6282141286763538,-1.1697249786573778,21.82209646131558,-5.379535815704767,-67.1545777788403,0.9035502547388905,-13.552637451808048,-1.1179823466376702,-8.8061780104872,-82.45815879513539,1465.8653983574482,8.726756271430824,-1.7702929884106209,46.46656028711105,12.877760053450707,-5.931975669911811,3.2925797647037314,-0.3060808570237761
2023-06-17,18.364139575066034,2.0031040090162637,-93.2236788939076,-10.927445716689473,48.75194517026348,-15.50329666823653,-9.103237114407317,4.44079486946055,6.460022448000747,-92.0459420782402,-7.333589272375548,-3.224847204791962,-0.9742762932786195,-10.873859751136507,-4.508817570408887,2.2879430175829754,-3.2509934461278176,-10.73965439115743,6.197816313913727,0.2606335892557885,5.083609069278888,2.4652604604013764,-185.96527581074423,-2.8591629336745257,-2.599493810710271,34.37007728527864,-8.423265369240386,9.021047588925851,11.528261137636441,0.8843171800304823,-18.623826312933055,2.924784497285529,-189.7113339444083,-1.21874606349283,-2.5304679690040257,-42.97120726897961,-14.241717899068789,13.776265877066319,87.45031163953377,0.0813189544275057,10.815597896209649,1.3492260968453653,-31.420224123824823,25.403244136882577,-1272.589600843216,10.353958381525551,-0.3543311757850591,-16.720115046169397,-17.61721967428765,-0.20204270212482722,17.10481186978352,0.013916008800311408
2023-06-24,-0.7360090424202639,-5.797371850088247,67.73890306020218,-7.69473704515196,3.443551684876631,-0.47804840382769953,6.056640437255725,5.901263042217178,-3.795236953719129,-31.020352981718943,9.802483073311443,-6.929598826341078,2.3718255641353014,-1.1685754124151586,20.660046283892513,7.23147400285351,-7.1942389311594175,5.848303765169732,8.83324132128822,-0.7420404055362084,-3.0014991760065053,32.73357194984938,152.0739425734809,-2.700428407396579,6.036953888789128,-30.318890440599706,1.4799587717280343,-6.514956074090276,-3.798403725738475,0.14234702915052821,-20.557820102589417,-12.005700278268744,18.836736818072403,-5.7155419460455406,0.9725346001272483,24.180306024944656,6.046917635287599,-23.23973450615277,-59.70071071053227,-3.4467152955503453,-1.855588944905783,0.44868268786948073,21.17268954147626,-35.027821866788514,-74.37575679668203,-4.305199155985923,-0.2742739849669404,1.1236962993318613,10.888726738324038,0.7880662689224316,-17.548393574229017,1.5649403977679683
2023-07-01,-12.292630755824447,7.465209169646283,-25.42473340661999,-2.016602635632598,-9.591196197102732,-4.270743885129129,-7.746147772123677,2.2615820890927267,0.9601001711504602,91.77130355853728,3.5282780318963773,2.6363558175413893,-9.366570621552764,18.23766634498003,9.769837551211523,-0.9072134347321353,0.10091171883106398,20.714273502450418,-10.036270301932857,-3.9486069786681384,-20.239633202491216,-29.32752477644652,-94.16911065193504,10.565217853888695,-15.579301058546964,20.54076615135692,3.921228246225538,5.238092728232703,5.20365162844857,3.630995975464866,19.19944383761952,14.281684448660805,38.06616891462755,-12.29490805515347,-2.1626785810244824,-32.82968507744566,-0.9577709332966595,34.10131802706668,30.037655295179803,1.1044837538755394,-1.4645614160990448,1.712619569439675,-24.496583654450532,7.155324694372766,340.5174180052768,-3.43219575515465,1.178310570620177,-10.426934035185978,-3.6495891243897756,-7.224911906218754,-13.685368258225669,-2.5805889067034027
2023-07-08,-28.90852981421574,-1.820238176595423,21.423719046852163,10.697076429584687,67.45746109680984,-5.961346004566892,3.479500902653866,5.924531112168974,-1.233570255698055,-93.48956541253044,7.777395067607571,-3.35276523338237,-7.875809625084207,-15.449400396809333,-22.20835149300258,15.760069887173024,-4.277327790650748,-39.813515743614126,-4.976929266285881,5.795106883452009,17.609901435345186,6.2000672728597355,72.70487386046233,0.4055376119761718,-5.254528495429389,-21.42904774233449,-2.7179422966166604,-4.680080638669905,-0.8847654985057787,-4.234862195323559,-27.97145709462177,-3.809167774815087,-27.112401143632866,25.77177738468096,6.338817709386905,50.632254837731246,-6.129799354378009,13.593642869410212,-48.69916920356643,-0.32047923510484067,-5.540871084836329,-2.8447592923030096,16.114467546893778,-26.1541185864551,559.016236050737,2.586696676496942,-2.2619478377813405,-14.169389715785982,-3.6145482531742417,6.973357002391616,28.011519844569115,-10.70033709838222
2023-07-15,54.00588917110407,-2.530677151735314,-49.60022760773341,4.840735003541255,85.04311077322232,28.588319416241404,3.207018493821046,5.026214841294621,0.5861665898681641,91.24714763951249,19.277234100015768,0.11594642777496311,7.58881702177324,29.513437492933967,7.472781105623056,-20.084650677475096,11.965669846887836,10.583142120933864,1.204567917002656,-2.1935914050512313,7.92048696702016,4.153153887593371,-39.21855605164451,-11.638395098966068,10.98598052249504,-3.980224588654721,1.1822942227294644,1.1350665358378724,-50.562607156147216,9.62260314861084,24.20345903416208,-1.9766206866102056,-1.9735864370149798,-2.0545324537253364,-1.5361566538421645,-84.78271273639935,14.65921916255898,-30.590055550333247,60.82606191853216,1.2762458894821709,12.468776879463174,-0.15931181086681878,4.127409107740888,22.764465575281463,-177.49580900838873,4.211981202474209,1.7164148869470948,20.805864830915397,4.568717388565112,0.3423101021587076,-4.352854260209231,4.412511083172964
2023-07-22,-49.18761573312045,0.22340813057655495,26.18462007431789,-10.92842210058747,-137.22101615682132,-18.929330498676165,-4.390297360335699,8.120232052776359,-0.6450780022526903,-35.913251318492684,-1.229746391865973,1.4091067265578152,2.515664241211109,-54.35350823116288,47.7937456361656,17.128161651088533,-10.135937277252093,26.24861402380283,9.477049209122256,0.666026370714139,-27.86933439118089,-20.904538007415226,4.211999900513049,4.849995657828174,-12.980564994249736,29.12702307944761,-2.034579157369415,3.099441665618424,-4.686955284533402,-12.366901149913406,2.5628444950028495,3.925310394413428,-20.251728593280973,4.4326164551560225,-1.1569082921364688,59.45888726008711,-8.671401912874863,13.712931189811279,-38.97397633753201,1.6431069667769087,-13.490688146168797,1.660763446066791,-26.61652685640665,-43.64652127961738,15.478465590015503,0.18309941717430878,-0.6483264742227153,8.429626167491577,2.865656855201351,3.08610977660533,-30.07539065220288,-2.2069657541487677
2023-07-29,27.21119045933648,-0.1364582766746647,28.372156867713535,-4.009533582772008,175.86424781693563,-4.975021608434538,8.55984943425318,-4.297299635053078,2.785400549502695,49.53710148026909,4.520433539727996,2.3161506628307134,13.899217463933672,36.486935114223975,-56.85768312008546,-16.72538623100263,5.104514612912515,-22.16348350970444,1.2325970229982417,-5.493688383920468,19.447115199862576,27.875828380737552,22.78283181247054,1.8850705832940944,21.523700928642114,-26.52043355936044,3.186942111466819,-4.140226426890359,4.518952899917068,11.502196504097084,17.943407737868554,-1.3327857908678418,64.63908854773018,-68.7340500038438,2.1634557195685127,8.33708286556728,-12.547310540697595,-5.517614926687709,-1.8755272714809905,-0.2954898653180766,0.5751134740724844,2.494705847887934,-2.1837071032019395,18.51738741417938,-166.4397071533039,2.619201153231057,0.754550597211459,-6.260643654851425,15.09899192448863,-0.4341461246578397,37.02287345372877,0.9502375730267376
2023-08-05,-50.65416066311311,4.61061805984333,-8.411195542876328,14.945671243141817,-76.09229874981264,24.165417411059707,-9.94533970738914,1.978023212571851,-2.1115555436957907,-20.27809402333466,-4.9206135721098505,0.6506660280067562,-9.721790660379442,10.707142719053927,43.60884318455311,5.0480577351033205,2.8227277660638093,-16.4250768648654,-7.042992256344174,8.831915373168515,-6.309827647080129,-3.0663395168056784,-60.05647777069123,-5.538440002830054,-16.026142511706254,-0.17871190147221228,-0.050959662368534,1.7759279078544878,1.4017341160324133,-10.86691214237064,-22.189239887309554,7.575242309508125,-78.62211326141014,55.3533938309523,-3.6846233422818964,-51.30138435360706,29.91344522891493,24.505658333117776,32.51002446278322,0.3206223791396914,-4.52042134988611,-2.198245000045535,2.658482183845976,27.7070544663528,393.5763087990713,0.41763211567684344,2.437669680740564,-4.167948713701604,1.615011089273139,9.570403499510489,-31.498477723080104,-0.18610869515822515
2023-08-12,50.36465580086592,-4.53013018950527,-6.9996787224159815,-16.48900691566968,17.99133512682468,-18.463400151551937,7.874936016096321,3.045721192859776,3.5383591747112058,-17.762037988231285,-2.0641672928730017,-0.39547836869870245,8.807576171376333,-31.85204254078066,-41.81254322575749,-2.7837983554691164,21.851251998824708,10.923728544718209,-0.09783214294730236,-9.949718753512903,15.464607363851133,-2.2591372167723662,79.779738992749,8.589200445403613,16.04778431499158,39.3231776302348,-3.6441574273558457,3.0436945750256736,-7.602667638967443,5.1238828273110135,11.287595812310364,-9.185248820316717,-0.4543052463174462,-6.476844226376521,0.4553631409940875,69.28365278881412,-25.15968698649361,-33.03745844668681,-35.998706655429416,-2.4740582935948643,9.580028176329307,-2.616332048429906,7.131353018210163,-45.35684521300709,-592.6934325311934,-0.5646678140538919,-0.9781819144859614,-25.472770288060943,-34.30834781411421,-5.575884687366845,28.3776681776832,-0.4213246307431362
2023-08-19,-38.331635853920304,1.4833076955805562,7.840108901238956,0.12920170735852032,40.56339620347276,21.843034472260605,-8.668790868976828,-1.34858572344936,-3.027081838103449,-24.045165212241486,-0.47012325903466845,0.1341080837703803,2.2126067430058445,24.70433853051,20.313875953680927,-2.8124361950397585,-23.284541746115288,-24.950403044198104,9.148709449286173,8.952960676675435,-6.364660320648591,-24.042285773443652,-81.48410685201625,-10.984639769314995,-24.813582195590804,-39.79784353705526,0.22460622495724,-2.118848702460876,3.6489579934551806,1.4404223151025803,19.4919261715748,4.809735307999423,84.41378626508146,-0.5119516865644158,1.8335725839328543,-27.046903143105233,4.610912481164384,63.34099407247734,47.33636871479237,1.1592900712243035,2.505973002560914,4.453228472309426,-1.1259828918072294,-15.055779885805364,347.92865406888336,6.057592452188491,0.7641353475832467,30.455761211449627,37.09805185306854,-12.938410747668629,-16.18798413454811,-0.7073228283022752
2023-08-26,5.60653564679032,1.577255716006818,-5.037011399440765,20.317630856973597,-10.766502648298115,-24.27305580171728,10.413314312658931,3.245983283516249,3.1067530758323603,-111.5842660866643,-4.645767519896443,-0.3429511602442652,-5.610348777898492,-32.34583847339683,-35.54834903434983,-13.482114018986309,15.0341291324307,12.138222419155035,-10.292613133264254,-6.9816689002268415,4.561473496374578,25.47023289595403,46.86708868030921,10.301673135434193,-2.88461574875042,-10.394161813008424,3.1655036947731143,-3.7736662613178487,11.09487640891644,5.13076954534913,-15.71553957446649,1.053478472607757,-71.67970063431379,7.209422857683226,-1.7491652172708978,68.8020065538723,-1.2639120275906919,-51.60431969495225,13.01377076278365,0.6936794792836194,30.011738215958957,-5.863904839229433,1.7479424666463785,18.86766638141799,-396.17287036915457,2.305278574039746,-1.947303070831952,-3.7881487023604272,-38.14105290451107,10.761679553604687,14.443175133852762,2.9385782294955325
2023-09-02,-15.701248646479456,-1.1669009207195522,7.553696573743508,-17.113823845295705,-69.77614363914341,17.248453104730523,5.806770920368027,6.684674203216335,-3.56918137780315,156.1575576570745,3.9794474210026323,-0.29457540161526463,7.57551204256951,45.36038284912525,18.52897788432964,9.667281243039248,-13.038621119313545,14.535896350275465,28.52985620605582,6.503549398308187,-16.43087665775375,-36.71233665572226,-9.094278591638293,-16.445958880818154,8.92821099573986,6.857987107654267,-2.0800871753669794,0.33433359716753097,-29.91473099826004,-0.939256101675184,18.188403690897992,3.670573293317652,34.09052111178721,12.193880573761,3.9539086410131263,-112.50930117554104,-45.98430487709193,8.575654697338456,-50.60348304908922,-1.4734771337494004,-66.10993734210982,3.9922856863760448,2.0255163687830304,-36.28796932932285,271.7626831191171,1.5264864678733758,0.3346903759672108,3.5139512836492486,36.914187586481816,-1.5033670875561391,8.724547712105654,-1.1486162591373938
2023-09-09,0.2948403791050236,0.03940940069582233,34.28542781634322,4.136929352286636,-36.572626312492304,-14.525425897448898,-13.582692515776756,6.602688609928501,4.885460932019038,-30.603144934559026,-10.523080902822404,-0.71522462027575,-0.4965214357181984,-30.65426374960288,0.5047732354276775,-14.915372836249247,1.9346759210000464,-46.455134823029255,-21.741028203727915,-7.014691186940147,4.994997822370657,46.52844190430491,10.490212731401162,32.14951688764352,-0.8484004101147988,15.375845783213336,2.1422867923924827,6.272510351466689,12.617851722941667,-1.8954946444684513,-42.798438901473574,-11.999674695083652,-65.32892045007426,-38.207960638015955,-1.6131747297547694,98.46790895424556,84.7311764132863,17.992175568032035,1.0444378590088377,5.462726898787466,31.815189092893085,3.6293401115653774,-1.5904228489333718,0.5827153757110182,-369.839073221824,-7.695625806304408,0.6525754613489345,-14.140777750319184,-0.5654271404631714,-7.152624332202073,-36.717413445721746,-0.1742590075739061
2023-09-16,2.7007835908646527,-1.3002078021653531,-43.82175222880876,15.71825203007355,-73.04894673215986,-1.746020375899036,10.62679572287241,1.8772867614816895,-6.223306205760327,35.01583355417779,14.77340531154536,-0.7639911375624715,-9.666931438362841,8.47089201479773,-13.456744942292673,7.945376619369142,-1.1010818300669927,13.716264309919197,11.89108892075173,7.7282133591573725,-1.9890223316165692,-47.92013281857962,-15.489884175633769,-38.02268113744817,19.214351656549496,-45.343716657062984,-0.30606844586195603,-1.961664646594886,-15.970145645865175,5.766477995075105,58.00296442368305,-3.131480705673386,106.14910398085566,18.831404369663804,0.4384965294547367,-82.94750206046247,-42.716551642413705,-24.60630680304857,39.0761901225041,-6.383145715505579,-33.31821499457643,-1.1422216290801523,-26.214525468753777,11.762174089783244,591.4771399737331,-1.1890927359564898,-2.0817469359738174,-2.2928879542102294,-61.583659032642046,9.206962108356803,21.99298385106885,8.556940516718699
2023-09-23,3.4621360163021606,-3.908901945706054,66.69674841840536,-10.677283879321578,171.66023901719512,13.08034914243808,-0.3832089278058568,3.3918071648767123,6.40048295108048,15.453909504108026,-20.632614305795663,3.5320543772425808,18.19479363251731,10.07549260456981,-13.085623093603324,-8.925834595502089,4.551918887007661,10.061814345406177,3.2132187932720946,-4.438544849748594,3.1189850190234063,56.85872048161213,14.439396047541067,14.622916871816509,-4.136300896252713,64.42737510647842,-0.8171806157401634,0.4195218267906759,36.31175960344076,-0.4983042612654564,-76.91017442284479,8.829248557286597,-31.93719153312521,4.138760762986031,-2.490903367365921,55.739441289683114,36.56432030051539,-8.37218848838273,-20.089437482941204,0.240946873004658,13.441135856464577,6.958597161619462,32.5402733047532,-84.02420589854391,241.24751672287493,-0.7261451314921832,2.990050435310973,26.48094230141237,47.667890937340175,-0.07529211667256774,-16.350578692296082,-12.266718737916706
2023-09-30,27.30661983434029,1.0473710975449073,-85.3908095822786,-1.8874214557731932,-134.95827889698504,-0.9461840197549796,-15.451044479338638,4.810371617506599,-3.212052366736825,0.3902398662542055,9.077800071445921,2.8879790994169543,6.333638933112448,-22.446028490490313,16.43370837160451,7.055004170228891,0.5505589599541594,-41.76952989393746,-7.742691476941189,-4.648490609821065,-6.25231993149401,-60.69134193747987,82.57250172025044,19.457840830692177,8.405127239183276,-71.72232845400825,1.15227601275223,3.91853523544823,-16.136061261008972,-4.030148992639034,23.275268506097433,-0.1736346460346283,-57.78624653291526,1.9153520059973648,-3.3080337079081774,10.149528724424009,-41.23940642841865,16.51188669056821,0.6881943952097771,0.1340183484971318,9.849273553760376,-2.3928177779342787,-3.654640306908643,92.00203476892133,-541.692773912363,8.657281046668398,-3.1197460224698945,-38.19935783383681,29.86625576211786,12.644146792396484,8.653916079014024,4.975913460536984
2023-10-07,-20.857305868583634,-8.521271626591888,87.26624104073268,13.9818598754652,195.7998847248549,-32.93217057371564,-1.2336358218060761,1.285107369260511,7.250939478599485,-30.372166240900498,-4.427764423604586,-0.7185556988833248,9.315326721725036,34.3314602469878,1.2754535361827717,-9.920717923873553,-1.6442182246816541,74.932160708325,7.605632867106703,14.238868643481512,16.43197349961437,53.450671163704,-130.55076063858218,-25.44440121019567,-21.29465812584506,52.85718100667532,-5.774247295614284,-0.9611378184171607,-6.131298502965102,2.5590539648569752,7.35974600534043,6.1118690442948385,15.991220057985117,-8.787832265213105,4.237658484410071,-29.2202945589317,15.328299609535208,21.10249860420648,-47.65850295383237,2.243855335823413,-23.32776620854554,0.93712763961797,9.080070064579871,-13.56077191519556,1375.323259935014,-0.918881746128863,2.6948705573216287,7.0929680553042544,-56.378782737519394,1.843702301760441,4.126251800903615,-4.783047853382856
2023-10-14,-20.56960641699989,-4.786970479295691,-57.309049030287866,-38.07672640974434,-134.69752402593667,57.051988306518936,7.621468783524422,9.61378965087231,-5.80556123054768,-80.62022673511817,62.97770881386349,-1.9698858644605863,-1.4148331873175257,-32.96360388004625,0.05576255772913896,17.797385326575668,-13.026333302276992,-52.153221475497006,16.89886136570165,-22.888434800804912,-2.7351048833179097,-13.221696432564471,26.795917306043037,-16.897534029459386,15.176869723697962,10.604594999825139,5.585794519739736,-10.640381447520676,12.418627172969408,2.7048749659204248,48.88970472160888,-17.51236004930179,44.46795034645032,-10.643706035028885,4.247741204573613,6.8763014795898805,-3.569071817730771,-20.89145156190324,46.42224000277588,3.238941690611159,23.830623046536083,0.5989682783600365,18.498786149104767,-21.998419226003648,-279.71588028620954,-0.12883129298752305,-1.4928932351968855,29.323461202760228,7.122699564755806,-4.29602114032719,5.077428101155547,0.5963763614426094
2023-10-21,-41.18374297289964,-1.1441778525032085,65.69573699059012,35.69229404006224,87.6286805496328,-36.057784305262224,-4.575558756979454,10.052356249298036,2.94985102402648,108.38118157685261,-34.05803458505327,-7.342327163126924,3.109556934863077,61.32983598428922,-11.806252637183029,-23.451852355035808,24.16428969749371,-18.912361294773007,-20.3164959347572,18.03453743469244,-13.078448638255676,-12.014785409863812,30.60243890136404,19.52923883239684,-2.0114476954977043,-30.271951198838934,3.0261814893728127,1.6196648250685683,-21.433085211429066,0.7971890332433533,-37.86466566610955,17.682666470482477,-85.75029422256009,14.908350897643452,-7.517434974282622,-2.9735739811334483,-2.9896375887672804,-5.36371511412483,-11.801517360513984,4.910199832203992,-2.069692173900709,4.577843505474615,-10.83658222744657,-37.0877655237272,73.5073901205717,1.1395844491992477,-0.4647776127282204,-30.78145835223543,27.44911429022151,-18.431876093075555,22.39779110320606,0.8387310832904298
2023-10-28,6.732435295699496,-11.519079986714104,-67.91278327417274,-17.970732713240018,-41.775161003992224,16.936768193169016,4.352858102712158,7.913778227061501,-1.7696245975017666,-22.02138912662417,14.683089555893197,0.9326139393211879,-5.2906610048842175,-87.94726155522784,44.07387338536796,4.348367567206495,-14.756124037269647,78.32833583756111,0.7819262107955858,-5.244292985296936,-0.10240066235964917,-8.94302739825251,-60.64955922815347,-17.807446185246945,10.677818681187912,28.130795192741004,-5.471377682955127,8.399711066488397,29.10136352430566,-6.573590303389828,-15.885199104860007,-0.35167568352617096,56.243720907788926,19.78099820525606,6.8179546219862255,-17.723808006594787,58.90737329318378,-21.90781594490923,-40.634094523286706,-0.1734510293516891,-11.657841440317675,-4.839997768453447,14.519994934765577,122.95375341081552,-1302.7415098045722,-2.4129222252292433,-2.067396944559942,48.393827036377445,-8.257252847851937,14.661953777006978,-47.26771721617472,3.6507064033169723
2023-11-04,-17.930666676231695,4.805407185723226,-17.33458398576856,16.33362561110723,-110.05074208477151,-16.20009512276145,-26.460535365388854,12.294763400571044,1.0195765942408932,-69.72210505443624,-5.183991099590557,-3.8127369224925403,-2.3425866701279663,62.76563905999234,-78.11520561140478,19.15535805892756,9.332098222813304,-66.95872528374316,-25.395666562647605,-0.05643904635556707,-12.280555514380637,6.20540886196499,33.348684949180296,9.30908881195468,-12.638155011989092,-31.051693407791333,1.0778086160001408,-13.952884987307081,-34.97200707739144,5.6356672714286224,-29.262257430253925,-7.506658343558566,11.500727210058812,5.641819953063205,2.393090480174479,42.1312994782281,8.600246840208086,45.62714355441679,63.7792534061722,-2.2123560501701975,33.15555880976103,0.45681402269630134,12.552423297331671,-148.51574815341633,-357.2882239565731,-2.754636643300735,5.561359769679303,-24.375562963432543,14.068570997175641,-11.07717295155836,61.30444814431617,5.251607748075422
2023-11-11,95.42039418595161,0.5290377434748237,32.77941268876074,-22.95083255536649,225.37481546355326,-15.384176573820367,10.396877153083494,-4.662009536272153,4.327898393471922,-114.35435039924187,-18.4030958924089,3.4007427545378093,0.715267675664534,-92.3867787603538,37.15002151962159,-22.34651815956955,-3.9928147456534315,63.15226846737961,42.01952297630646,1.6205328122530598,-2.172519696033344,44.56724497755394,-44.65604721536686,24.333093437881786,13.437667514649817,22.411351832761852,0.9845765594084439,4.947216855991604,2.937458762741125,-5.42750788219556,44.83689357943723,-18.356046929151216,5.4519551707571665,16.69783439707912,-12.308226739970191,-13.632529232325219,-30.339889043445922,-39.02770173329802,-39.922940014666445,7.477152547631498,-18.293870834619405,1.7681396837024792,-12.742268460795177,19.68363343994571,-236.53802877500289,-3.027798006831892,-3.723752826979225,11.824682773352507,23.58788098444326,2.1307327490838954,-69.84020190468749,-3.386328330660179
2023-11-18,-35.40658498931115,-7.496763917724383,-122.01256951427206,2.8963372556177056,-300.80588070564676,16.24660659505662,17.157116741054143,-5.176896968454523,-3.440678550890216,212.70233780922672,-61.19408278596306,-2.813711430535138,2.471794160622249,10.576157102989256,-44.8511514390527,10.720835262978479,-4.157602299514696,-77.82907215499674,-31.775294850850855,1.8496664296156293,21.03161224190943,-108.35365943234895,103.03544417648004,-52.984566441619926,-45.848963174330365,-31.408863531656124,-6.072108567545547,2.7080895170927626,20.885970455515327,5.823113527415845,-51.84395736200584,23.602950167592446,-46.0820456141053,-6.3050205849267655,4.202235857279406,-65.61544226111077,6.917896050389899,28.058161862164873,-19.948500605379742,-5.268692333269847,-40.549027488576584,-1.5236056081244556,63.77153090971116,-46.993343593272584,26.33557127968743,0.7015538196546229,-1.5821074399361263,-57.18684414302452,-136.5791733605792,-17.641469202678106,50.10752027705507,-8.670007831092649
2023-11-25,7.480359184288886,21.294038971108968,3.6650509486190117,25.79558532980934,88.09423350086144,-39.37773662058585,-19.611757334740638,4.866614907194371,-2.9472672685343575,-343.5023356172734,17.4603027082062,-14.742904596951906,-12.336767897857603,-36.2691435072543,-22.638332094461163,-23.27511692705537,-35.282548435419784,89.24072511024482,-28.511248092428502,32.389774029248976,-16.652616825757438,53.85319633702872,-24.879998726531156,41.96638763638133,-15.54526847668005,5.02526356144665,1.387010799967519,-3.985630430827575,-18.366877185912017,-0.6813398674161708,114.2464046571888,-1.1676577889599855,-11.307692127473075,-35.74710625444683,3.701622820264884,78.61423298991662,53.637067044838474,-28.916603205111876,89.05097139415267,4.112791581251601,-9.593209843109193,-3.161666710345786,-71.16702799964571,67.85919275644437,-141.96301726381444,8.406779842830462,-1.6074001485460059,49.118523670263386,106.84411787479058,4.065241853499284,60.351214989591085,8.541837450678017
2023-12-02,-3.6385277492932886,2.2203385308260764,89.4941877242158,-18.59038035678936,-33.579504237955916,-12.7293654978927,-21.645525548030534,1.97772700696368,-5.162664073370717,-156.48103745104322,-46.287266275853966,4.403521881521879,29.40079677664402,23.75481142765112,126.85032270247189,30.59130282238523,7.960149740540963,-107.49145628545023,2.458412282622618,-59.4472707223966,6.242430123703365,-30.80154039732628,-73.79281317023646,-15.819787693908083,30.581119035935984,-12.774218997045523,-0.5702862499793513,3.219153821104509,23.463123914469406,-2.492273679440842,-42.801495971278584,-13.195215348935704,26.851084546994798,-39.08960799197747,-7.732334554989196,27.712066123079566,-56.60973053689997,50.62730634775322,-45.9119907837393,3.8403814840707557,-27.000357791847158,4.773581259267942,67.70237300510539,-140.96719192438633,3329.7967440746006,-4.936889093976841,6.210051889253714,-74.55554475748903,76.44239505743292,-1.6952119704639514,-87.11911333549286,-20.21459915255084
2023-12-09,-19.412618943559153,-2.2948394301690307,-227.40439417537763,-10.636923681999136,-113.99052055421112,2.096450950837067,-5.450056841875835,9.497151086533288,-0.5461268422619945,152.3957543659219,-40.390147859158105,1.3472888067414317,-7.357918166800744,-25.79265181910131,-200.55547639050278,-59.52689839678568,0.9737274011354913,73.00614427610401,-17.173740980576994,7.9272107007685975,-48.54076606964873,14.521997994877879,93.91129515741244,47.06852553348884,-16.021487974282238,31.933604846975683,-3.3981835942801446,4.1755249140638195,-48.873249234364785,6.029491007456942,-54.342154092700525,49.55627484735976,-112.86630463545839,-57.45049767786,-8.278657808078641,-76.34714089893066,21.528399314121543,-30.24349470319463,-110.82960906869712,-8.480120288982729,-30.232577801555195,-8.525380502623099,-87.74333462574447,50.65804270863407,-1328.1909990572321,-7.9117665052406885,-3.4592527110702695,93.12409590316776,-35.77294522343634,-12.879308528565776,34.525830396367695,3.8953366023856084
2023-12-16,-31.2739300718532,-0.5593884829128122,59.64264527261258,13.854709415385521,80.0633485064875,-23.602842956414463,59.45194463825112,-3.3005168839019516,-3.8864917632630362,-36.32645192017162,-115.41152903752052,-12.989956484493288,-17.181602187437452,-62.341327119611094,122.10443453788423,18.705853716175845,-2.7793307774932217,-19.927353916172507,29.787809037721644,2.831693997403015,-54.330691058063124,38.6044689921643,-100.08494137391983,-112.90225312431474,19.970783215352157,-74.010165766701,2.982253469753516,11.12895870233401,-15.854572014854583,-23.752576491564536,-63.21986603417446,-16.52106796025255,82.5041309321141,14.322742185059894,12.681033469274961,23.896773532290894,113.79262985660961,7.765185198310661,82.53192151442238,10.74771409112114,-14.127005852303512,7.293188193383578,75.36078259590201,-43.17688933890804,687.0722846498684,-8.074946870313136,-4.752211287599531,-132.81190682460493,-78.55981196875805,-28.93344500771427,-11.85874960461399,-21.515812301045187
2023-12-23,17.593587694239147,9.596476356641531,-60.71162486216906,0.11079099870291031,-35.19859189956355,-80.4879867077257,-98.03406891433504,3.245542415678571,7.479373648110137,-117.100781423419,-138.2222849164266,0.09117816862551464,0.1878904740239875,-4.194631806095288,-114.36169297914928,-6.045805272840141,53.51514054346184,-82.7857852329372,-55.37249323177288,5.609237130235979,82.32211943709876,-102.93260214288256,67.40481891956341,-3.6228044015553564,-51.59136860262176,21.902994677760375,-13.597712912487548,-27.873875940470985,-40.58084430650263,-0.6935969730653113,-68.66163185584256,-116.26889569676054,-19.470012331119506,87.13172713765073,-16.84202911276966,-77.03616149337859,-54.94447799724705,11.428935462522837,-321.2206423567132,-11.957487082736405,-55.76455956340257,3.8554736574008004,-161.69375696981692,-425.6063660320215,223.92884332915128,-13.468786105972953,5.185866918853886,-77.34366161511005,29.39384068510458,52.46785379876984,34.59331005135468,4.5657699957035405
2023-12-30,-61.83978735997724,-2.630595659912241,-411.99253619578246,-135.66822971373185,-628.877298460259,-36.342049959582766,88.22599042619481,-5.150898920712301,-36.48821892541118,-99.49969243016767,-267.28522403449495,-3.5262795423125013,-30.716791785609843,-69.69560675184567,15.084085009281921,-3.805969547990429,-135.337528621182,54.87882569676185,-89.99928622944651,19.016871704079136,-106.32201738703009,36.81101106669814,21.852828002779802,87.39555127791576,-84.83671581202276,-42.39319500976279,-36.38404705005129,-29.56020622238642,-29.448465223063636,2.476029972579063,-180.47286441593138,29.472824888639025,30.797344804629574,-402.5618728673736,19.231051679643677,-90.35572705604591,-69.98536169855987,-62.78815262625637,-155.7464008349084,3.7422196134387313,-167.6545647388895,-24.278331075639624,-112.69147461566897,-86.86916531611405,-4350.8154262020635,-34.124490037794615,-4.964696876820669,-140.90817461049824,-41.03169079760666,-80.59091449044328,-52.73912511803576,36.38674490071864
2024-01-06,-70.77616518842856,-3.1838871028118767,-36.50297032794697,28.93880154294385,348.7403586227738,-59.67547588902312,-94.83083058377052,-52.987666695541876,-5.152973602240628,-329.00357861304803,-149.72930711268464,-9.72972369842293,-31.83068675991271,67.35983064128618,59.19583946710543,-15.926699685886106,56.18800728823538,-47.4831743728067,-126.34107143803556,-61.394983746876086,-25.318830591772894,-49.8734126632836,-259.360568013849,-126.58908672179706,-116.4730050249992,-33.508245332894944,-0.10380677767959412,20.094477904266057,34.852382681200766,-17.629736739434477,-151.67078417742118,153.40306962383102,-296.9178377801111,-520.6326520294206,-24.868160378833803,282.5698439037284,-37.924485465787086,129.21464689615544,-19.04991401833763,-21.609719321021856,-60.06336852082359,-14.837169167607634,-160.10184139290874,-212.1725807133639,-6413.274426811811,-33.72077453701768,-3.6782687828841567,-120.07875425837278,-41.08841793789222,-34.04825169241552,109.3284535987085,-40.40816248305834
2024-01-13,74.17845344651954,3.847951566102269,310.2666311600301,87.48419369464551,-95.66318671688168,5.2549213458151485,47.878646327641604,-39.759140177322564,6.733350735729928,-1.710177602360318,971.9963738776562,-0.7915798654882167,-57.02250523566602,326.436697714156,80.08814487394102,52.046293381813314,19.731731052214954,-100.71127884567724,201.16270045326888,45.78366464345356,74.8552679400459,115.26289990612156,405.2901780929153,75.34003898355044,56.086433509697144,164.47352317566038,17.135893410360296,-1.2785214698707037,3.357281546998422,22.55940279090177,259.3311909799064,64.93760282209689,623.5771848692077,784.2534695562476,23.40630409419188,86.93046830616265,8.85089877409979,-74.43059755687203,618.7843823828473,-34.18139421131572,499.8555819054516,-11.569583734430111,39.26459366305653,288.11163634156605,443.97509805650407,16.211353254886873,7.3877630192976085,527.3792048047478,29.30728839461409,-6.3568340046295475,78.77501824178546,-19.319566748437637
2024-01-20,163.4018285378997,-5.452967609689497,65.0626020771731,98.55653129570243,360.71780548756556,-2.7235351687372145,-87.87683020608503,6.887137621613967,18.983268333175687,393.5435059537631,161.03878394417075,3.9612504434851488,73.32376895983717,-33.871612024018134,51.918294055968715,-45.81762378289095,-50.30554046975457,135.6547342906561,1.9810589877396012,1.3751606717988878,136.8577781428089,168.82902992380411,-12.073568440729787,25.740976645045407,131.03652410037319,19.336553281335455,38.417710983252675,-25.828567674120436,-6.884008397845207,-5.508501048718728,-51.95176269855256,83.57039501767912,220.9085652360493,306.7676662505726,18.892974152341125,23.185765793078758,-106.72388904730836,44.99715762946937,-183.6242995713124,8.692036184425262,329.66023560975,23.88160136090984,-62.25318250564936,37.77651600858553,6629.226424733104,27.311605265309595,-10.741900510372192,259.86884364661614,35.81370023078887,50.31075098743216,-82.54807136008003,31.456232182095107
2024-01-27,39.35063038796383,-0.3951686194333135,-156.9081767157544,1.159911110689734,-250.32136382582803,98.80801100903432,62.89102390451416,12.88008225630098,1.3126227596896491,112.67942553266482,145.84614834717377,1.7890939286499616,28.194978158758758,-174.00726598339463,-19.79552960267506,-16.96371495654131,75.71357092355868,-28.409100390026992,115.08251751624186,-5.407012359035903,19.65159382175767,-12.44932003914846,-132.7478623615225,24.085232349553962,48.968176350809955,115.94505433410632,15.486779998912638,50.25434932054357,98.56682488966712,9.918708724535392,112.35979110497976,-99.73060476512384,-124.0253109117208,127.15280909272309,-23.11834675690546,34.793622662650364,126.67157419571788,8.695061484462983,-33.89897429890408,-0.6330000123352733,-4.842468026312105,19.18793408599626,67.56641623163563,189.23967932725122,1507.5347012298407,-1.0363118216152571,8.58127336571642,-151.48232553629526,20.480995562071854,-22.346232939634035,79.75381442988609,34.48566918272344
2024-02-03,-56.32515969467525,2.0551717592972754,148.53848327291848,-78.81930253357939,140.4116266901085,-73.88098892593553,24.20955558126127,6.723723160997764,0.31178939874876477,68.20264390926445,-29.146197198357413,-3.5248386188118346,18.32865839087522,47.88452665039824,-85.7494761897772,66.91255946211959,-35.46686843878812,33.52471828360211,-85.78079986620617,25.034931388023352,6.946620973297314,-125.04863526773829,81.3105193932156,-28.237629500747317,32.42649186045236,-251.45873636825826,-50.72307184993289,6.112358669234993,-47.13106338791248,-7.759949034627734,55.560385418122905,-22.37884644518536,-258.31198736215856,-114.71358238198673,-5.9074360785192965,-223.6013426415716,-94.33052086191711,-49.88370992219363,-110.13223488688027,14.081680739919577,5.927571376690253,1.8692456125060843,57.21339391859658,-436.789822508283,-2425.8966116274423,2.751218987176607,10.72790621751711,292.5525623289773,-107.97175955966551,25.867441264187534,-7.869389500037869,-35.69965713195007
2024-02-10,65.12433331703917,1.8477471483807193,246.51154580271987,107.48142050551002,42.068251524638185,81.818382694342,70.76517596489344,-20.43605751737605,3.9401286709092034,180.74570325524724,148.77650362509019,27.34364911980456,1.1560731893531226,-55.73343109807524,26.98145552921801,6.072227268284777,-111.70512599629788,-7.13351533580709,44.38277257485544,-54.82805343286895,23.750177771889952,-52.77349018390055,-165.6268678485164,-18.052436420751917,22.235959685284485,17.169295705691297,34.423065080343804,-7.105714497739278,38.71604407992167,-1.7626868545100507,-78.83398013983165,30.887449451785855,356.35147171478116,33.111878192468566,10.302918406122082,298.59405999181797,-46.91005831971319,-32.97991930577173,-214.3997425214515,15.409340707903937,59.64117421581804,-14.549322053984,33.90537552359564,194.82574792747505,831.6530879383099,13.657046974145892,-0.8271661620608022,-190.13530961983432,39.451005268639165,17.18477525501558,-132.31540356856124,5.858636150817517
2024-02-17,-50.202793728993754,2.269369192910217,-184.70280122728076,-125.69862104718453,202.42086291339706,-47.97012880026415,-65.34406219888119,4.620872577129678,4.077262148744214,-306.6889568056099,26.13968391484042,-11.959593607069342,-1.9946202934558954,27.373569742658788,57.45797269954312,-16.672555918902404,34.51575017590349,-109.08454524558678,5.977043097053638,6.690919067324685,-30.819714268025592,141.57050705103802,-123.65898033290551,11.07662396753554,-14.628854697725956,-11.032743867776162,-2.2096681876904256,-14.556510651886555,7.972458114082279,-10.449690586623312,-19.244860466105706,34.91948537521026,-176.60030092558327,-8.214998773994637,12.77230154713515,-125.38619547905733,-68.89040606667078,133.64949138873837,372.2991479151426,-4.579058170570853,-26.96857687085418,0.7930224803628896,-19.474555821176295,291.54693537224875,-1337.0665826767236,6.925746855173049,-15.424960727962716,0.003979103446113186,69.29481092088699,18.01389702047331,102.05981833107012,18.100326818116017
2024-02-24,-0.450100803258664,4.243834873421408,-83.02327921116613,57.59395907493354,-52.41530123802187,106.5059905158098,-65.11046516123926,-28.01260395081997,-10.117429068448425,196.51268556106095,36.975943645713585,11.747790755284129,16.680247940624355,19.26282118746053,10.732791701497831,29.99011377120621,10.337360833295293,-0.6365782491806158,-2.476829708354245,11.627509690565105,-8.676057055871766,-261.3419018854987,238.84282358837584,-54.94019938849482,14.463859277859598,89.69774949905877,56.86360594477193,20.66197016263493,-29.24147395227241,21.416354019873793,-12.713535684251042,-25.29473568564834,-64.98728495683281,121.92229311098947,-7.445360167251284,77.50305996681766,25.994021973404017,-40.03443557557747,-374.81528581900994,-12.146086689998587,-13.901718817713942,3.9167710376909994,48.3613287368936,47.17563813173638,-465.37983895710204,-18.576103771076472,17.562679172423458,27.736773394640238,-50.31452358915206,-73.92512402612924,-59.57361875793487,-23.59574893325052
2024-03-02,-2.903775693015973,-8.531456373971654,130.37797284742805,-12.328492122187754,-56.38106260004457,-56.856255589893664,-2.7655556279190705,-6.1581121532806975,13.47186256367969,13.467162520261468,40.42686350852759,-4.8680717307939005,-48.9959857131666,-119.72217889764119,-16.91791421846085,-25.243399943274113,78.51042581953928,235.6473492454686,-13.52672269984906,3.676348050945819,7.315039619994366,352.9714775278553,-197.2319932910293,10.550397217177078,15.392939697979045,-100.11610318814519,-41.878309659743906,-24.578314190969493,48.93377336190456,-14.118833385739482,139.40946065391847,-13.224896393129683,-64.09260476490192,19.834009755885887,9.34080519534001,38.0342714702665,152.68817613521628,-14.152168506274421,307.9354063245398,-8.81883220625879,72.85928676209585,-17.90288357813809,-44.32639965021673,-3.758628734604372,-498.2544391427691,-18.233097672363236,-5.852573764410462,-3.9816265914348037,36.75824413420506,70.97138620309056,53.071018546532116,19.400335267014455
2024-03-09,11.845040795012963,-1.9777461566500492,-39.50727393550039,-139.89538397852536,-135.5490258647891,51.108484442684755,-82.28038111973882,-5.275689158341464,-4.485230042753384,120.2863161681671,-6.97839471076,0.7901330996290667,-1.6965038930824932,136.58485722014768,65.39831987116969,-36.18834604220763,-51.93668064501404,-117.45972175855249,14.481329382961206,9.98510815873469,-44.14119754785517,-234.87342863340632,116.91147942356542,-21.206796982574957,-57.08028295642968,89.98379400282715,-2.38505088579349,-20.857782320345237,-46.838612240686274,-10.634572698550805,-113.02197711212588,37.66469568470734,368.0672095324144,-92.29300395222143,-10.470950324310476,-209.64139923323592,-47.391988524195995,22.024056329664234,-182.7437050633713,4.5272959529155585,-9.726244925112738,8.813250770141032,17.71652395147339,79.91778638988012,2370.193527854888,13.26137381373048,-0.09020447922096153,-2.0607100259510105,49.04199102991235,-2.590515751674218,3.3931362759616945,-5.491735640266917
2024-03-16,-16.70780793860248,3.885777854502326,49.12229519771017,94.78652423599442,201.19968110058778,2.639186070860333,113.44769540146206,4.1119323428772105,-17.862968653267657,-58.39068125127602,71.93298824161508,2.1716490348846875,-7.1765680279919835,30.40852312222671,-32.345280054378804,91.38111303772251,17.784900857362913,81.15584374740433,8.26555567512981,18.49054345868815,10.811632930155355,238.92464721038573,174.62848668839365,1.2274143825340502,59.3050973963734,136.64597777851077,-12.25591139446611,14.865557044000084,29.159337792211062,19.502217531634486,147.7864209542384,-53.40231714640391,-24.84408846759959,107.42213170665315,6.037363801194413,68.15932537314802,-73.0831023403456,-26.723789295963357,342.36305189496534,-1.6639673545883724,-0.6395738373582418,-4.141203538711295,-69.7761814476948,-144.46070300284885,1049.3411497499783,-5.475071939949185,2.211864474904644,33.53877296185999,-75.73122783117344,-17.223015224159596,7.711818494490387,6.292023171349783
2024-03-23,3.3633394830290797,-2.7086253710711574,-74.9257223231807,59.51252472624816,-213.87093715848795,-50.909788913539415,35.162775656184664,2.9365053182195453,35.068120430147296,60.60129806159523,32.31036763904001,-5.850216224437302,-15.118064371634397,-46.31516321136681,76.35113729993952,-22.047475811414273,-53.21084758557407,10.079184365079982,-4.283649499399871,-10.754943759345846,104.57820706101691,-45.598912033907425,157.9141851861193,2.9708531898863555,-41.38270155986231,-15.176078897144691,2.075902688988016,15.248119294972753,-6.185991213474669,-12.335581289116018,42.74354083652605,61.896805379562835,-99.08186869495353,50.88907554388811,-15.638147159991584,361.6609799061389,25.853480815507623,16.485186087074993,-207.71612850870662,0.4277456059774494,0.7447195645822262,5.864142877808817,98.86060738008396,-12.094901405850862,2122.8016259648393,-5.407190802831176,3.7371518839517144,22.399067458143207,20.010819622601673,64.20422276721575,-27.91672680633374,4.052211567846587
2024-03-30,5.713393052655235,-2.4239724165131857,37.95131129286273,63.55192037333043,342.68840103716366,27.638622375312167,34.391015113314,-0.8580521370672916,-22.1445211752402,107.26822762424649,32.064526713018594,19.169615511666976,20.964676686136016,39.98857241158129,14.442187436600193,-26.572468347101164,107.66362211960598,7.018016949679861,21.043980656623177,-2.060324971744869,-12.994014502725847,-42.90268106352559,-195.10892960321127,58.47591442930451,24.73606860743911,88.54663270576123,13.389230599973757,-13.856876029474641,5.595754924361202,11.131272666216766,47.18700645282951,-66.83073109937511,-68.42739449170477,-58.70522089420302,16.797441103180674,-192.32366825337323,18.968983387248556,-31.12169604064225,313.0643437893218,14.81357227937837,-14.239671837595651,-24.34404768727351,-74.01470303143452,261.3876368590494,563.8844142403796,11.13031961402605,2.2291964240279114,12.376978737844126,-27.031836963914238,15.692680095300275,73.06172616318256,1.4394892671401411
2024-04-06,45.638625199125784,7.341061977237894,-25.92972129087238,-67.4751400236099,-279.49800796592024,-4.6599295532800795,3.3078910534656245,5.247378844728445,1.9516737739226073,39.410213369816915,-49.51228433305357,-2.0467164537211326,13.883146798339176,-24.941681280352952,-109.16492912654053,9.304293936402559,-30.14862745328609,-6.747769882015078,-16.67953274447707,10.152257389490757,-43.83565418319062,16.825408236501204,-41.69109871515434,20.746064571408766,26.69053532315482,-129.81526933860044,-12.520439096007387,-11.45233329550689,21.400401985991287,1.7334622405331892,-51.381973582681184,72.60145870560814,29.873268807844397,0.4853369609013214,-12.775648828795845,43.74719910824939,-86.09718974290242,70.76957384441755,-143.28889427659374,7.255172618227498,57.47096683423774,19.956101255702777,92.48705433186578,-158.063849034518,193.937690187915,-0.46910550602307843,2.2640172541850205,-38.36273588920314,67.6816554651239,45.115263214410035,-37.445160434473706,-0.26320430256965643
2024-04-13,-64.69720049887988,-2.6950173048874086,-36.623052012726674,-26.069109516122126,217.0419853682776,22.807917857989523,-6.688895085361878,-5.7353556444388865,-6.7164806017591125,-62.62315132570376,67.95495163182142,-2.283010656192797,27.367655687371,43.25077714413385,30.84568210341999,10.972344674616167,-14.949913665456428,46.52077127577445,9.02179279451616,-13.138512673733011,-1.102714349902584,-88.60809037728352,69.6428182203448,-38.66181970803568,-22.047500804525953,156.24995510827466,22.099726377271057,16.568645881276694,-43.26503579361763,-6.919465494384893,67.65410862047548,-49.63982111114166,-185.10465114313493,28.769092885040195,18.700330696458643,-106.01061235744501,40.31004236239799,-72.05588320453096,135.48071901784363,-12.101880636120224,-75.8092660244129,-3.992629731950821,-62.06772967214769,61.62182215593617,1079.438514510638,6.5831602682110795,6.283805690208608,-12.9895892836455,-94.26613811984882,-58.814889773435205,20.0721051863201,3.6079611695319596
2024-04-20,13.326518775331735,-3.4408839213438407,35.049713505717705,-64.92375025945132,-56.823322304482076,-0.09406161484869813,5.148443506859763,18.21866639083079,4.658710661398821,77.41065799596402,-3.65077794798151,-8.101136301098695,21.305145183116807,-57.14862237395718,36.91511608178641,4.007455492557739,31.436557636122572,3.0749168186684415,-18.20473256567127,11.1298826633043,51.619965540166845,122.23510773818066,-23.375874076757896,29.7871120957426,49.516910997499636,-46.70226154748693,-16.636602297854,-4.563157024108733,47.755642560965626,4.13829000698227,-41.05761640658716,30.177749273509747,259.1813012034546,1.4018658188890925,6.846854592505657,173.993335471063,-20.023273840298884,78.92892827045554,27.744347817111844,1.93197810086372,39.58504298286252,34.40040402802822,56.646641600878525,15.002275566666157,518.9682642618864,3.169711505976185,-13.089638626491507,52.97850606546376,79.43729727851924,59.79384217630073,51.23502402551023,2.046728767549748
2024-04-27,9.28379086053748,9.646637791555134,-8.284518852914843,37.40143154410082,43.18913381224175,43.01313043875524,27.621175159271985,-3.7994420480231836,3.369246112929872,-28.668255666887205,28.31341761485595,5.3848727250565815,-20.177725519462484,73.08576958102304,2.839078665302047,-33.270425413691505,-27.858222144070044,-23.356029245600094,25.273593852552345,-8.854613845469988,-22.982343856306205,-25.7762776512498,143.23488680995274,-9.704210169348357,-38.299308178729454,-17.209395210250328,16.701979394996464,9.769811941940283,-41.29264413340577,0.9261207490263637,41.08488305678139,6.313200918332136,-84.2443866022341,59.861154842988526,-7.693857802539055,-84.28930949659292,49.38823926450763,-70.46916203422066,-173.9773551182243,6.125499305366763,7.927097333367833,-25.5119416216046,-12.813729759912853,-18.744230350839985,534.8882839279613,-6.457998921388125,13.636646183523911,22.66687839177402,5.9034968726148875,-52.75641421455603,-57.72342125706042,6.259034433193664
,,,,,,,,,,,,,,,,,,,,,,,,,,,,,,,,,,,,,,,,,,,,,,,,,,,,
