date,Alaska,Alabama,Arkansas,Arizona,California,Colorado,Connecticut,District of Columbia,Delaware,Florida,Georgia,Hawaii,Iowa,Idaho,Illinois,Indiana,Kansas,Kentucky,Louisiana,Massachusetts,Maryland,Maine,Michigan,Minnesota,Missouri,Mississippi,Montana,North Carolina,North Dakota,Nebraska,New Hampshire,New Jersey,New Mexico,Nevada,New York,Ohio,Oklahoma,Oregon,Pennsylvania,Rhode Island,South Carolina,South Dakota,Tennessee,Texas,Utah,Virginia,Vermont,Washington,Wisconsin,West Virginia,Wyoming,US
2022-11-05,4.379465071860644,97.4119503909053,45.33301915570251,-35.7758655026492,-261.6280635812174,23.020210945125086,17.055109661173876,3.120832285263091,0.04173433036373364,147.3388219132988,114.69050530237246,6.156482818411683,3.770061372354011,0.189258353130473,65.64321761025467,32.61320618940222,-2.82519134187897,6.407835607310563,62.430796235910265,46.78261389216863,37.39880484407923,2.5454066329030187,8.439181096083303,13.082174753658439,-46.37049148883718,74.28659524230265,2.7035874529299724,69.46230046164959,-5.46264209347712,22.510797793570227,1.0719748587343858,92.38458737742064,29.421838530595327,18.471137390570824,-20.915310857493523,28.59058430541458,3.8941412464132625,9.726656578232127,-57.77466502802842,-0.606995266819097,49.85886905633723,9.851387188378414,57.145601659716455,322.4288916036194,5.643197386731536,26.064908296693076,2.3226918881840817,24.879038472880502,0.23271239322886217,15.950880721542642,1.7796617575280667,1042.8671702980073
2022-11-12,-0.985917667062326,166.55847745795882,57.067098272577624,26.682269900496124,166.19636063531186,2.919731963221537,-6.302451647109384,5.821312350072884,3.1900003330276756,71.99664902226263,164.929041475558,4.979656765820098,3.1162847374022853,0.20454230283233787,46.26693751839841,100.49316279671413,9.310501055020804,-12.079968734810414,159.04834511155457,-9.304660351925236,82.40663025907912,0.5091713783926082,40.82394330012619,25.1183120617586,-34.492349739369544,113.84526113284983,2.1371193665456367,134.1007247487667,0.6947644284920482,21.172021775868004,7.650703242577592,67.39167527543788,28.94990294811476,3.110410736719988,116.28674718393914,88.03086808248315,34.96240476192687,17.38278338350664,52.4277140952271,2.7273256141036506,55.59613719484855,11.532151648286845,53.14965252954366,727.5596063808621,10.092972796908121,46.391029117263585,1.3662219316273398,28.13116178804384,10.944817498057354,25.70399376983545,6.778822662019967,1434.2843472737904
2022-11-19,9.611442748745262,233.77418572270142,92.87962200892512,13.233735463559526,364.9524978868706,44.29011399776204,56.67204003771322,13.787855017239426,7.554653689431988,241.91758698735515,180.36425033293568,6.379495030178763,9.412636990357722,1.6392563197411638,139.00181555810013,110.24941568910421,14.037043151653403,77.10602770902551,194.7884618360074,49.15436981747821,87.65008165958214,2.629973429192175,33.82958670636614,16.04107372569343,35.753181127532756,182.54856291535788,5.552896263554206,149.23768911022265,-2.3653386317917864,13.670828056158358,0.3688669205121258,137.01349108757395,43.33962952830062,22.18221948717248,161.7318800495379,112.79917773656518,49.307498542026515,11.860052046994,167.58746161658553,-1.7875448062566146,157.19389359475235,12.691780693611175,124.75617123589626,638.0119806534717,36.87523076861071,251.50425500847803,0.8830662109264042,69.15571832100069,26.914036241484624,61.28782249172224,5.880147913478798,6122.745967282813
2022-11-26,15.171462942199241,262.20344411758197,150.79467955216722,100.10297898198785,669.415842737063,88.80118135007481,27.263196220000303,11.282062413117131,12.419417469211776,418.0884417300584,146.85282732205468,7.862226526291851,8.575942216612276,16.925607919215786,178.6630912026734,159.61344161392384,41.6467706004247,150.03530205535458,146.61559098100133,36.97941703457923,126.78359015376363,2.448652683112078,126.68407360570727,69.0288927192907,57.795316739702784,244.2080626862615,8.525174584832794,289.38927818831735,5.695150155667914,36.41191454953749,12.438713891797327,155.3771936088623,82.22060266026139,-7.082738368689004,231.88270747549902,211.64345019941618,56.58248116915071,53.42265999786589,226.1909742362011,1.470688879225997,438.1633483246011,11.332233702558113,157.25967767216883,721.3132341442054,26.964777613347287,521.6468522032441,0.3716313615560185,15.647292564893021,39.48330034688367,93.63412411405464,8.651903286347101,5368.930907102512
2022-12-03,15.767573487158405,321.6937032601511,234.80788960746744,235.50078105486264,1361.9310304851442,130.87126322027035,100.02441481082522,59.03815537107896,18.651744418861817,524.9307059220782,215.48584436473084,17.052237360971677,20.592011876463033,11.401925557857757,260.4625620073215,165.32802366213465,52.35945068461028,453.8803029393855,154.05520964674403,71.91112333455109,241.92422874783367,12.325619127990441,158.26332399652205,207.8796609919205,145.29140573438386,216.26730128117512,14.414931810557546,467.28746479091154,9.500853182073516,39.28224085660237,14.450020432182473,555.6395820711648,208.21551796975933,78.97200693374049,525.9751840794992,277.7746635032996,148.29697512578934,67.90704918047898,415.3570087441293,7.157808189346624,258.5345505956657,18.486838742260478,287.4497383903035,1242.4113662516097,6.87416913640628,370.1777765804127,1.9059757040095184,97.98543309395059,70.90763607004686,129.60547246984189,12.865301630093327,14549.679117900954
2022-12-10,32.45568372649066,265.9839520218709,255.11170882036316,467.6014377330304,1917.1107938268713,95.3378843019632,122.34397464324996,30.202165643507378,49.91958515609064,624.8174881489784,231.13746903470263,15.409771927269471,26.612558129219437,41.83947604180019,434.9029002030903,328.0187985997798,89.22599869072495,423.69705421607375,209.04398296943197,104.7616301496069,225.94170992423204,16.217004497802492,190.53206311434062,281.60609918769853,260.5614186792048,279.4945871762652,17.84417626476369,427.81931750707327,6.9995596545725425,36.29560114441004,21.482979924405996,478.8147386229579,222.6881055557042,132.77695863310083,808.9766557649068,370.6598202208139,254.35305387621102,176.74457900357805,731.5380826084016,7.665877989906093,209.1787469332759,29.710262950739526,361.18161144703924,1556.5213956221012,13.78515457475469,331.71936161541925,2.19295927275777,472.50106560049136,102.04079950951636,166.62682488887617,30.90419974329645,15756.887002602773
2022-12-17,68.98013851724353,226.58612221400946,321.1536418619821,924.5550139018893,3339.767182300412,196.47713645077638,231.8867965384092,65.50752061271807,38.155655033524376,818.6553466813099,242.92473120745262,12.929950489100737,101.99137672976502,162.69019031733882,805.10031234312,614.7901792965105,168.6495903802264,585.4689740829424,241.33304547638426,355.1324149855646,353.371248829145,42.48479776316444,360.1686308308076,418.5918050391227,487.2049003635909,246.00797848909545,42.31054022985629,346.23701256951205,20.083975548573605,78.32170467887534,24.777990301521342,608.1955087585344,204.6242821613599,347.9621926049364,1178.9079580578664,717.7698766215984,458.35753186110674,343.5421599097414,919.8923490710745,14.002111768334206,230.11204274071093,52.53838919982314,437.210731408514,1558.7138362387705,30.84688456308361,349.28403187106824,9.446729587730715,1260.5209727021129,280.45863450196435,178.1190460751232,41.44583870830944,20141.84551900109
2022-12-24,64.5728139444995,376.37063824768643,441.05729404676816,1255.266362118283,3175.3660060030106,178.86263288424638,358.3396973343228,70.41325519030444,74.03326897485513,1059.6408717405816,335.7484574039932,12.262794486304884,-5123.207630748802,293.98164534305977,1681.3824243805416,910.9741149174345,543.5358893238478,1441.9524528852799,365.1287951793681,758.3816902641364,664.4748381213951,101.73990980768517,689.1032042108114,528.0859748429627,1284.6152783359469,234.64208041908222,69.50431654439524,861.6689429147623,32.46009527183308,119.20777980340534,43.87993365234119,954.7196678086685,429.545353034599,722.3353569603834,1972.6614589251576,811.6873899955913,676.7278738986228,1028.0434021638866,981.5227759931164,23.72233668539331,278.55853230289205,92.37703303632773,805.3424067493972,2475.5303480666134,26.17822266176824,523.0449622617417,30.74238449746779,1482.7151608445201,880.4131421647279,407.2162570268877,64.97563336140652,26257.576995423384
2022-12-31,69.1637891674715,256.31821997663917,306.57731688327317,1173.0019186153572,2006.1570381030654,242.9742625727664,365.8805328983495,33.3425695196431,69.14228034722302,816.4614742687685,71.68377105767298,11.003269148777449,270.0238142749463,207.30886558795513,797.3667380009708,820.4904605242483,262.7444449088512,549.7659583138765,270.63401201159627,822.691220191155,395.0738598228778,116.00940948241244,617.409589925865,333.42657700685726,728.7206329620037,158.13097977607245,122.52603400607586,222.05414888436124,90.4390961287881,135.480481711329,81.18813021514279,856.0190963415689,419.1570425208196,263.3430679400153,1867.7432663235422,986.862682089484,847.2894250632769,860.6853924698681,1379.710136127133,66.01347116717884,108.51867489754645,91.94918369525925,410.0791799171149,1020.353125289226,57.29210102592596,294.1328953679007,55.00012438861831,622.9106508770273,425.5939724508863,255.30846020800723,76.29214263137823,28673.76438225754
2023-01-07,48.98423892118747,142.83831652729432,191.53447330866368,650.721272605962,993.3558124705748,208.2868787430283,411.1434713879349,19.033413428420285,7.024971279794772,769.7353940093998,87.01115615264456,7.016535053035707,238.29154702476285,322.1482373452663,71.48641351634973,575.3251985966012,195.03348756051938,380.52246248165545,85.19622682299357,932.7715428042205,212.45812404876108,156.46102276555942,941.3975211892857,185.78807953547243,670.2195104335102,135.83933762024256,96.04820825042748,266.59910461817765,113.80587292954041,142.47730822388812,81.44559736160355,774.0585522591523,309.56684359695265,176.2988315517077,1755.8288042509175,754.8883762235388,513.3231249785097,609.4101206391744,967.3420768843434,46.81402188544727,137.3396713106229,115.51705659433853,198.94354110432084,977.3504433476472,36.20166535385272,236.19955400184534,70.73230455272706,600.8067900098704,550.5540387752895,169.69436231183053,43.57519166466923,15395.819226019043
2023-01-14,34.745208949549884,126.4063719814856,222.65957196803834,399.2577382552829,432.390716359997,242.65539265763954,274.0237323459421,12.978997115632525,25.959279979907187,978.2395860398494,160.9631073630928,17.628707173743773,330.50953218182315,219.22619366251251,-24.109041223523377,409.30423971490217,150.30737502658806,231.2299636776198,230.14635554793273,1007.8016845771178,240.90015374569904,237.69677496128242,971.8601567781758,139.72434390225513,755.005377159749,85.54042669822677,49.603365162080486,100.45250206260607,92.91951237253534,126.64370754463036,109.74736791134245,574.5240994543522,329.2998940569847,139.87588431140404,1098.7581941736798,601.7011908688421,714.9717056664189,74.17045573105577,1175.2097809672905,49.01333303215401,114.52830426978784,75.0106825570146,184.57137267612353,1379.1113851632317,49.65702580783649,349.8978329703226,78.68713220335864,372.05762744072604,363.4841854526626,133.06096824295344,47.52721917486454,9905.27398666492
2023-01-21,22.619534631930634,78.68274046717679,114.91083101160956,451.97397636453377,771.6625219341688,301.44320670537417,105.5915845938938,31.726961228458638,33.822478859193815,939.8387895638132,138.79085207415793,33.13773314618705,371.687768389771,171.64034842541767,533.8340639391048,505.1852218784023,199.57895197224963,272.6367527187274,128.5594691633438,894.6930010790045,157.53664580141844,212.27772221986726,702.2803993307526,170.44011437348777,577.7186772838345,101.58898949880859,79.67487807739155,317.2658959497114,65.06891688163462,119.67232340503986,176.07370471535376,386.79254382436426,240.78149521166168,162.09377579162887,1263.811007950019,471.52784502934605,652.0852874503901,211.85716482943224,829.5424997979874,56.46973014994299,122.89550756049532,54.17650090000437,311.71637979765154,1787.6889080619185,73.5691442856932,286.5442809536048,93.18938751786932,310.52898318436684,338.51046369523084,166.944093631734,40.06533447200739,19322.723943933546
2023-01-28,32.94895832679501,152.87977210946485,169.0776544769654,318.2281813777458,83.65009801460826,132.39548462185667,188.10041213479826,4.344847406171642,41.9312205122935,1383.1353011210417,192.77878910989537,21.01956441036157,210.86579122332114,171.3899912616131,386.6418179999352,358.9569885793632,120.83176784050026,130.94745654282303,205.99297241124464,360.790628824751,32.04908223026925,131.3341210785731,565.843226780419,140.92603506697455,385.31556346838613,87.89046077732695,56.8037203246819,-110.93346101957434,51.963931360285436,117.51768134033848,109.49718503333726,251.08628462382202,186.9194175287543,146.4573486204243,911.9318201294165,403.54838918654826,462.00467847907476,78.9104986270682,718.9589152546561,39.62432509747613,116.54304952197073,68.31795100839219,231.5579571807851,1103.7559695615917,67.47100888263937,243.26345216796045,60.807635569179396,260.85088949062936,222.4914128967095,137.15576721326084,26.19457624305334,14482.680422207013
2023-02-04,20.664708863203447,127.15092497278752,146.30837748247745,150.24809638884932,13.252486756648295,41.339368193644674,51.695136054892174,0.8624055284483738,21.16580664659331,759.8786353814189,129.6883363496136,19.661174590627564,27.605943581569626,66.88255419161678,209.22826799990438,182.5489203210364,89.34617197812193,98.68878654329335,85.37633847901425,84.09177066183577,82.74955031275894,76.21393962156635,303.58759752717737,86.9357516885982,-156.87343501005446,18.736667344236384,51.48322806400077,239.87662415855587,49.36959758144987,113.07302541477372,0.6920455242823955,44.71508804031649,102.94109686181932,91.74593583663014,-146.42899575070777,229.54877222085616,293.2614048825563,73.96364307259098,465.8748934467127,17.93130105242825,30.126167598072545,56.08267073253596,128.81314373071206,140.66113984266462,9.35890508117485,13.519770411581305,-14.247264604133207,81.38972188685841,-97.4512431645386,103.24001992886198,28.345757325738695,-1572.4374166114728
2023-02-11,14.344813478108318,36.617104460146706,127.39440600700803,230.4727183575477,1025.0873900219276,47.8515885614781,-51.82239234235652,10.723812364679693,6.90526460057452,485.42690485495575,79.03156282585341,5.527819452906556,12.212493152082565,38.97536968941095,-34.51484552165721,56.971040826832464,60.59714519630353,-3.5819864197363245,117.60829817194161,-64.5511874931511,35.341301954943305,5.71158760695576,-37.7216546617158,20.768336261284134,-64.31330676657672,30.73837059591955,44.2120919170341,37.027023592168966,24.480453354983226,102.76795799542512,2.522463144104499,80.49231889947947,78.8829004144535,52.46673407523961,133.83139895632462,-14.326880333142098,98.40525445360856,62.3939945309626,126.1796182101001,9.507254595320834,35.65100736052913,23.883502210562153,75.20924148900508,-518.1735884216691,40.07899384108819,15.206807175670363,11.336040733065797,71.24155004065226,148.37149591165849,38.24152392454964,17.78507276835593,-6771.0666145099085
2023-02-18,17.825648571989905,-3.6569890709966586,31.41961545699023,152.34304958130292,164.22707293965664,56.05981774029087,-31.115637619485653,9.39757795846718,11.983078964319287,233.4824005260253,49.9778490908316,16.81577188027957,108.27212721762933,51.22138199144214,187.79317852982382,101.26110634136268,108.53547402967972,152.59271309155235,15.102949440550361,123.7385345512916,3.119200670748654,10.607487065541093,13.212415075036247,62.838628108992026,43.050232655876584,27.892253245902758,25.736961002605053,41.37513651192009,27.12371445113695,39.25821228972975,27.82640646504038,13.027026575035961,7.953322610401727,16.96090781545078,-4.785594551131794,92.82686278953129,-22.483612833578547,-2.5017656474108207,321.42711557552445,11.236360686431695,75.14003840890607,22.463841641101617,11.481126623236946,853.7564536398502,31.90138016915335,16.223730884401533,6.9275324873439645,112.2972975826379,-76.49756121843433,-9.459262252923338,14.859966935487392,697.4532177354467
2023-02-25,13.910657494520471,16.718463267888012,27.926345251525518,149.08960558851342,166.4006694761,92.71124213204922,-22.828987844742358,7.209264102196428,17.646311654243007,235.78973721656342,7.301154589492853,6.74372029789118,0.11719373839162017,11.735917799805222,-14.506011350677909,-31.059983085949543,9.554223279869788,-98.1309136442666,64.33331671358981,-14.093407583709272,72.5546294442014,6.375722392156511,79.70078754356831,-0.8784012635009617,-95.57340641212457,42.15563386951667,17.777382623990725,8.378106613870287,6.085206120665111,13.051756410760852,0.5503021727091024,5.970635421505392,18.03754149142064,18.655446781409708,379.39745651878263,-20.5742531454418,35.39749678389895,76.20145957268603,300.33866623683696,3.2018958102781934,75.56835696753606,19.050216015807546,134.9424724877552,504.7876151534382,13.643097233079873,27.74395277795027,1.2306814117748441,-152.12606453160467,113.0968491113315,-12.859986084664072,15.555611702735172,-823.5595347474934
2023-03-04,7.354627956230669,42.123441147249196,22.26870832586701,42.22817593325033,519.5210695769829,6.0041106989244994,-4.278288183830114,5.882679274252082,5.668442998668116,258.25329633040377,101.69564166090682,8.308686194214772,-19.411796925976134,1.049364491686525,169.41644949383607,7.788986800747153,-1.8038214123993441,1.7142406496073477,71.56227190499995,74.88459608118777,69.37454511834667,-21.312759932670247,6.1871180192838295,31.528189564480954,67.39983842842285,10.236520852348477,-5.954454463905698,139.28584164235272,13.381278974022571,30.258172438386126,-6.102443795792059,84.26887702778089,-7.900312521161283,25.96343854680751,57.77203111460426,122.16124992193589,57.74420882626754,2.81816273682378,429.8481393773909,3.6130260382675674,60.18985149488172,29.99919033171097,52.445479368712796,245.9923720659727,20.718686509551787,118.42714301180898,0.3106733014460872,48.94552392248388,10.28857441237433,24.048744935885054,7.811431844189807,1748.5660885635475
2023-03-11,6.840689822758048,64.64878232475198,35.332141325514264,153.62276388699598,309.97677802265497,21.605689714381697,-19.532720557027233,12.781002613622084,10.66312442814996,182.234328289426,102.91486791047771,8.320253549784159,25.92766421381745,15.225052768256138,19.846827317233362,2.4104946907985054,26.86899070581032,-88.09684258941914,41.759645943333595,-83.48264631100312,18.50608247755872,-9.378988734497568,145.54715122956594,15.493048260084464,19.2669174163169,12.01958763556523,15.385881237540131,95.80695491754167,18.311835065400732,4.560775145565586,11.612997502195027,-10.328639829254499,20.70103662281082,29.798527446446883,291.73148208413545,39.10345810311708,69.99233703639914,-2.1755088293938627,170.64469208067976,0.5418530743419403,54.68857470768322,19.60111651789267,75.81563784602773,365.4808725902533,21.14682868925759,40.87689181116892,3.6310199028603343,-43.780448445730045,23.918265048436552,10.121900025449868,2.27595594576524,1842.249176673302
2023-03-18,5.017375360761843,50.02059792563924,13.824580026186801,-19.6658522191193,428.62808325718885,25.920604416561066,-12.086964850025453,5.947158439051291,8.35962413538003,230.81607951657315,88.01424347425987,7.085127302744631,-25.602796436755845,9.231762449588434,104.05742755811889,83.15730870568197,0.5762993570136246,-34.48712685503864,-3.314388871178778,107.49308109917499,70.52229350415496,0.9757796955749853,69.68710042421672,26.315964226775407,232.1489873896487,19.08244433373764,6.852971981437636,-11.835931444761002,9.27066994557963,38.00577218372223,2.4720888878064784,-26.598367183807966,1.3834579379488332,13.427248119267801,-253.26143632125334,134.24571128785172,32.08846556624195,33.31371564814784,243.01957766049009,1.5295352647528606,31.45680029990315,9.089941651674607,107.85922671241062,291.5318746110647,7.035369656053853,45.56222474119174,-2.6151787393534267,77.0715791397533,82.58106642576095,36.949391266963275,2.413237805911299,2680.7327831797393
2023-03-25,3.5778572410177425,-1.7789012613963422,43.75485975013187,120.97977491357369,-279.7707278566651,84.09291960845961,75.4168585430478,7.979053220769227,9.790345397174823,355.7731934910546,58.334149535566056,2.681776343819937,-6.339373737816743,6.501296104346952,132.0305304776336,75.97888755688189,-0.8049452164812152,-68.67806076365588,47.574849082079965,-26.112627516093866,-24.49149277633782,6.286041357216199,-48.21179074743353,15.059020955304987,47.48541885714087,43.8541319937144,13.02462535250206,65.14626659756878,5.953617028868866,-8.942535662777395,5.627972803914471,-94.83528813153023,47.13046989447531,14.364712283747636,201.44602927838727,-38.58338905480056,18.915561747152594,21.458458912678864,157.34105874954048,2.025631009085716,18.035616816225485,-21.111518609493967,48.716886647856114,560.09550307973,-9.558880424518678,47.14158986816258,10.438464331239786,95.0695957861767,-56.48402888984634,-27.379282979054636,2.125282217673151,962.4576670052484
2023-04-01,1.2899655662792995,12.266094630108668,29.151254079656823,37.362175904545495,-150.00051410580886,67.2912230139448,67.29936571710019,6.984373875102136,9.227231983404199,278.2349258014183,64.01034977704415,5.5681250988426,-42.72007688274077,18.164812966072244,9.269942404826224,91.80613962235122,-18.430010541410994,35.19629251089302,43.36168625270791,141.29518940892072,67.15008005584772,-2.4178890361475,230.7206401762586,-38.86546003331364,39.49254561055436,34.014287695167546,26.876220381108766,38.53915033000999,0.3421444412217056,-3.706105755422886,-14.708015688168691,85.10513929011222,-15.132715252803791,43.09271803963763,349.72174034359574,-23.490203064141554,97.7403109069354,-14.905493000696822,174.60683361027031,0.4761547967613353,28.780600700865094,1.0337933660630938,18.08016231104358,166.62863051607064,6.913489375475844,77.23661147009071,8.211429701559622,-11.552069554630464,110.00422911518615,10.078963502526534,-0.14687520069729132,1815.9861969104277
2023-04-08,2.217942428884294,4.125951746664455,55.12390841965531,127.54390776602008,433.04029801122954,53.92168064356075,21.101758852334626,-3.9420960512183782,12.415794131280013,162.06482079160833,36.63943418222753,8.598555684148865,12.18795758596896,14.276900693430939,77.13349999274766,104.81460018688676,27.504586251353068,19.40782209166548,1.839591994827444,104.14007057615069,-4.532092003123793,21.374365860774347,-46.98298374947416,-21.474476033990754,-0.322827603760409,33.419170298615455,5.9629193328531045,83.92048341859237,17.873640307851325,-12.88642541922535,24.619394672956147,145.05986104020414,8.087242942389839,56.11581376681124,193.67987150275064,6.945085765321835,7.5741348377561195,15.150044610492387,105.97157047888982,5.4286002928768795,19.225371142244157,9.634548627592888,51.528952728914135,-407.2445206372896,-4.695616404156225,-13.37320165311371,12.297885101289811,42.486252834275675,-36.31422496859185,-21.0775398374425,2.6970087363883444,453.22532385659906
2023-04-15,-1.1453570276949154,4.088786923639013,7.617035883982858,-30.824166262930078,-460.5519421811399,46.7219133587569,-41.88886526365209,15.588038828389273,32.98050185473848,269.96579089588676,102.9086282223896,13.964422101224597,-5.3235114606241325,11.469295468199007,52.714191480954,77.147669740607,-5.489452483373142,43.64182726338439,10.849196795642833,146.19538235918554,120.52699408505995,7.452940688321203,100.96686623584799,-19.524989066235023,83.87501836099054,9.8694086220055,-3.5650966955151664,93.13410071317998,4.237964382400074,-11.428481354754329,9.205653653889048,132.0971735827083,-22.52108295779815,52.35730974788986,57.841227652920736,-58.93443664851185,-77.99220183828193,-56.95488224704954,270.61877437213536,10.194376759689119,45.60714667160762,17.37547664558141,17.21562872221955,358.88798306166404,11.647836804696723,73.56380556180585,-3.831586642120575,4.986592335227407,8.559377090114483,15.679722931084958,0.31572130056500747,4176.176224422299
2023-04-22,-1.3144146911492314,39.281220020943984,37.77352694227255,16.521243643520734,207.74879316662668,84.9792007565455,31.963383058270324,6.258588825705657,19.79264736256054,112.27198777818683,8.749903399050126,10.026931247029385,0.3221877259362884,-10.386982218371939,128.22487452155823,70.99395194203868,-0.35176236568019803,47.49275507526585,30.53608986283158,-58.01981788938594,-8.294835377352872,12.8308404759329,-76.71297990246848,2.468789575816956,85.67705813031426,4.132190894885982,-24.51777658410613,41.43659295672862,2.070681849091164,11.816366501648224,21.440140558903295,85.5000879420582,-0.26749232068585016,-9.437463382561575,273.3019393759113,188.59825059813306,111.81773962800324,41.24854458627888,69.81032088212748,4.707976230406144,18.129973107693672,16.233005927341015,76.15703671576645,-200.36399329430554,5.24496286294519,70.1233299036431,2.162799817422535,19.95470395819669,7.908359818003522,23.320670080113082,-4.308195262160172,-2319.774479583635
2023-04-29,-0.7812804975555139,15.528366936605721,-26.410963068024074,124.91466118567178,-101.97989642860759,27.758800343358583,19.86680818209885,-0.9541819159932317,-0.40343303083248816,103.56870648897768,108.12554013791063,4.5684568555094085,14.468417731929186,1.8631262573372132,-63.93297751436964,74.82088231766744,-13.012927202849696,51.30245884547812,7.168817402288525,79.08978529014772,36.44616582965123,0.341378256237423,-10.482068334774098,28.39258820749781,-23.314137224527386,24.007548240893172,-5.0308714030341655,64.56972580238025,6.5094737745097735,-9.547994469768366,19.164718234708996,49.120662671567544,-0.46845248821511376,-31.605437722651658,235.51032162506198,13.645438318483606,-20.1241917899239,-39.349345058877844,-44.798694818627496,1.5742549428624244,3.681947077410257,13.753588913478628,12.344775846746131,-62.54223092376657,-2.4913112244652957,135.78149056261373,-10.16292930687894,6.829324307587726,44.16992531043554,25.01863793458386,-0.07954135124748518,3681.0791324251886
2023-05-06,1.1024288351013105,17.646836207700176,14.956446653281393,101.68197282148145,91.39609970793529,124.5991439222226,38.48252555836686,4.124558998343293,2.7991939220128925,81.27082666434814,-42.792018686381525,-1.8216688035744593,-16.678857262904856,-1.4124981043164624,78.40844331997079,32.911791850057,20.89563327287354,10.728342720585772,12.33842033156035,-0.09356064923079543,24.451107506138563,-6.255907879859773,135.35347707262522,-7.879856697429403,9.728670867103787,24.94987510874839,3.860249680558284,-10.701368688846884,-3.470832449136937,-15.72594150654631,10.524631502853666,90.3484783963123,32.808444749367816,-22.444048564372267,227.85672514643397,61.70461016734576,-21.72792761824074,-48.0199423102664,4.094562777969088,-3.2953306494113956,16.076386104673247,8.96435157754351,36.38203853864948,-274.15000645907867,14.583799411571926,53.273676095441346,5.338325024446134,69.67801689125056,-20.915732302556354,12.600659180909282,4.18867991087686,1382.239224271424
2023-05-13,3.452716601297258,10.499464507184513,24.564192779073085,54.44751761761745,-134.79940600947543,16.11526191497469,103.11242469117497,-1.3777154265089102,-6.413922262942151,123.30267704046923,52.308619120795484,1.6025431220873134,16.60234197825619,7.953965505236667,190.82680010584062,22.395189094885183,-12.16513472113218,-4.0977242410671195,0.9763293001036928,-6.547742974271962,38.068389728988855,13.725367642065066,48.95123140178754,10.547337610632539,32.56144484397371,51.811169460806376,-4.651720337280642,80.87720922501359,-2.6113930827140432,-1.7964698903369687,-14.942118277473952,131.2060168378556,6.322027364153337,-5.579551386302782,-409.63135926033647,27.23761651777376,59.600664721605554,19.372112277046824,9.61649560216901,0.6837576260759564,28.695190599748756,14.366780542705785,-39.68752794737398,193.63520975499313,2.1316505307241034,11.707550546092705,-8.152575064426014,3.046245056154973,-5.065536360473045,11.476555196289457,1.9188589030753729,-21.842750591973527
2023-05-20,7.839520346296277,16.687795590764125,22.53509608522176,62.4776008077456,445.55492851840023,-24.954841350204738,17.149847265104484,-10.715309226416515,-1.6431908753442563,194.7419421163807,34.14285025480016,6.484103150972487,24.85643093453029,3.4494382062655187,129.53869430991764,-16.59649665656673,3.8285284233346797,-24.551428054387323,33.9870806302348,-40.92151922774914,5.3282118423555005,4.776456626835849,-28.96386345080134,10.739855553726201,95.31537794858507,33.213501982474675,-9.518987655124848,-3.7867368110989617,4.430229769248392,13.65864771896132,-1.89914133489712,52.96261048146441,53.90425757853905,46.73304161326823,208.91136180244882,43.65159602941682,5.204777651169927,17.42407034336827,99.37884428545647,1.234475553619307,43.855342694193936,4.47995725591718,45.323131559892175,603.6239241411429,13.825230174724341,-6.990239094041058,0.22881988616911397,-24.121536141474365,-44.839126836937936,2.521139589000944,-0.4901533712309365,4156.760546558577
2023-05-27,1.8233096535766968,13.130556427563544,8.943378782073355,12.332180207352565,344.96277980670993,-83.43858407415121,-13.585383256108315,13.197112808889544,-0.5055536642153688,160.90933222292995,101.99138485506535,7.6436059948537824,-18.399155121306126,-6.891774349560143,173.54928507117742,27.028743713470732,4.169189849365548,-30.232572754581675,-2.042553376423399,-56.586582689687845,18.416890792025306,24.351200873362288,70.13214950984275,21.829972782809378,3.261787502776606,30.05523662039034,-8.3000490934028,-94.46861410006514,4.787477669917564,4.02413729879726,-8.363112942390092,62.37767200637643,0.21762627373857768,18.013694901829517,116.52007712247442,134.14329953461862,85.33337719424689,-42.947366321111474,181.29461990803577,3.601896309536452,64.30101717831538,4.393319133169286,67.8162183626098,-373.9066214023295,-10.200228867514069,-25.646983343857613,-7.962358033979967,14.112178921762577,20.49146806539451,3.623408131346922,7.00492566549074,2747.124673006603
2023-06-03,-1.4097757273867249,12.836285953063786,17.7286277358034,112.46142149924475,-44.854852184807825,-99.46193383337699,15.3732171925123,3.714384103034508,2.229178382866446,313.3046704784428,89.36492240510174,2.4390971245086464,32.927213793862805,6.700657724102493,130.59914018536804,94.21977955079072,2.372379349378429,46.66163116992596,-0.12164593177322303,-102.31426462160519,-42.10447477812525,-47.58158674764408,87.15706712270432,19.746659993493765,107.51496535199796,7.688324142251432,12.036728815324855,-125.57136158647614,6.689596396859006,4.903242025528848,5.533063393171831,22.744965413389536,41.302198981627065,-21.67437490440402,224.18473110921653,162.34884609138055,-34.027570435271315,20.000882422436774,-179.02417622819297,2.085101872326922,20.63044055371431,-1.4320061898554908,-8.159922586630103,412.947840074753,-10.114415102075185,25.516018206136557,2.080592900790842,2.2928654078131103,-5.6107105175902205,11.955232603206657,3.240364932313513,4561.349639571457
2023-06-10,-1.8207910052509568,17.38952561786968,41.07395044227497,-37.94933585704297,109.31338763109065,-46.49869126617348,25.762331132388198,12.105019031181214,2.3696206723969677,224.24780980092925,25.417350157934052,-1.913405861771107,21.415922041291786,6.4921836676071525,24.060199404384907,60.235872768893586,-0.8836634535711074,42.41865687660576,19.471928245684936,-31.49775410659403,-14.556855581642882,11.83015465775649,83.0525199502053,6.712013617176311,-47.43478198840303,26.695468873643286,4.9922905685075385,31.061099991912968,2.3190085151545823,3.536782630218755,-14.761528276257028,68.41536684298421,5.7421783841338865,5.464548453361445,34.26015403100877,-20.538200005583477,70.85642393994381,20.128983044117405,100.24868884643402,-3.1546970222875497,-11.90828682158373,-1.321363259380183,20.86217812286779,-47.32033766778362,-0.4468663102525916,9.249804179364737,7.961631914716635,59.364221175823104,11.085029299555439,29.775112120821003,8.341449602902816,-3247.42386943748
2023-06-17,-2.2037504742888085,110345.69290749294,22.688688881382582,18.185141008994435,-572.1265065439154,0.45835248225214187,-7.191964797303939,-12.45425793816651,-3.918174025652447,258.12678374073494,9.200498815829498,-0.3048520924510427,14.023392833078583,10.3742597619193,4.2689336076059305,25.374887581835083,-3.7331697213624473,30.597743311864626,24.36135432726124,-57.19569640452916,9.84453740550436,13.361644456546175,111.43010072491623,27.249605709199457,57.32567766895866,9.835728624827967,-7.68077448563739,79.74025145361871,4.686627443380541,8.268931344362658,-0.17714594335893707,27.978386489168003,-10.137950698481433,-7.317274973356831,186.83021807434233,49.166818195957816,-9.014979918454145,-3.2900433564806235,6.756628778912159,-1.3666637485445827,31.163163008773367,0.281644365382304,37.41426887829061,166.46126278100616,-6.833702192483197,25.291310792097647,-2.1091938288038894,22.95952381648396,-25.143034006450492,15.805658602468137,-1.7799530673857253,489.64796153485077
2023-06-24,3.8972476033926107,39.85366400619168,24.29860846629513,-152.84688543647968,-11.798315988817478,-21.905032611135795,14.314067187769155,7.8903445409621185,-0.8406371937661037,245.40883589384416,14.501572214953192,4.377482468278306,-11.646703635057783,1.0628723290217943,38.56913467846506,72.5238478252752,9.452613307305686,28.74660604868145,9.848652382378695,33.186427885979434,14.178608113426435,-11.915836990732622,34.53314561493934,19.63743682467062,-31.015732022909486,11.126230508514988,-24.316477928600648,72.84674933051755,-0.8122860957891991,1.6270904708778655,-9.637665869521657,53.68202928738833,-34.51325009386285,-13.977747805501409,119.16552746016369,-16.451070966440383,84.54639040012503,-9.39291045208239,-45.59195890422086,-1.9624516773112983,38.6974493208333,7.8431219025038,42.68373868501499,171.8769812933789,4.833622230421716,51.824391855459965,2.311642722345149,17.38851873189333,4.532656205778281,15.487532884944589,-2.7101374784872987,1456.4353670358432
2023-07-01,0.5852048678556638,16.980736254062194,-11.354341883463722,16.564305674229416,-330.94340152795957,4.786106387493529,-0.13362282325081765,-1.187008902378441,-3.0278625462758377,198.105025454136,51.76734164103797,3.7115326478172586,17.87981961445245,-3.1221724302524443,89.80077215216218,53.27525830656852,8.508227020429718,-4.786130413075984,-7.2266518178032015,-60.98339710558743,-15.137523743741049,-4.100281222915974,83.17082238677672,34.570605984964004,-2.540965343468482,22.18982260374933,-0.6861239421289738,8.22380940432086,-0.0665998929936027,3.3474536253224976,-0.3371715355957434,11.162750760882659,-1.0577040650989158,-53.288785999547436,37.395064393863265,-26.46477457117416,-9.96314700085622,-14.442296060917215,74.37800565952904,-1.9252968219066862,6.676748294281744,0.9677614737774354,89.98460944178589,2.8476354383383295,1.7603403817330507,44.4937712845726,-1.9661717253646063,33.01103490418535,47.69589043006262,14.05566450277377,-1.8976692283579624,4194.263387722449
2023-07-08,6.935388177720734,23.64015643645837,8.97514775182161,35.9995473041148,271.179055837745,-16.982093060094257,6.73756420352359,-8.766711841483927,-3.3676407291645454,115.62347991085875,43.53215505604702,3.0870496417308333,-13.431563534135615,3.1906514829898374,35.29496637459791,23.933183905302172,-2.362502690469363,7.095360602887338,2.4396774625540374,109.53907983332851,-1.620043930172903,-11.700043193689726,-17.96833755901727,-4.970049876892666,-5.7064875960940595,22.729683707785796,1.7744797252966988,-53.927048843508544,2.539264992516326,2.150056187310108,-3.819686934136957,18.17670034071614,2.7311775487800816,-7.212356158604319,41.62928058031969,-37.21994811380655,10.028405673667724,-13.762868743717746,22.950130577488835,-0.6345423179613965,12.661101804844888,0.2147184043844037,7.237141286681975,26.97376828367051,1.7505236736639365,48.52229383697261,0.872331095670587,-19.333671175591782,-41.382440212282674,3.0655695728143755,-3.2609185938013363,2006.560268420386
2023-07-15,-0.8289886629405689,13.349889211289835,3.8634693954334525,112.44376420719519,-271.9325286910007,-13.44634084010724,11.817052371453514,0.8716802250277684,0.5412734138752864,-10.90112962335337,24.57177438903234,1.1173432749521228,4.867837524389686,3.1361424908987265,45.46464395412309,66.10030468761477,-12.592355583669475,-16.098771689349824,27.53450612860256,-21.961619708726104,3.470566737251845,24.974030466605846,15.489502021953143,0.4607438367346415,17.081998848248958,16.19910461511605,-0.5402493407978612,-57.007731390311534,-0.5075691899974384,11.662358249385973,-0.877838094773226,29.981548536100775,-2.1275010736962585,-21.19142614741878,-46.366877192835545,-25.19644851571116,-18.733120702372812,47.39361296942195,95.84322759219833,0.8422170618387437,-5.559902472662113,-4.025469176865822,9.493430603572396,13.410099372481312,2.4746626699512815,-9.763366253045596,0.23098746417362967,19.492505971815206,-12.689653034027057,16.273848715054804,4.155989148633397,233.11608296712802
2023-07-22,0.7792971399311721,14.088791226189969,-0.9162212537548378,52.33392546462221,99.0265261364998,-47.15670884043897,52.06152388225871,0.882220327380761,-4.501028318409777,140.4260065260683,37.191152437983035,4.652417547303314,7.346710761305259,6.801091249852725,22.165793534195203,19.693305811604887,14.46552330573795,-25.801782788378535,-4.478651582151684,63.47684246129975,-3.958617702768877,-5.847272723730107,55.15408794713082,-17.868143981607247,-17.43620785850752,33.91970583945139,-1.527523190512302,64.70169790767399,0.8739182026634307,0.12526838668611706,0.37851896951526615,38.68929150535422,29.46389251181672,-24.381860110462366,119.03664320118455,-21.040247622798383,5.704499582980592,-24.06058424641023,64.94166050666598,2.312819073259154,21.121536143709058,5.490525148610696,-18.690495538194064,-101.52596403877084,-2.889585028876975,75.62644700576786,-3.092622101000375,-3.952096398361107,-24.05233767866173,12.579879843394169,1.7826358743960307,1727.1536984343702
2023-07-29,0.47392019981455036,-33.04270087446352,31.081697323953986,47.964951633257016,-233.82362502238186,65.52934469599772,-19.831183228973856,17.97709142335851,2.589527937847495,294.1031658794561,17.412892726751878,6.094723832121962,0.507656643952048,6.185137086127851,22.218177127007152,10.629554997855337,20.242980884592264,12.725758224960337,18.12378114327514,-6.354251465233105,-1.4460164022111321,30.505909690695834,10.367333676288212,-1.9035680625698195,-12.996160817515047,12.68043683459291,0.25808654692563326,12.654438853520276,3.9974469627455553,0.8716650303885132,2.970125057543282,83.7406823916634,8.114727047801871,-24.46053061393539,33.603040719438496,26.402404086473013,-14.786485237198987,102.25147714857377,16.063877927390934,5.156345764701626,20.91612288258285,11.152452326267383,24.086750201763945,59.29405214509937,5.559504247369606,33.559919274990136,0.020949118936976152,48.661903416864405,86.94187897080141,6.9590577935529065,1.7132872795638674,819.4778133228947
2023-08-05,0.3328894957793853,-5.707109893764581,-4.032827193910686,-16.61703964833967,-299.52887924836085,-25.424124567982776,-0.11494122960357345,-1.2015564429142884,-2.9550435057968025,299.8757004969187,26.692906848615902,4.580395135690849,-3.936599758028954,-5.320340316248042,60.32550900966626,0.1799868452115163,10.598137314997649,13.003498482944773,-1.002584168363608,-19.789831944735027,-17.607180504565218,-8.668091550738056,57.69555861068392,-0.42591163305000596,11.616266438327335,-5.533832896049667,-2.3557507647539646,-34.73186552078663,2.8492038685402887,-4.201856795794533,2.4701653571631295,51.95460729965782,5.0414455971761996,5.93743975313096,-28.862294936175175,50.0124343798936,12.24879649417462,-39.60666704239995,98.28313721452821,-1.9731221641818983,21.63307732458438,6.663862509754412,67.26269544671914,218.27693709462187,0.5991151117957272,56.64965339836003,-2.228693018395697,54.51981402807712,-19.793973788163314,7.868494828586395,-1.2860133414845842,397.21481288625637
2023-08-12,2.3295879552067458,10.253846518549636,28.180114615846474,-50.81707972117226,201.09691959060402,45.891942353311194,16.260044056119085,-12.083154964807594,-2.86748557170554,270.52815056064026,1.1310718784276554,3.401002778599395,-10.427618516729986,0.1868720585770205,52.57568443087146,-8.99672646784694,-1.572301086458468,20.5111065211836,48.817385486631906,42.36402692131465,5.796816211151886,-0.5792513808214395,-9.565961034414443,16.579750186686226,22.48864303250892,5.182988808877333,1.0609938539542867,-14.205378656725301,1.32115592113544,-0.4616005759813575,-3.584685361526973,40.15180926045349,-8.422611490375026,1.1849149617288077,-25.9763772564321,-33.34343001925706,30.87594244893793,64.45035327645027,13.865599293619653,0.7871533895766465,12.043719439230951,3.0506802678486933,0.6935626132408625,237.92446545995563,8.260203543169554,28.260506198704167,1.3836759674777093,34.49909535172779,28.839644053995126,1.0297048236659148,3.067680420592387,467.501252932374
2023-08-19,1.865569142596188,25.28230814816355,1.3517878970357593,-111.53166760205494,91.35440471823642,-54.47833919369434,-10.647257220971426,-1.3697850936739155,0.820597641261056,220.85554698589527,12.660105469470611,3.1427948281903166,-0.22596574282397786,4.537082088399117,47.06430665835833,6.389987097417446,-3.9393054444885696,-2.1583761397761236,-21.344571561711206,28.131351358697387,26.529149528495413,-12.216075630658718,-26.558622273963664,-17.303988486212738,50.62440706079545,9.887916787433912,3.247560294049385,1.348953660689169,1.383123404873312,3.1812238406832263,-0.16737182025408026,-31.920807699616375,-11.052647290444318,-20.11709394673146,-39.12960971539607,76.05699861154528,19.155055032875307,-61.03213184087657,92.7246397681514,0.45972525391492813,11.255956147029083,-1.1237639226002587,40.72601605662768,24.795797260362974,-1.202922938831561,4.4624070142592505,-0.6822873731028472,-5.399038793496402,-0.8029361393496259,-1.260829876001441,-1.4614094181643003,12.986514380328117
2023-08-26,-1.683909312775583,9.369990065505874,5.2014625770221485,-106.5273920828619,-198.56176169423645,-49.99324001192731,21.437030364928148,5.634748435801487,0.9051806910974856,174.76261648883548,14.878350070207652,3.8743262842084185,4.478744920521921,4.42657647522698,112.77729114048763,0.42125527780154925,3.1996165528871554,10.853322455050176,19.375232024540885,-39.83492105729563,8.576211256020933,-2.8190177480596605,-22.465210856198695,22.124917591921147,-9.343764495723871,20.586939694404364,0.9011658491690557,25.980155662681774,-4.688196975255183,1.348250660076645,-1.026605731492392,-4.869012072605585,-37.6075909565387,17.961608484053784,54.44562568894435,-47.40801202339246,-30.48727132278446,25.824102863975014,-72.26340454333956,-2.954508730059116,17.351074408840752,0.19302479420941987,-29.61635693903386,105.33322807623736,0.34096384137004065,9.628371773689203,4.590083150008073,5.358967879145325,-21.322171411590812,7.010070059985497,-0.25462072641014877,-1952.032990670832
2023-09-02,-1.6135081230620862,65.21033685941512,24.431794530690095,-75.31525840666163,88.29851843391009,-77.7571873559553,2.187944402808654,-8.756577724547945,0.332959125084316,126.20103293765862,58.068249807615956,3.638381170382593,7.93659203726175,0.41005608083148815,-29.131003569241443,11.694482606435656,-10.868110116114146,3.5848577480557964,-0.4390155972361214,78.70484166623984,-1.9920254748550263,0.7789218779392488,-44.48980519447977,-12.317244130984701,-25.570966920040117,11.260427120388215,-1.1454163521525107,-21.270828876646277,-1.4098371003378043,-1.2131019913614267,-0.16256022551940574,-72.88705580953621,-7.577442203655344,-3.4016527572888577,-92.12559103207997,-26.315054033006938,14.651751671620776,15.24761974780644,-24.530757829293407,-3.562240343219445,6.4558310158552175,3.250897777800991,55.877482872679764,339.74335964273246,-1.7183855503243706,-16.984744745200576,-0.2374276151385626,-43.86577373209198,-23.687364353309178,1.430854804468257,-3.0852255410433074,-345.0953019529611
2023-09-09,5.473942788069495,-24.071642268781204,3.126100238855523,-38.54635696000216,128.60871057998975,-58.7664176282666,-13.590032810730406,12.061868954269968,-4.065213844666285,26.02373486852622,84.87218913926495,3.9928920554666267,-26.23904295410096,-3.7330359469252365,-51.87657883203791,-3.8115992814198876,-6.494609923134583,16.856453212492355,-13.440469227546018,-44.08226260759416,-17.104787406822076,-2.1198286489284484,-73.29639845613906,3.2646271051082483,-54.26697059410524,24.522975577263978,2.418786123250369,2.772603155881561,2.5093688114243458,-9.137525409747845,-2.7813835874962374,-101.05881584501583,-17.402326996367663,-11.535181850821644,-67.17789793652236,-16.978737987039512,19.61840279452685,-5.071323070828228,21.21508006654085,-1.2490596737170465,-3.2653216606437674,1.1375694145845263,3.5386394874969085,94.04644894373536,1.2549276824119775,12.31615857832232,3.435493388850203,-17.243442926829488,2.65882392823211,0.6858849642854937,-3.9290348265041755,-2155.97417240833
2023-09-16,-0.22620271838985673,13.197005363583457,14.11328161878093,41.707202700897454,-144.90798173815915,-16.08770625686202,-32.57940872465315,-4.482430150604148,0.6443275619992388,83.99383173986018,64.0435283633379,4.620425495250854,-7.708403128806674,-5.441056207856285,-106.90465746559894,-26.437741928339392,9.300745914346873,-25.890938481292118,12.10152402709054,-0.6671681102286158,-2.790245439498918,-5.872802202711762,-30.654733222998686,20.07490044788132,-58.68108692718812,81.8044952332298,0.6211930320834131,-14.292127998878058,0.486108347735156,-1.4529862336980575,0.9398036135113346,-37.56022300591661,2.053868300159438,14.459347182003455,99.68876867271172,-44.661569952101615,-2.6588299077462283,-3.3474188428141787,102.7589526741773,-3.835761715085007,13.934678578296126,0.240756634195618,21.230730882730455,7.170228367291855,-2.6805060332957797,75.83951747559723,-1.2693203489808438,-13.521615187869774,-28.20663194110375,-5.502097083505805,-2.599304608405011,-160.6845261063645
2023-09-23,5.010833037685593,-6.096757637453049,6.922394498225618,3.3797937934718902,42.46650363689358,43.023542329463,-63.556373470186315,0.7420930852590706,-6.387220272088829,-25.138948481054797,59.134379606110635,5.7530792813047515,-43.155497440449956,-8.719101797913169,-13.54248257136129,-27.878418913130844,-8.702464260970135,-1.90891862028748,16.199966064035785,12.455809193665857,-30.478109402224007,-0.6186525625495287,-94.69186559477151,-28.300922427762842,-45.06131155086008,37.15890257589926,-2.523549807451766,-3.531704312038073,-0.7477462077371317,-2.8968578705503987,4.584111263993801,-37.13177555669952,-8.045740583360569,-12.584758611584391,129.84676077062565,-104.76098992282063,-3.6432813130528103,-19.55368957518992,-95.7330701226631,-0.9477714120196515,-1.1183277675907206,-3.7314323687781923,40.98017735574545,165.66873953929172,-5.935930783588408,71.99584049971516,-4.2333055352586175,16.776641123865275,46.745060838703694,-15.123214503461115,-1.0689699628287053,274.6535889658803
2023-09-30,2.9837895561592234,-5.252007374495658,-20.722715321903934,-3.53312440663683,84.99530148680375,-44.12206718033837,-37.76363259227699,-4.24138433714227,-1.643391171587064,-50.81098174355603,40.2950384939751,7.425018862766366,4.569938411388023,7.873742376245269,-158.0503988428057,-14.647789101248122,-23.531261317017034,-2.8533109765572533,33.16702033387897,-118.01839638328369,9.688035757084322,-1.469438130217953,-135.57808858285264,7.483001073679091,-74.2718728276275,26.692811458451636,1.4987959006065557,92.51827472252819,-2.2374298575565605,6.063827830850714,-0.6478901671485793,-72.46707617897798,-25.94050841038375,12.347639217913297,101.39287456826045,-5.514621055757047,-19.923209000703267,-87.44807211321296,-94.68818576729836,-3.844962159043705,29.521233210319558,2.4614515340653953,186.97481751372885,83.9527683419104,-8.187963120689508,75.68813748756838,-1.1358099232161436,27.090300158708658,-14.530966730282074,11.498386822720345,-5.9747568098192705,1901.5797460885867
2023-10-07,-6.155701483003028,1.3143766273596889,-14.02753824376161,-26.557235569372807,-12.268768018557495,-8.981494241257678,-41.40921468849737,10.770225807275688,-4.964112845445074,67.87570021216322,76.98807616491369,8.650408767841718,-40.522581318316455,4.0743331012782615,-171.20435946736217,4.694900301575842,-11.234338656651893,-18.92289535721661,-0.05013534172242373,22.397366371693824,6.198398410261678,-5.972019400702609,-71.6769082302371,33.99764183668405,-51.87074695004071,27.352199340124713,-6.293977401300229,75.96911712342441,1.9878684898566057,1.002314868901263,-8.356708033671515,-26.790531207780077,-8.400809634910228,1.0326766075378373,-251.2527873673668,0.2849522307526833,-26.70965678820489,12.417455059920925,-103.8269951743082,-3.28476166607446,36.871836268583195,2.2871813926102353,69.36952266363929,119.04287240469284,4.2693459245658305,67.97573494982682,-1.5662422831030298,-3.1478462899001727,43.50170666156338,-8.19049504349818,-1.9608364528818685,425.1829153838753
2023-10-14,3.086015755870001,31.629453714653064,-7.351912719500779,-74.597548872299,20.56830379243995,-24.69630007284195,0.30784745560782767,-13.402611300604539,-6.299880804195276,116.1889871254075,114.77925003416527,10.713284368987686,6.762910145579369,-3.6183768702176,-76.957296105235,39.38414088376276,-18.92645158273811,-0.2299737310880552,-35.91493368839677,41.20351769559102,29.510074514278667,-2.168261851438535,-0.40495995887021685,-36.2139738246527,-13.422508503340367,28.152536297914974,0.5607339368263808,-16.905568385902054,-0.4187968924215628,6.307340657233308,-4.104853852342842,-19.696080978333242,-14.415968134773008,-0.8894196516105666,123.53663610001018,23.14138191379712,-0.7240125185150248,-14.565148746355973,-175.5961467309229,-3.793752456776656,51.14198177561633,-0.6802737058707344,7.861265970313106,584.1212500616241,6.8121176026346575,15.99145233366511,1.553063994744127,15.510271002633635,-17.222450537810722,2.3948236384231016,-3.3708425233988546,-1035.382759704954
2023-10-21,-5.221470186197045,98.45442565548761,1.687033422352858,7.264226513531298,-29.689543968363893,21.9642638397372,-42.23191470627323,15.502715919799737,-7.395588112432998,356.96439915553856,124.1579919469831,8.959559705741118,-22.426696915546202,3.745565960437869,-25.289135627336805,67.61239310170791,32.1551385739204,-22.570437006191767,39.680022748346104,-99.17861840053291,11.090027031789196,1.4803462923143735,4.041128018493946,9.979968564149772,-35.55104459493086,25.53175165068226,1.51435426117156,30.747032722839023,6.423866550755824,-9.068467908313236,-3.640218971550431,-23.56292730376105,0.035486917873218005,-46.7493323095664,-103.97343876429238,34.09528628461908,28.15007158776902,43.974990674377466,-18.354798533741246,-5.915828252354208,44.71481061791861,3.2862197818470062,8.495345588558123,431.9727294128743,18.650542771387258,88.13775373685309,-2.5831890996650024,-36.66265543741308,26.3572909911902,-14.644966636781877,0.72070998043203,4776.219218693828
2023-10-28,15.207098234956412,76.69195429050731,3.002549720131494,7.812041169668134,-277.205791976643,-13.570750274649669,-25.80057878495746,11.660609732156956,-9.783084939808607,262.45683915721446,112.30172835976336,11.251792940907489,11.546486722515084,-13.956415602127343,53.737678941965044,-12.953648859179395,28.2344788426983,-40.433529911282776,64.02977921569975,24.45219740136416,98.1970859295019,8.581024061357828,-4.462400581730947,-28.99997098148407,-9.992667901104056,-19.79596209310064,1.3459151915030425,32.15354188234106,0.3304132545831342,-7.312526400102136,-1.5037591744655643,-108.58782973602837,4.664812210220135,-26.708952342878803,59.97980415963963,11.952398434187586,16.098133729691526,-23.518558477568348,84.30806044860236,1.4337600168947953,87.40033419473438,2.7338513419036277,99.68224066286909,37.91045403581137,18.213588651660437,55.217740989956326,-5.289754022533854,-2.3545377294232708,32.964738081562786,-32.74524836801754,10.353536006762669,478.24325167960706
2023-11-04,25.07720438834852,156.66389173096078,-10.903592087350887,-45.16781650713466,127.16262338436039,13.460168628032548,-55.30003173268054,30.08942052065104,4.81278665578731,156.72369832496648,161.30521098656993,15.010272233972993,14.20122304503468,3.2441359984969065,77.81292348098327,4.765184122148952,9.17204739644913,-92.17489134387512,115.26053184227712,-21.915570727483924,67.97460668427368,8.899941604700551,137.4969842763482,104.58731817306229,193.08667488940165,56.995505992952374,12.58653997249444,33.36012175080524,4.444027011897517,27.355108156954877,7.050010549474313,-222.670203335092,74.53857204401581,46.412435002411584,-222.75733952641662,-41.1213240899892,36.32412984969861,44.99309247838926,-102.18912919415442,7.739319543709743,133.4044227692611,-3.210019736130329,55.11564942587464,724.0409647682351,3.4492809481295073,119.56071165628475,2.6636243466685645,-22.627799862474674,-22.37535679792379,-30.944996676640415,5.179158641739016,5609.413847932605
2023-11-11,25.14064074506026,153.22038580234286,34.32222190734819,-55.406743570108745,-208.92913313292854,-40.527343301819954,-53.2281122547444,33.30903901758256,-0.38929292455446785,217.41431049252887,185.775146534952,27.890689881178965,32.017350716173254,10.849861210067274,-82.35530861448007,-128.69517403547462,-7.928761995901978,-9.459223084895179,83.89017123269352,35.00369672828576,76.33181856682938,8.821915327053373,112.026952095326,96.60658368878443,122.12359994733336,58.77686329830962,19.876269690193304,102.74986983597603,7.164462478951613,23.258469479937062,-1.5631096924427652,-72.66751395364437,124.15111648369125,89.54970594082548,-158.05309703544816,-31.70213996258577,45.50354675109463,-27.355612564427233,-212.2115064751012,11.195619273108495,166.5926304050225,7.035772128689985,166.53193613211675,14.499437331275203,13.18856157833175,65.53734904239923,8.25862650247606,42.68158374923199,14.750730693870103,47.88040783589325,8.550049493635072,-1635.0594875447348
2023-11-18,49.568046993447076,130.5283032468329,34.4028733032098,-19.62337420431561,-169.40148806159976,-16.051526389262108,-4.2689499949623695,27.254530707732798,43.65588346245049,547.6319894859612,120.48474630606532,21.595127747603343,7.603561688124572,53.468948498304925,-30.861364644155458,-74.28194923078132,-26.895099155575167,5.132389243866305,63.185602137200746,71.22003013379043,82.97301136597288,8.573694724232347,111.81447135972127,105.12460284097739,226.62127363956296,130.61210699440235,15.726289877802692,-41.45373445818518,10.062125882670646,17.997416637773863,15.194391142413195,106.66888771060066,120.31019257605692,100.06832303991638,82.66209714749692,-9.112524746919178,-28.58518198073861,39.38138367261163,320.1842475261034,9.684157390195308,137.32209500075928,15.022834175663618,172.27357598036497,399.80858313471344,-12.99025164685827,87.08410310730659,-1.1391310657820686,-18.732184394431027,116.86790530964778,39.287496119036184,20.12282899437237,-140.50685240023904
2023-11-25,85.53910891879924,235.34064619766446,163.88955040160425,336.3673419054961,934.7783973612391,-17.374002360973705,-50.99303883764925,23.838800961381303,23.932081774756963,682.5610598817551,187.2835143492979,17.052692080637858,78.28348979746112,114.93535740797167,-24.496250938428147,-135.91267444725793,-22.915749401783167,211.70220416373368,89.03636070222994,320.8251420981092,163.9624510415251,29.591768779968685,156.28252278319826,180.82811735628403,205.2923871517234,116.98932349312176,33.679886811974505,232.69822973724084,21.28500526211582,-10.758409009285018,5.265881134131818,181.0183697782324,48.840625987154375,237.63888993827447,47.79539632808807,19.633360013480882,50.542618748793856,100.2511244079875,345.78829612363853,8.236646199060608,148.54954746980198,39.40678576128238,64.22377651453262,1296.386169630126,25.307553854528614,126.4774405324025,17.954253601630967,-30.028685702280523,240.90878864216012,28.427618367260397,28.273205398912534,4885.9372803069355
2023-12-02,56.27242639783539,217.32751506299314,182.0758397442943,597.3911469323435,1622.6314977128955,71.6927378558496,160.41900690870898,22.824525495778957,65.26059145848728,951.2367907548695,195.10255977602344,11.124932962341198,164.634118231437,144.06792099966015,872.520334207979,224.45414971217548,165.78576366905892,314.5783309807089,209.18824640747357,423.9568737400839,197.66029714616525,90.38575621769513,165.56632108443358,238.8179030830389,323.65359118480643,138.07003378134078,55.02691946763582,401.73196741536856,46.79607562257692,43.83479110564939,32.7046558381236,366.58629044062496,102.45471076241441,251.0623954594334,182.6935385560951,146.08067053346883,59.467896666844524,382.75733237097916,605.6794239902961,7.55704498538795,70.93843623603635,50.039297843101494,385.9475345573368,1216.915508705747,24.219924216816302,260.05474495890905,31.82303327965464,126.87279421689831,333.89752750690184,161.9275036575631,55.673030195596326,6526.187139554831
2023-12-09,42.99319988258305,75.17487112754269,119.48438247807364,475.8262426714099,871.8523929747993,257.4523007633693,207.1718329966133,16.36219082350898,-6.25467706258703,779.4237495766365,139.79299988644394,19.984852198550985,139.45766848991033,113.66771056915661,412.67230528370527,242.84608634068175,164.4421995374792,330.25702798832225,227.29855160976678,354.8764299756349,126.21016301056338,67.29726456726368,30.5348244282547,106.30053875515594,291.1154713939446,43.571845184902145,88.07725729151662,216.27125539862425,40.157234716836214,37.032828603581564,53.617473605878345,348.3401685868502,124.46669983905922,274.8380906216985,522.8337017078347,274.32937211304403,394.06688101092686,428.34818452400725,746.4445632144774,33.017916010128474,3.961489802727293,51.399370023404856,211.6277266413181,1077.5997993516985,46.73588917977742,234.38808779442218,41.65265397110363,84.91621358772153,297.0658012917139,88.09772438243093,16.28266779231414,12067.815117505614
2023-12-16,18.4127201405338,53.64815497081892,91.40378726831585,348.225089914886,-158.14377112882573,215.3623798507974,199.49947443045357,-57.47986983441657,-7.3162073773650675,807.118574677394,127.24139346602368,23.87819985793235,125.18090763148624,115.7803804054528,-138.9205202616692,215.4956493269673,113.78763632324322,195.34101013164042,54.5756677201471,390.9814960178092,60.8018678182374,134.78281880909364,46.721878162008515,-121.09818694488084,213.3036376477923,1.7551228704546595,53.75180864541271,83.63255157140303,64.0691406094886,69.46306332023156,76.83881904471183,102.05081746954615,160.5000502272892,-0.22366771437513933,684.2444672330864,152.95946293319207,392.5412901119244,344.15151912523703,438.3059799275346,13.42021558759095,44.27976322502179,42.86238546794955,-3.2880320027530736,53.57093057402841,22.02958011916491,50.72752543255038,35.43166043701119,275.8984781641815,58.15538794524002,35.63778159023827,25.70218298500157,16280.301437972317
2023-12-23,29.633106658882834,-40.817556609474934,-254.47180745197926,254.32816841574237,-470.0092009259255,276.02456073656026,29.097684986665072,-7.724814898569189,-32.80655656559763,882.3277079022014,179.04353684154233,30.65866644698447,139.46291757713783,-11.289465725328343,-822.2724883005054,187.26437395858136,43.78302772011324,-947.2599211295219,96.4901159044096,263.3323257456249,-51.65129554537232,49.877884745192645,104.29383532373654,-439.64479234109785,248.24862234589656,-43.98939755546181,21.058685404674286,-124.90324767866986,36.14721958803201,54.23335609452035,75.41493784639489,94.20652632612212,53.636520325526234,-184.66283924620004,408.20397796312716,152.49294598933557,290.5694651717621,231.7768661223963,368.8478969883186,35.98444095976988,92.85992511736646,24.993428911497517,-337.91036810712063,-188.4093164537747,36.91874049314951,146.75955377128776,28.124049434164423,166.55597619628364,-406.46577992689294,-207.6094522578676,28.51521174073155,16501.893146293558
2023-12-30,10.313537565622568,157.76390796413966,67.10666075282704,568.4898421836626,1238.3130083976398,235.19462326757548,118.59146918543544,24.986171661266354,0.742378854840382,1526.8437392350618,380.7105248740863,45.55955768729452,119.37516500934657,108.40447620881378,386.5173452592785,273.5121372613806,106.22431268341529,27.121089924771653,138.02189508997094,3.7533003971539074,177.02777780822703,103.83708594923723,414.16557106049834,-83.16706118327058,294.633474228012,104.78931334763246,4.925337525169137,234.61135281138334,47.2868720406431,87.72106425319652,62.745803780090874,278.8527271490159,98.50498979934908,-9.346149340134971,550.6730950301323,275.5668861587161,10.490937197320932,-305.62349241933833,645.1619934987476,21.422550985685547,292.98701199779066,9.617417266424987,6.73854430818858,1031.8343007333988,51.46009122167175,292.82086545976057,47.566961256762866,185.98431000311268,95.1003755829185,98.80449109336709,22.364720725543272,2881.275157211844
2024-01-06,7.402681357134142,209.41102899563398,202.5575534491223,886.6156616029953,2174.2637978760195,264.17227138603675,184.7514097726431,31.448573915585268,47.36465772948871,1192.8736957755518,712.0943405437569,22.255383143729567,166.73373761648173,-54.3337976281561,254.92225366679997,404.11399855360105,53.42475628613126,-5.997448551561469,301.18713758807803,263.4874497527559,161.1586284448301,33.41614500155543,498.53961053502394,43.92299413757311,90.45857214806023,155.20247611292382,14.88010973351596,633.0627267100415,-0.8905618776203341,73.75530636635561,62.29835126468003,424.06967842155655,238.7195653071921,106.42723053987358,-45.80616549955957,365.18272886600477,213.15431990614096,-450.7601112994708,787.9662632387633,30.738992200275696,391.7927988479603,-6.649649419212107,467.97271460935514,1417.2524261905844,50.701142914972195,371.0843368102064,-2.8627726995664964,137.18212578812881,13.652766837004748,179.0053974518424,50.60274981409081,17192.643958944827
2024-01-13,-12.464193303927573,213.41425854534506,45.33670247189286,973.6547368835523,2612.756500728468,107.50126555230005,59.12465888543193,43.45600157397262,11.197508533943383,951.0921533719597,673.8590871194596,13.402153234249083,-101.23596381916109,54.805467608315595,148.42396315487593,323.5570395041658,39.20513074720168,-60.62830515612549,225.54710625796056,-217.72341982094935,158.5018171146946,-158.86147587395004,-873.3073454139246,75.16427906442607,66.41369019744411,197.05939557802867,109.20471947466784,515.1941121824276,8.079443182061576,17.121501539834743,-12.591477916953345,417.321503623659,111.56270766970412,59.99466686642336,814.6648624805996,406.5358999332965,3.0825155677264604,66.88212667498857,449.9098596054216,27.436851790230328,542.7414143067004,-30.158513616423626,303.24216843429946,750.7368809619427,86.56837886642037,345.9680094493948,-45.32577959277849,83.46741233244956,-32.767789528733886,120.77258245465883,4.258104631018501,10325.06793755531
2024-01-20,-8.031466792274287,87.61911449149318,141.92678476465125,885.6291931310832,1657.2304490193399,87.95222836512572,67.14879380359996,30.022199180933033,33.709233948188924,932.1392059037432,1672.7522778286384,2.918590327835707,-131.12942176043381,57.57743555784286,97.63820328451926,123.58541546080575,25.827451314364108,107.51117317406431,306.361012249386,36.634807667150326,223.54475917956472,-72.01383167680089,-90.05569003392168,95.13649238361853,-35.960454459720665,159.22279536476185,72.82731726522448,622.029241405358,-3.4904406736825138,10.879890041074177,-43.130813157643345,449.18999027680854,81.48251311856514,87.53076275243689,574.7895630633998,422.3317211572288,-211.96992282121943,24.14390429681157,499.89731929565636,19.514471839447353,793.3914317313838,17.18745426180027,345.32397878959017,1291.4315113272476,39.455611927393676,921.3637593443306,-59.54570021772689,156.17477380887397,-82.77797384621994,83.88334658019139,16.93325747813902,9075.708104537014
2024-01-27,-14.652722127140379,266.5131381752288,142.57120642550046,641.892487061731,642.1390801916077,147.51213643818988,66.76670770121282,61.314148392940105,13.279812993883294,513.0509257659132,426.29290418079694,26.62664569044849,-56.298836347876076,43.65828611733506,239.45415528112525,200.17717925098026,7.14401095248062,350.0451704678637,156.63970579464882,305.3661541379282,219.1809785309873,-31.73087420103885,-68.46865729729836,64.6173402310859,32.03559974991208,329.50736350385404,57.937005583709585,497.9480796665662,5.461356685657137,-21.638753257825297,-31.724381471399,479.4817067219488,50.410248575593485,19.07494315197944,540.1346097297903,228.77931433981558,-122.82859783210176,11.412857007358241,358.94035045309886,24.80869117536171,343.19565618503725,-0.614098475009925,310.78241702718867,575.5497995487176,8.74769652062772,447.33316399362167,-32.355278709195304,144.59084011433606,13.113712634242114,66.74521256348962,35.1293094265021,8815.67483629933
2024-02-03,-7.522419437829093,225.39013516028731,156.71808919111933,658.3324024670422,567.4043245147764,78.19873439152519,66.65115345612585,52.64641724060868,26.353438414583053,895.1780585745452,494.7319915027813,19.19326860308687,79.29759710059155,52.97463589246959,407.2044090914721,154.8163870181788,50.126745597591125,204.64335869036134,189.0765744472338,534.913542849583,189.38338380675356,-0.8150563651823362,169.93388082872565,110.34619512244362,160.3630478169003,202.6699733539105,59.89913616370261,379.3223177986737,-3.556135422827783,-4.201067811011448,78.16004933335032,478.6501284862298,104.27796206124268,109.20227149943878,785.9805628068129,241.65335291612885,171.18971368224157,36.34117296700566,311.3991356095835,26.71935717928077,205.08848099996314,25.157765422775352,116.78118237993368,1114.4252561291016,17.418116444207946,335.4020321115731,112.77209680810557,154.7214636841322,382.36721182354654,91.84398147813559,45.10270613327093,9800.278458772726
2024-02-10,-11.580046246524397,127.9594676504159,239.50370018203554,557.5800407311631,1156.8307029798816,115.05235435091149,129.25450518721115,-1.7789663037029984,7.572429100902035,749.3027170113128,579.1806281920611,27.69088978385262,141.26281923575937,50.584048239131995,565.905362560607,298.555422846037,70.21669823883059,250.33352306315504,139.55847774186765,377.73336604200136,145.51646154153414,12.732128043696141,268.51240235222645,150.9597813421277,189.95025532196144,100.37566195467413,55.232691560954045,394.7262046607594,18.340586848631563,-2.370958414057732,12.210728642241499,391.068980103755,98.27798619784474,93.74291621669113,949.9834877953767,495.23724601779986,226.5418631248416,84.05814949338426,369.7922006201627,22.645490043043715,255.42940240689381,18.563249326702532,287.1417108861291,1478.1712628555065,9.94507003158536,358.56623728023817,10.106401635330506,257.26709986832924,81.92756085472561,115.42271562168128,30.09614638097148,13031.094807452693
2024-02-17,-1.179731100746693,130.88351169259693,335.40036609752605,529.0494131287467,557.2811968400603,144.93304088059017,104.37846916719985,15.954014002676898,13.71327138615869,720.1414248986746,375.67623809505716,25.017856473822054,-0.6177168584901267,71.95146385183716,143.75980705817463,296.24511722052324,52.930540902094506,220.82355549343606,148.13706524945042,186.0436100564201,128.97136187362827,27.938334055410905,406.3996582845057,103.63837732094282,271.1740897766452,182.39031497759524,111.2663213203126,365.6581538761915,36.03806010389641,35.180039915687935,12.567976302916447,398.1107657404224,94.60560093590931,88.65217185730879,806.0305750795465,611.9872176112244,420.22437408789875,75.44289933365263,428.72983652650464,22.56213976956557,198.31552051710372,39.7633116685673,158.6211888450618,1973.222989789812,16.794586176008004,232.96666211894401,23.143752317238917,100.93658737529177,72.58402602917258,92.21845853232689,40.460362449588615,14702.310822380827
2024-02-24,11.680987542306191,88.3128645931316,316.2858573302352,367.6229604407291,394.0870640062164,209.3659026601394,164.15000278857366,30.266858912102347,12.823469006528164,665.2216683110576,371.7412829932084,15.405374896648382,152.80815204229552,73.35957584012873,153.22569313654913,422.461282801032,102.95530655305593,299.85689090064733,71.32640284472416,588.3146690423034,74.23932600443273,62.580068943505424,550.9255313146055,133.2185386005438,403.1200391908999,97.30710490955062,66.6311164109631,296.265284843545,35.72758527797966,54.258892746918434,37.90972277365844,387.08778598231845,74.071468666844,-5.376726224138395,621.0797041502481,670.39141175333,424.9695045236452,67.69974247046628,542.6888371432865,24.400380401250445,132.7317827792703,28.37497199363603,259.56478737900363,696.7107302532058,13.975405450423796,142.6803514597884,9.703157396395868,144.64609696630805,163.8561914220485,149.5314320358439,41.08842747592341,12813.055573302703
2024-03-02,17.551106415972413,83.4746537098607,273.25328550372524,192.2000105977387,640.6843570279934,176.64748740395632,107.08836396336707,7.808179295730955,25.389981066246868,494.72185727721234,335.9450879353991,13.26742316115713,100.15261008073657,81.91527992630412,298.97802585611385,426.8358905655426,129.6289050205542,266.95936526763035,53.275770488072105,260.6600511685424,126.77168816578455,68.9788666458267,655.3674130311945,132.69200579029715,330.05101386730007,89.08955901875386,76.7272665951177,81.9317096962674,24.183300449792103,47.9654367279237,36.31003698045729,313.8418467543618,73.32755907930286,66.30436216341236,698.755347479454,708.2697884367806,410.2854989283176,86.77588118954571,492.5017409649401,19.80818859582788,108.98824924893512,21.558608781028425,269.88287963540125,660.5247220563382,16.589503348771416,187.5554253763789,24.875348653860293,87.4018860529496,140.39632750519078,161.35342776435635,30.511312397400722,12968.637106587314
2024-03-09,14.808917880448924,116.37878743738813,319.9163294600543,226.5340487905387,202.96229287516996,104.77851656707972,146.3796381687597,14.834129705427333,35.51283813718857,600.4096790908867,17.866564831046816,13.939829842946887,123.5908251099482,88.01155310293956,165.74965498076574,350.8625581948294,150.63871021021401,235.1103190614357,20.543343055591265,585.4432830522182,88.85228976484294,95.47235025951016,608.8993920102816,196.7641562364463,453.4954278299599,107.4689588581399,38.593387502685005,300.4091820094046,25.107521292651008,82.04385318883179,46.00302263280825,484.1240847385072,107.39409735149754,52.45350327414533,825.6641112935986,653.6547136738764,334.8994229126445,129.5722198703868,349.98945749901515,25.09368066094598,104.98410637586016,38.8668703435675,191.00271657160863,789.9149525609998,19.228093185899475,167.10587599729325,17.628235465359875,59.602770435079265,257.34460072591736,184.6646904049725,38.74817866766664,12056.795958509541
2024-03-16,5.8526656802824775,107.3340719074737,217.91356448743107,206.12773960019558,-84.4740955327527,113.31893121007528,163.93201614842917,13.66517001070875,26.447851081647155,518.5112381650721,76.3553389568709,14.842363657185,162.07774129181817,93.64641892049364,374.6223053511162,363.7621970209527,111.13467865561034,290.8149816410602,118.62200038991918,376.2499830615471,121.02577650478361,68.7465379094364,732.1322509633469,242.86342536935268,483.23995559639275,23.550876150197638,23.18966574877365,179.44629604746666,24.95037138571088,77.93230638632878,40.512125445356745,252.11742760031333,83.46171487485577,21.71433662945853,663.5290285303776,672.8701672926019,-110.29047851424048,50.29068272935996,577.6974492259179,29.065027722549257,108.66882759069489,50.64899247605145,234.056577916224,283.6800831972822,7.051440245867667,134.3802840912596,29.43682396646792,48.918041798611796,152.46928618160047,186.64654125762175,27.44916390633425,11415.16704110612
2024-03-23,10.45410841887378,58.93954784010542,222.70856174466687,142.6517066856586,232.68317231262182,60.40245315220025,158.00239394837183,34.1762321453969,28.622315423244096,582.0775803299326,416.73503704455743,11.76485879021775,206.50352784139162,63.609060187735096,376.8196425212227,239.76039697862822,120.5867757862683,324.4660379539723,93.92126422294578,554.0724871827517,177.29333616935304,56.20643103418229,1033.6112783721778,184.81998765540538,439.0675958355674,48.80839572031414,9.485951648110365,73.88523823315809,19.70874767772053,109.73524668665044,47.162373058481776,361.6652125187171,78.30513306608184,50.90242761099016,812.0648078395466,582.552224046777,193.0064171395764,63.92172303566622,465.6401240961074,16.18518729699713,68.38238113066276,53.95088263687333,226.17690041455165,715.5845371540845,1.6679569046361689,227.3717796754978,31.196885526213695,43.533428962415286,260.16105161287686,143.97344921547352,9.052551329859199,12991.189731428249
2024-03-30,6.656188558985818,89.32254819680499,208.8978089557811,180.78184649409536,316.5291431399023,61.04263201497244,161.8603405039858,55.522347160712236,28.2201079585003,521.9789320767111,0.32280595713538673,16.606234256018382,155.13230072802253,62.921133729519156,489.1484010268671,275.86295185637437,119.44356127597706,166.84404923451388,39.52890506094159,306.7935596424351,128.59434956777733,33.2775027859676,619.1007361736173,177.85694473827343,377.20645168535566,45.56280115483587,37.576496105865075,70.71144245920458,20.086218499918893,81.19487091637815,40.929211192615135,184.90885515082456,52.55949943531818,11.69689899872725,528.5717563766759,577.102637888758,150.12806539492266,84.12649217534698,291.6698320250658,18.021867516280487,92.19799879030612,38.639071249661335,132.90252360479042,509.1813762543386,8.518519946286098,185.18470888981085,22.026995858891972,101.66145420887918,153.23729463407636,111.24776294839577,22.644189623015407,9880.179646840596
2024-04-06,12.498460429909514,82.03928592854093,184.8066592581217,205.81173185332034,253.19002836417116,112.27407868482058,103.82174932490645,6.660486869993331,21.85360399097409,589.2902770406591,80.69373899809042,14.043369462250865,86.47112425634447,58.833164474832884,327.4169780184528,290.8711357595507,78.90084022856114,107.22939778952801,14.279766212807672,327.7424073669887,154.6441926453992,36.68512629963954,431.3793348197229,154.11704810772693,364.1448942710275,68.1764452324599,27.057263348582296,22.835094504274252,37.64503977677173,51.12552170015754,32.63826467781157,194.3679293517388,75.60037661566845,-22.412048879100738,469.19039237710416,345.63272493026295,107.67368776371924,75.72331341192546,206.78891314838233,22.171404084550023,83.28315044792495,33.635539708429384,140.95044289471866,260.6457005130969,9.527159484026892,96.87274135432138,20.05276625549171,57.02391246777958,219.78350204516897,81.34901440942974,18.528260920396264,7053.6582472338105
2024-04-13,14.080202575776731,45.37354261731005,110.22989576562594,160.7463740643011,470.3766825266762,120.44823818152511,119.01751584975187,6.3622702946684555,19.692462398159897,485.0317890319376,-75.61388008139636,12.65453620434263,95.80817846252262,37.92848109941604,126.0280274191636,220.83201699237355,31.24386947900655,101.3701233668665,31.217452515853584,358.1694842734978,121.27993995678973,23.290379921206938,397.8403139328853,136.4249853266743,181.25338933266596,48.539499586285224,24.03002792954741,-4.754557047326415,23.175259144279536,48.96741788705708,14.383107395461655,252.95881382808022,64.32776446316946,75.63645820755954,-18.375888854748354,324.8293217681617,102.7457103419465,122.19432250201663,261.7065461387537,22.436284129622447,64.05115452726002,28.40362167706313,123.15689242538389,413.2471263397465,15.912228533755844,102.89780128592817,14.274998706905919,29.344354660913893,5.009338689529528,65.08321478285666,14.24564606508114,6481.363712829344
2024-04-20,6.366420316747849,62.5381353554277,69.56921887369214,137.58224419726753,59.2445183428874,65.25978153998363,124.98313706644016,31.052250689704543,13.559950302971096,331.0655228896611,72.07965892092551,12.423827877671872,76.17510451880132,50.998011952964525,198.03019127523385,178.8766024779482,41.08855131034258,77.29222403879353,23.56131910575091,266.83576822799637,65.8013824874557,31.74044267203429,361.43348479135545,132.7528613884403,83.98497380755235,67.99268577125548,37.07448064113618,-9.899081724959728,39.68745388359238,64.54703539787809,9.027880650082885,207.4468634886474,115.3660385975247,36.45593438356839,234.0226592945183,296.5682848058334,43.63568481895096,22.659385158652128,272.99151223663836,31.130097286443686,97.2092383956773,34.15618817216971,156.35415359260605,-378.19877609132965,11.385078443465773,8.232446110987112,17.192205364719104,39.6398398244699,153.57699904393945,36.64130309964695,10.16197070782443,4998.931879554774
2024-04-27,6.538891179817725,0.3891330316432686,3.675419633170634,134.35272713569992,74.82271931008466,144.19916111944704,75.66669143453393,13.243057732825864,17.796799264007106,319.8347977791709,74.61922682133547,8.063324883134243,109.94230398020139,50.059538231973164,127.5883146190591,144.40470170461325,29.431585091368035,60.35189587596395,40.301455292738645,211.30546045902088,60.199129318361734,12.066648046112991,403.8505504869677,120.98987702177823,262.3342102521393,38.08271576922333,6.746306752429689,29.704026822112482,14.487722331947008,31.290098692940685,16.171110100297653,140.3627398690562,26.7089108540074,31.16634359516226,355.81471179167715,193.0382829871958,43.76838212832027,26.08341989450838,215.47862162921876,20.47173175473987,53.01233436099926,20.502829725490713,96.42065518663259,64.59245917827519,-2.4606877578284667,81.21698740858386,8.411382849000297,-36.38191765501443,117.19435408123795,40.3257396823091,9.11815587432239,3446.483831810885
